"Transfer # : 31,298 To Stock Point : STREATHAM - S85 - 9 On 02/12/2013  13:26:07",Stock Point : STREATHAM - S85 - 9,,,,,,,,,,,,,,,,,
3393,,Moroccan Coloured glass tealight Holder (12) D,12,£1.29,,The Manager,242 Streatham High Road,London,England,SW16 1BB,,,,,,,,
3985,,Rose Napkin Holder (4),4,£0.99,,,,,,,,,,,,,,
4335,,ast colour star tree deco 4 pk,6,£1.29,,,,,,,,,,,,,,
4348,,scratch and colour craft set,4,£0.99,,,,,,,,,,,,,,
4349,,craftset 6 assorted activities,2,£0.99,,,,,,,,,,,,,,
4350,,dot-dot 3D craftset 5 pieces PP,2,£1.19,,,,,,,,,,,,,,
4358,,glass jar 3 ast colours 12cm,24,£0.99,,,,,,,,,,,,,,
4454,,so des take me away travel set (send out in 3),3,£1.99,,,,,,,,,,,,,,
4456,,so kiss me travel set (SEND IN 3`S),3,£1.99,,,,,,,,,,,,,,
4457,,so kiss me all over ETD100ml spray (send out in 4`,3,£5.29,,,,,,,,,,,,,,
4459,,so exciting body spray (send out in 6),6,£0.59,,,,,,,,,,,,,,
4460,,so exciting ETD 30 ml spray (send out in 3),3,£2.66,,,,,,,,,,,,,,
4464,,so exciting 3 peice box set lip (send in 3`s),3,£2.66,,,,,,,,,,,,,,
4466,,so what ETD 20 ml spray (send out in 6),6,£1.99,,,,,,,,,,,,,,
4468,,so him body spray (send out in 6),6,£0.86,,,,,,,,,,,,,,
4470,,so him max shower gel (send out in 6),6,£0.86,,,,,,,,,,,,,,
4474,,my love ETD 30ml spray (send out in 4),4,£2.66,,,,,,,,,,,,,,
4477,,my love ETD 50ml spray (send out in 3),6,£3.99,,,,,,,,,,,,,,
4479,,you and me 30ml EDT spray (send out in 4),8,£2.66,,,,,,,,,,,,,,
4483,,you and me ETD 50ml spray (send out in 3),3,£3.99,,,,,,,,,,,,,,
4484,,first kiss body spray (send out in 6),6,£0.59,,,,,,,,,,,,,,
4485,,first kiss ETD 30ml spray (send out in 3),3,£2.66,,,,,,,,,,,,,,
4486,,lost in love shower gel (send out in 4),4,£0.86,,,,,,,,,,,,,,
4489,,lost in love 50ml ETD spray (send out in 3),3,£3.29,,,,,,,,,,,,,,
"Transfer # : 31,311 To Stock Point : HASLEMERE On 02/12/2013  14:33:45",Stock Point : HASLEMERE,,,,,The Manager,10/12 petworth Road,Haslemere,,Gu27 2HR,,,,,,,,
1103,,Puzzle Erasers (24) D (6),24.000,£0.99,,,,,,,,,,,,,,
1365,,clear glass sweet jar(12)D,12.000,£0.99,,,,,,,,,,,,,,
3741,,wooden incense box 10 incense (singles),6.000,£1.49,,,,,,,,,,,,,,
3744,,4 asst luxury 30 pack incense (12),6.000,£1.49,,,,,,,,,,,,,,
3745,,asst 20 pack incense sticks (24),12.000,£0.39,,,,,,,,,,,,,,
3828,,icecream pen + lipgloss (24)D,24.000,£0.69,,,,,,,,,,,,,,
3997,,Rimmel nailpolish (36) FB,36.000,£1.29,,,,,,,,,,,,,,
4001,,sleek assorted nailpolish FB (36),36.000,£0.99,,,,,,,,,,,,,,
4015,,square glass tea light holder(6) D,6.000,£0.79,,,,,,,,,,,,,,
4160,,xmas santa letter + pouch,4.000,£0.89,,,,,,,,,,,,,,
4289,,R. Dahl fantastic mr fox book,8.000,£0.99,,,,,,,,,,,,,,
4348,,scratch and colour craft set,4.000,£0.99,,,,,,,,,,,,,,
4349,,craftset 6 assorted activities,4.000,£0.99,,,,,,,,,,,,,,
4350,,dot-dot 3D craftset 5 pieces PP,4.000,£1.19,,,,,,,,,,,,,,
4351,,bag of marbles galaxy theme 6 ast  colours,6.000,£0.99,,,,,,,,,,,,,,
4352,,watercolour paint set 18 colour in set,4.000,£0.99,,,,,,,,,,,,,,
4356,,bath duck12 ast colours,6.000,£1.19,,,,,,,,,,,,,,
4412,,wooden whistle train,4.000,£1.19,,,,,,,,,,,,,,
4431,,pack 6 felt tip pens,4.000,£0.59,,,,,,,,,,,,,,
4432,,puzzle 3D dinosaurs,4.000,£0.99,,,,,,,,,,,,,,
4433,,mini craft set 5 assorted,4.000,£0.99,,,,,,,,,,,,,,
4434,,treasure kit 9 assorted,4.000,£0.99,,,,,,,,,,,,,,
4442,,magic tricks 4 assorted,4.000,£1.19,,,,,,,,,,,,,,
4494,,Miffy mechanical pencil (40)d,40.000,£0.39,,,,,,,,,,,,,,
,,,,,,,,,,,,,,,,,,
,,,,,,,,,,,,,,,,,,
,,,,,,,,,,,,,,,,,,
,,,,,,,,,,,,,,,,,,
