"Transfer # : 31,373 To Stock Point : ALTON On 09/12/2013  15:51:34",Stock Point : ALTON,,,,,The Manager,51 High Street,Alton,Hants,GU34 1AW
1006,,assorted Men's Trilby Hat,2.000,£2.99,,,,,,
1103,,Puzzle Erasers (24) D (6),24.000,£0.99,,,,,,
1365,,clear glass sweet jar(12)D,24.000,£0.99,,,,,,
2269,,*Flitter Let It Snow,5.000,£3.99,,,,,,
3361,,*Silver Pack of 4 Beaded Napkin Ring (12),6.000,£0.79,,,,,,
3368,,*Grey Pack of 4 Beaded Napkin ring (12),6.000,£0.79,,,,,,
3370,,*Silver Pack of 4 Beaded Coaster (12),6.000,£0.79,,,,,,
3540,,Scented sachets 10 grams hanging (10)D,20.000,£0.29,,,,,,
3542,,Polyresin Keyring Owl asst in Gift Bag (24),24.000,£1.29,,,,,,
3559,,Plastic grabber figurines 4 assorted,8.000,£0.79,,,,,,
3593,,Metal Tweezer trendy Girls  (24) D,24.000,£0.99,,,,,,
3609,,*WTP 3 way scribble book,4.000,£0.69,,,,,,
3642,,*Access 3x Pris Curl Ribb,4.000,£0.49,,,,,,
3644,,*Bags Bottle Photo Kitten,6.000,£0.29,,,,,,
3646,,*partyware cups 6x9 oz santa & sn,8.000,£0.49,,,,,,
3649,,*Partyware Plates Rnd Trad,6.000,£0.29,,,,,,
3653,,*tags xmas 12 double layer,12.000,£0.49,,,,,,
3654,,*wrap xmas foiled sheets with tags,24.000,£0.49,,,,,,
3729,,*xmas heart dec (singles),6.000,£0.49,,,,,,
3733,,gilt floral heart wall hanger (singles),4.000,£1.49,,,,,,
3741,,wooden incense box 10 incense (singles),12.000,£1.49,,,,,,
3744,,4 asst luxury 30 pack incense (12),12.000,£1.49,,,,,,
3745,,asst 20 pack incense sticks (24),12.000,£0.39,,,,,,
3828,,icecream pen + lipgloss (24)D,24.000,£0.69,,,,,,
3837,,ring strap tote asst colour,2.000,£5.99,,,,,,
3841,,metal clasp asst shoulder bag,2.000,£4.99,,,,,,
3997,,Rimmel nailpolish (36) FB,36.000,£1.29,,,,,,
3999,,Zuri boxed bodybuffer exfoliator,6.000,£1.29,,,,,,
4016,,*rd clear tea light holder6(D),6.000,£0.39,,,,,,
4078,,*slimline traditional assorted calender,6.000,£0.49,,,,,,
4079,,*slimline scenery calender,6.000,£0.49,,,,,,
4080,,*slimline pet animal calender,6.000,£0.49,,,,,,
4081,,*slim nature animal calender,6.000,£0.49,,,,,,
4082,,*slimline scotland calender,6.000,£0.49,,,,,,
4083,,*medium scotland calender,6.000,£0.69,,,,,,
4084,,*med cupcakes baking calender,6.000,£0.69,,,,,,
4085,,*med photo flowers calender,6.000,£0.69,,,,,,
4088,,*slim diary on header card,6.000,£0.49,,,,,,
4089,,*silm photo favourites calender,6.000,£0.69,,,,,,
4095,,*xmas med blue gift bag trees,12.000,£0.29,,,,,,
4098,,*xmas 3 mixed size gift bag,12.000,£0.69,,,,,,
4099,,*xmas pack 3 bottle bags,12.000,£0.49,,,,,,
4148,,*xmas puppy photo bottle bag,6.000,£0.29,,,,,,
4150,,*box of choc/champagne/gold string and bows,8.000,£0.49,,,,,,
4154,,*12 gift tag joy/noel/tree/ball,12.000,£0.19,,,,,,
4156,,*xmas 4 sheet wrap with 4 tag,12.000,£0.39,,,,,,
4157,,*6 mini cracker puppy + kitten,8.000,£0.49,,,,,,
4158,,*xmas 6 mini cute cracker,4.000,£0.49,,,,,,
4159,,*santa stop here decoration,8.000,£0.49,,,,,,
4160,,*xmas santa letter + pouch,8.000,£0.49,,,,,,
4163,,*xmas activity craft pad,6.000,£0.49,,,,,,
4164,,*actvity M.Y.O xmas scene,6.000,£0.49,,,,,,
4165,,*candycane/stocking stickers,6.000,£0.49,,,,,,
4167,,*activity stop santa sign,4.000,£0.49,,,,,,
4168,,*activity count down to xmas,6.000,£0.49,,,,,,
4178,,*xmas santa melamine dip plate,6.000,£0.69,,,,,,
4180,,*xmas santa belt sack,12.000,£1.19,,,,,,
4181,,*xmas adult santa hat + beard,6.000,£0.99,,,,,,
4184,,*xmas pet bandana,6.000,£0.39,,,,,,
4288,,morph magnets,6.000,£1.29,,,,,,
4289,,R. Dahl fantastic mr fox book,8.000,£0.99,,,,,,
4293,,bling ring popsicle,4.000,£0.89,,,,,,
4324,,small tin box,6.000,£1.29,,,,,,
4325,,medium tin box,6.000,£1.49,,,,,,
4330,,sponge bob protector watch,6.000,£2.99,,,,,,
4333,,diamante false eyelashes (6)in,6.000,£0.99,,,,,,
4343,,*t-light holder silver or red,6.000,£0.39,,,,,,
4348,,scratch and colour craft set,4.000,£0.99,,,,,,
4349,,craftset 6 assorted activities,6.000,£0.99,,,,,,
4350,,dot-dot 3D craftset 5 pieces PP,4.000,£1.19,,,,,,
4351,,bag of marbles galaxy theme 6 ast  colours,4.000,£0.99,,,,,,
4352,,watercolour paint set 18 colour in set,4.000,£0.99,,,,,,
4356,,bath duck12 ast colours,4.000,£1.19,,,,,,
4357,,*red/wht cookie cutters 10 pk,4.000,£0.59,,,,,,
4360,,mens fleece gloves ast colour,14.000,£1.99,,,,,,
4364,,Hello Kitty bubbles,36.000,£0.69,,,,,,
4391,,*3 piece dog stocking,4.000,£0.89,,,,,,
4392,,*4 piece cat stocking,4.000,£0.89,,,,,,
4431,,pack 6 felt tip pens,6.000,£0.59,,,,,,
4434,,treasure kit 9 assorted,4.000,£0.99,,,,,,
4435,,pom pom 2 pc pink/purple,4.000,£1.19,,,,,,
4450,,'So on the beach' body spray(send out in 6),6.000,£0.59,,,,,,
4451,,shp till you drp bdy fragrance (SEND IN 6`S),6.000,£0.59,,,,,,
4454,,so des take me away travel set (send out in 3),6.000,£1.99,,,,,,
4456,,so kiss me travel set (SEND IN 3`S),3.000,£1.99,,,,,,
4459,,so exciting body spray (send out in 6),12.000,£0.59,,,,,,
4463,,so excitng cute together 2 box set (send out in 3),3.000,£1.99,,,,,,
4464,,so exciting 3 peice box set lip (send in 3`s),6.000,£2.66,,,,,,
4466,,so what ETD 20 ml spray (send out in 6),12.000,£1.99,,,,,,
4468,,so him body spray (send out in 6),6.000,£0.86,,,,,,
4470,,so him max shower gel (send out in 6),12.000,£0.86,,,,,,
4471,,so chilled shower gel mens (send out in 6),6.000,£0.86,,,,,,
4473,,so brit body frangrance (send out in 6),6.000,£0.59,,,,,,
4474,,my love ETD 30ml spray (send out in 4),4.000,£2.66,,,,,,
4477,,my love ETD 50ml spray (send out in 3),6.000,£3.99,,,,,,
4478,,you and me body fragrance (send out in 6),12.000,£0.59,,,,,,
4479,,you and me 30ml EDT spray (send out in 4),4.000,£2.66,,,,,,
4481,,you and me body scrub (send out in 4),4.000,£0.86,,,,,,
4483,,you and me ETD 50ml spray (send out in 3),6.000,£3.99,,,,,,
4484,,first kiss body spray (send out in 6),6.000,£0.59,,,,,,
4485,,first kiss ETD 30ml spray (send out in 3),3.000,£2.66,,,,,,
4489,,lost in love 50ml ETD spray (send out in 3),6.000,£3.29,,,,,,
4493,,Star Wars ballpoint pen (24)d,24.000,£0.39,,,,,,
4494,,Miffy mechanical pencil (40)d,40.000,£0.39,,,,,,
4500,,Morgan vanilla hand lotion (12)d,12.000,£1.29,,,,,,
4501,,Morgan vanilla body lotion (12)d,6.000,£1.29,,,,,,
4505,,Bullyland Disney cars Dinoco Mcqueen model,6.000,£0.99,,,,,,
4895,,*3/4 collarless yellow top,2.000,£2.69,,,,,,
4922,,go go puzzle notebook,2.000,£0.99,,,,,,
4926,,cars cup with straw,2.000,£1.49,,,,,,
4946,,minnie sports cup,2.000,£1.49,,,,,,
9622,,Christmas Sitting Ceramic green Angels,6.000,£0.89,,,,,,
9623,,Christmas Wrapped Standing green  Ceramic Angel,12.000,£0.29,,,,,,
9996,,Angel Heart Magnet (12)in,12.000,£0.99,,,,,,
"Transfer # : 31,374 To Stock Point : BRIGHTON KEMPTOWN - B65 - 9 On 09/12/2013  15:51:38",Stock Point : BRIGHTON KEMPTOWN - B65 - 9,,,,,Jan,13 St James’s Street,Brighton,England,BN2 1RE
1103,,Puzzle Erasers (24) D (6),24.000,£0.99,,,,,,
2269,,*Flitter Let It Snow,10.000,£3.99,,,,,,
2271,,London Tower Bridge,10.000,£3.99,,,,,,
2345,,Retro Queen Teabag Holder (12) D,12.000,£0.69,,,,,,
3414,,Tartan flittered parading owls2013,6.000,£3.99,,,,,,
3417,,Edinburgh flittered fireworks 2013,10.000,£3.99,,,,,,
3542,,Polyresin Keyring Owl asst in Gift Bag (24),24.000,£1.29,,,,,,
3559,,Plastic grabber figurines 4 assorted,8.000,£0.79,,,,,,
3593,,Metal Tweezer trendy Girls  (24) D,24.000,£0.99,,,,,,
3609,,*WTP 3 way scribble book,4.000,£0.69,,,,,,
3642,,*Access 3x Pris Curl Ribb,4.000,£0.49,,,,,,
3644,,*Bags Bottle Photo Kitten,6.000,£0.29,,,,,,
3646,,*partyware cups 6x9 oz santa & sn,8.000,£0.49,,,,,,
3649,,*Partyware Plates Rnd Trad,6.000,£0.29,,,,,,
3653,,*tags xmas 12 double layer,4.000,£0.49,,,,,,
3654,,*wrap xmas foiled sheets with tags,24.000,£0.49,,,,,,
3729,,*xmas heart dec (singles),6.000,£0.49,,,,,,
3744,,4 asst luxury 30 pack incense (12),12.000,£1.49,,,,,,
3745,,asst 20 pack incense sticks (24),12.000,£0.39,,,,,,
3828,,icecream pen + lipgloss (24)D,24.000,£0.69,,,,,,
3997,,Rimmel nailpolish (36) FB,36.000,£1.29,,,,,,
3999,,Zuri boxed bodybuffer exfoliator,6.000,£1.29,,,,,,
4016,,*rd clear tea light holder6(D),6.000,£0.39,,,,,,
4078,,*slimline traditional assorted calender,6.000,£0.49,,,,,,
4079,,*slimline scenery calender,6.000,£0.49,,,,,,
4080,,*slimline pet animal calender,6.000,£0.49,,,,,,
4081,,*slim nature animal calender,6.000,£0.49,,,,,,
4082,,*slimline scotland calender,6.000,£0.49,,,,,,
4083,,*medium scotland calender,6.000,£0.69,,,,,,
4084,,*med cupcakes baking calender,6.000,£0.69,,,,,,
4085,,*med photo flowers calender,6.000,£0.69,,,,,,
4088,,*slim diary on header card,6.000,£0.49,,,,,,
4089,,*silm photo favourites calender,6.000,£0.69,,,,,,
4095,,*xmas med blue gift bag trees,12.000,£0.29,,,,,,
4098,,*xmas 3 mixed size gift bag,12.000,£0.69,,,,,,
4099,,*xmas pack 3 bottle bags,12.000,£0.49,,,,,,
4148,,*xmas puppy photo bottle bag,6.000,£0.29,,,,,,
4150,,*box of choc/champagne/gold string and bows,8.000,£0.49,,,,,,
4154,,*12 gift tag joy/noel/tree/ball,12.000,£0.19,,,,,,
4156,,*xmas 4 sheet wrap with 4 tag,12.000,£0.39,,,,,,
4157,,*6 mini cracker puppy + kitten,4.000,£0.49,,,,,,
4158,,*xmas 6 mini cute cracker,4.000,£0.49,,,,,,
4159,,*santa stop here decoration,8.000,£0.49,,,,,,
4160,,*xmas santa letter + pouch,8.000,£0.49,,,,,,
4163,,*xmas activity craft pad,4.000,£0.49,,,,,,
4164,,*actvity M.Y.O xmas scene,6.000,£0.49,,,,,,
4165,,*candycane/stocking stickers,6.000,£0.49,,,,,,
4167,,*activity stop santa sign,4.000,£0.49,,,,,,
4168,,*activity count down to xmas,6.000,£0.49,,,,,,
4178,,*xmas santa melamine dip plate,4.000,£0.69,,,,,,
4180,,*xmas santa belt sack,3.000,£1.19,,,,,,
4181,,*xmas adult santa hat + beard,6.000,£0.99,,,,,,
4184,,*xmas pet bandana,6.000,£0.39,,,,,,
4289,,R. Dahl fantastic mr fox book,8.000,£0.99,,,,,,
4304,,blk moon shaped shldr bag,1.000,£6.99,,,,,,
4324,,small tin box,6.000,£1.29,,,,,,
4325,,medium tin box,6.000,£1.49,,,,,,
4330,,sponge bob protector watch,6.000,£2.99,,,,,,
4333,,diamante false eyelashes (6)in,6.000,£0.99,,,,,,
4343,,*t-light holder silver or red,6.000,£0.39,,,,,,
4348,,scratch and colour craft set,4.000,£0.99,,,,,,
4356,,bath duck12 ast colours,4.000,£1.19,,,,,,
4360,,mens fleece gloves ast colour,6.000,£1.99,,,,,,
4391,,*3 piece dog stocking,4.000,£0.89,,,,,,
4392,,*4 piece cat stocking,4.000,£0.89,,,,,,
4421,,earmuffs with fake fur lining,12.000,£0.99,,,,,,
4450,,'So on the beach' body spray(send out in 6),6.000,£0.59,,,,,,
4451,,shp till you drp bdy fragrance (SEND IN 6`S),6.000,£0.59,,,,,,
4453,,so desirable to go travel set (send out in 3),1.000,£1.99,,,,,,
4454,,so des take me away travel set (send out in 3),6.000,£1.99,,,,,,
4456,,so kiss me travel set (SEND IN 3`S),3.000,£1.99,,,,,,
4457,,so kiss me all over ETD100ml spray (send out in 4`,4.000,£5.29,,,,,,
4458,,so kiss me all over ETD 50ml,3.000,£3.99,,,,,,
4459,,so exciting body spray (send out in 6),12.000,£0.59,,,,,,
4460,,so exciting ETD 30 ml spray (send out in 3),3.000,£2.66,,,,,,
4463,,so excitng cute together 2 box set (send out in 3),3.000,£1.99,,,,,,
4464,,so exciting 3 peice box set lip (send in 3`s),6.000,£2.66,,,,,,
4466,,so what ETD 20 ml spray (send out in 6),12.000,£1.99,,,,,,
4468,,so him body spray (send out in 6),6.000,£0.86,,,,,,
4470,,so him max shower gel (send out in 6),12.000,£0.86,,,,,,
4471,,so chilled shower gel mens (send out in 6),6.000,£0.86,,,,,,
4473,,so brit body frangrance (send out in 6),6.000,£0.59,,,,,,
4474,,my love ETD 30ml spray (send out in 4),4.000,£2.66,,,,,,
4475,,my love shower gel (send out in 4),4.000,£0.86,,,,,,
4477,,my love ETD 50ml spray (send out in 3),6.000,£3.99,,,,,,
4478,,you and me body fragrance (send out in 6),12.000,£0.59,,,,,,
4479,,you and me 30ml EDT spray (send out in 4),4.000,£2.66,,,,,,
4481,,you and me body scrub (send out in 4),4.000,£0.86,,,,,,
4483,,you and me ETD 50ml spray (send out in 3),6.000,£3.99,,,,,,
4484,,first kiss body spray (send out in 6),6.000,£0.59,,,,,,
4485,,first kiss ETD 30ml spray (send out in 3),3.000,£2.66,,,,,,
4489,,lost in love 50ml ETD spray (send out in 3),6.000,£3.29,,,,,,
4500,,Morgan vanilla hand lotion (12)d,12.000,£1.29,,,,,,
4501,,Morgan vanilla body lotion (12)d,6.000,£1.29,,,,,,
4664,,Black oversize smock blouse,1.000,£5.99,,,,,,
9622,,Christmas Sitting Ceramic green Angels,6.000,£0.89,,,,,,
9623,,Christmas Wrapped Standing green  Ceramic Angel,12.000,£0.29,,,,,,
9708,,Chalk (4),4.000,£0.59,,,,,,
"Transfer # : 31,375 To Stock Point : CARLISLE - C12 - 9 On 09/12/2013  15:51:40",Stock Point : CARLISLE - C12 - 9,,,,,Roseann Dickinson,26/28 Scotch Street,Carlisle,Cumbria,CA3 8PX
1103,,Puzzle Erasers (24) D (6),24.000,£0.99,,,,,,
1787,,New Small Glider (48) D,24.000,£0.29,,,,,,
2269,,*Flitter Let It Snow,5.000,£3.99,,,,,,
3358,,Metal Tealight Latern (12)in,12.000,£1.49,,,,,,
3360,,*Red Pack of 4 Beaded Napkin Ring (12),12.000,£0.79,,,,,,
3363,,*Black Pack of 4 Beaded Napkin Ring (12),12.000,£0.79,,,,,,
3369,,*Red Pack of 4 Beaded Coaster (12),12.000,£0.79,,,,,,
3393,,Moroccan Coloured glass tealight Holder (12) D,12.000,£1.29,,,,,,
3540,,Scented sachets 10 grams hanging (10)D,10.000,£0.29,,,,,,
3542,,Polyresin Keyring Owl asst in Gift Bag (24),24.000,£1.29,,,,,,
3545,,Ceramic Figure Russian Doll 3 Colours,6.000,£0.59,,,,,,
3559,,Plastic grabber figurines 4 assorted,8.000,£0.79,,,,,,
3598,,Thai Buddha in gift bag (24),24.000,£1.29,,,,,,
3602,,*Activity Messy Mat,4.000,£0.69,,,,,,
3609,,*WTP 3 way scribble book,4.000,£0.69,,,,,,
3642,,*Access 3x Pris Curl Ribb,4.000,£0.49,,,,,,
3644,,*Bags Bottle Photo Kitten,6.000,£0.29,,,,,,
3646,,*partyware cups 6x9 oz santa & sn,8.000,£0.49,,,,,,
3649,,*Partyware Plates Rnd Trad,24.000,£0.29,,,,,,
3653,,*tags xmas 12 double layer,4.000,£0.49,,,,,,
3654,,*wrap xmas foiled sheets with tags,24.000,£0.49,,,,,,
3660,,*Activity craft packs,12.000,£0.49,,,,,,
3729,,*xmas heart dec (singles),12.000,£0.49,,,,,,
3744,,4 asst luxury 30 pack incense (12),12.000,£1.49,,,,,,
3745,,asst 20 pack incense sticks (24),12.000,£0.39,,,,,,
3828,,icecream pen + lipgloss (24)D,24.000,£0.69,,,,,,
3835,,salt + pepper cockerel set,4.000,£1.59,,,,,,
3844,,jeans I phone cover,6.000,£0.99,,,,,,
3997,,Rimmel nailpolish (36) FB,36.000,£1.29,,,,,,
3999,,Zuri boxed bodybuffer exfoliator,6.000,£1.29,,,,,,
4016,,*rd clear tea light holder6(D),6.000,£0.39,,,,,,
4072,,3 ass 50ml difusser in box,6.000,£1.49,,,,,,
4075,,4 assorted 30 pack incense in tube (12)in,12.000,£1.49,,,,,,
4078,,*slimline traditional assorted calender,6.000,£0.49,,,,,,
4079,,*slimline scenery calender,6.000,£0.49,,,,,,
4080,,*slimline pet animal calender,8.000,£0.49,,,,,,
4081,,*slim nature animal calender,8.000,£0.49,,,,,,
4082,,*slimline scotland calender,6.000,£0.49,,,,,,
4083,,*medium scotland calender,6.000,£0.69,,,,,,
4084,,*med cupcakes baking calender,6.000,£0.69,,,,,,
4085,,*med photo flowers calender,6.000,£0.69,,,,,,
4088,,*slim diary on header card,6.000,£0.49,,,,,,
4089,,*silm photo favourites calender,6.000,£0.69,,,,,,
4095,,*xmas med blue gift bag trees,12.000,£0.29,,,,,,
4098,,*xmas 3 mixed size gift bag,12.000,£0.69,,,,,,
4099,,*xmas pack 3 bottle bags,12.000,£0.49,,,,,,
4148,,*xmas puppy photo bottle bag,6.000,£0.29,,,,,,
4150,,*box of choc/champagne/gold string and bows,8.000,£0.49,,,,,,
4154,,*12 gift tag joy/noel/tree/ball,14.000,£0.19,,,,,,
4156,,*xmas 4 sheet wrap with 4 tag,12.000,£0.39,,,,,,
4157,,*6 mini cracker puppy + kitten,4.000,£0.49,,,,,,
4158,,*xmas 6 mini cute cracker,4.000,£0.49,,,,,,
4159,,*santa stop here decoration,8.000,£0.49,,,,,,
4160,,*xmas santa letter + pouch,8.000,£0.49,,,,,,
4163,,*xmas activity craft pad,4.000,£0.49,,,,,,
4164,,*actvity M.Y.O xmas scene,6.000,£0.49,,,,,,
4165,,*candycane/stocking stickers,6.000,£0.49,,,,,,
4167,,*activity stop santa sign,4.000,£0.49,,,,,,
4168,,*activity count down to xmas,6.000,£0.49,,,,,,
4178,,*xmas santa melamine dip plate,4.000,£0.69,,,,,,
4180,,*xmas santa belt sack,3.000,£1.19,,,,,,
4181,,*xmas adult santa hat + beard,6.000,£0.99,,,,,,
4184,,*xmas pet bandana,4.000,£0.39,,,,,,
4289,,R. Dahl fantastic mr fox book,8.000,£0.99,,,,,,
4324,,small tin box,6.000,£1.29,,,,,,
4325,,medium tin box,6.000,£1.49,,,,,,
4327,,*oval meat platter,2.000,£1.49,,,,,,
4330,,sponge bob protector watch,6.000,£2.99,,,,,,
4333,,diamante false eyelashes (6)in,6.000,£0.99,,,,,,
4343,,*t-light holder silver or red,6.000,£0.39,,,,,,
4348,,scratch and colour craft set,4.000,£0.99,,,,,,
4352,,watercolour paint set 18 colour in set,2.000,£0.99,,,,,,
4356,,bath duck12 ast colours,4.000,£1.19,,,,,,
4358,,glass jar 3 ast colours 12cm,12.000,£0.99,,,,,,
4360,,mens fleece gloves ast colour,4.000,£1.99,,,,,,
4391,,*3 piece dog stocking,4.000,£0.89,,,,,,
4392,,*4 piece cat stocking,12.000,£0.89,,,,,,
4423,,polyresin buddha on display (12)in,12.000,£1.29,,,,,,
4450,,'So on the beach' body spray(send out in 6),6.000,£0.59,,,,,,
4451,,shp till you drp bdy fragrance (SEND IN 6`S),6.000,£0.59,,,,,,
4454,,so des take me away travel set (send out in 3),6.000,£1.99,,,,,,
4456,,so kiss me travel set (SEND IN 3`S),3.000,£1.99,,,,,,
4459,,so exciting body spray (send out in 6),12.000,£0.59,,,,,,
4463,,so excitng cute together 2 box set (send out in 3),3.000,£1.99,,,,,,
4464,,so exciting 3 peice box set lip (send in 3`s),6.000,£2.66,,,,,,
4465,,so extng tke me awy travelset (send out in 6),6.000,£1.99,,,,,,
4466,,so what ETD 20 ml spray (send out in 6),12.000,£1.99,,,,,,
4468,,so him body spray (send out in 6),6.000,£0.86,,,,,,
4470,,so him max shower gel (send out in 6),12.000,£0.86,,,,,,
4471,,so chilled shower gel mens (send out in 6),6.000,£0.86,,,,,,
4473,,so brit body frangrance (send out in 6),6.000,£0.59,,,,,,
4474,,my love ETD 30ml spray (send out in 4),4.000,£2.66,,,,,,
4477,,my love ETD 50ml spray (send out in 3),6.000,£3.99,,,,,,
4478,,you and me body fragrance (send out in 6),12.000,£0.59,,,,,,
4479,,you and me 30ml EDT spray (send out in 4),4.000,£2.66,,,,,,
4481,,you and me body scrub (send out in 4),4.000,£0.86,,,,,,
4483,,you and me ETD 50ml spray (send out in 3),6.000,£3.99,,,,,,
4484,,first kiss body spray (send out in 6),6.000,£0.59,,,,,,
4485,,first kiss ETD 30ml spray (send out in 3),3.000,£2.66,,,,,,
4489,,lost in love 50ml ETD spray (send out in 3),6.000,£3.29,,,,,,
4500,,Morgan vanilla hand lotion (12)d,12.000,£1.29,,,,,,
4501,,Morgan vanilla body lotion (12)d,6.000,£1.29,,,,,,
4504,,Bullyland disney cars sally model,4.000,£0.99,,,,,,
4506,,Chuggington bubble bath (12)d,4.000,£0.59,,,,,,
4527,,spiderman wall clock,2.000,£2.99,,,,,,
4528,,spiderman table-top bskt-ball,2.000,£1.89,,,,,,
4893,,3/4 collarless ryl blue top,2.000,£2.69,,,,,,
4923,,Go Go creator Pack,2.000,£0.99,,,,,,
6235,,Worry Stones Marble Box Display (36),36.000,£0.69,,,,,,
9622,,Christmas Sitting Ceramic green Angels,6.000,£0.89,,,,,,
9623,,Christmas Wrapped Standing green  Ceramic Angel,12.000,£0.29,,,,,,
9708,,Chalk (4),4.000,£0.59,,,,,,
"Transfer # : 31,376 To Stock Point : GLASGOW (POLL) - G41- 9 On 09/12/2013  15:51:42",Stock Point : GLASGOW (POLL) - G41- 9,,,,,nicola,1145 Pollockshaws Road,Glasgow,Scotland,G41 3YH
1103,,Puzzle Erasers (24) D (6),24.000,£0.99,,,,,,
1365,,clear glass sweet jar(12)D,12.000,£0.99,,,,,,
1787,,New Small Glider (48) D,48.000,£0.29,,,,,,
3370,,*Silver Pack of 4 Beaded Coaster (12),4.000,£0.79,,,,,,
3540,,Scented sachets 10 grams hanging (10)D,10.000,£0.29,,,,,,
3542,,Polyresin Keyring Owl asst in Gift Bag (24),24.000,£1.29,,,,,,
3545,,Ceramic Figure Russian Doll 3 Colours,6.000,£0.59,,,,,,
3559,,Plastic grabber figurines 4 assorted,8.000,£0.79,,,,,,
3563,,Rubber Bands Lucky Bands 4 Animal (singles),12.000,£0.29,,,,,,
3609,,*WTP 3 way scribble book,4.000,£0.69,,,,,,
3611,,*WTP large pencil case,2.000,£0.69,,,,,,
3642,,*Access 3x Pris Curl Ribb,4.000,£0.49,,,,,,
3644,,*Bags Bottle Photo Kitten,6.000,£0.29,,,,,,
3646,,*partyware cups 6x9 oz santa & sn,8.000,£0.49,,,,,,
3649,,*Partyware Plates Rnd Trad,6.000,£0.29,,,,,,
3653,,*tags xmas 12 double layer,4.000,£0.49,,,,,,
3654,,*wrap xmas foiled sheets with tags,24.000,£0.49,,,,,,
3729,,*xmas heart dec (singles),6.000,£0.49,,,,,,
3730,,6 in 1  assorted incense sticks( singles),8.000,£1.29,,,,,,
3741,,wooden incense box 10 incense (singles),8.000,£1.49,,,,,,
3744,,4 asst luxury 30 pack incense (12),12.000,£1.49,,,,,,
3745,,asst 20 pack incense sticks (24),12.000,£0.39,,,,,,
3828,,icecream pen + lipgloss (24)D,24.000,£0.69,,,,,,
3976,,Teapot Penpot (4),4.000,£0.49,,,,,,
3977,,Wildflower Penpot (4),8.000,£0.49,,,,,,
3997,,Rimmel nailpolish (36) FB,36.000,£1.29,,,,,,
3999,,Zuri boxed bodybuffer exfoliator,6.000,£1.29,,,,,,
4016,,*rd clear tea light holder6(D),6.000,£0.39,,,,,,
4072,,3 ass 50ml difusser in box,4.000,£1.49,,,,,,
4075,,4 assorted 30 pack incense in tube (12)in,6.000,£1.49,,,,,,
4078,,*slimline traditional assorted calender,6.000,£0.49,,,,,,
4079,,*slimline scenery calender,6.000,£0.49,,,,,,
4080,,*slimline pet animal calender,6.000,£0.49,,,,,,
4081,,*slim nature animal calender,6.000,£0.49,,,,,,
4082,,*slimline scotland calender,6.000,£0.49,,,,,,
4083,,*medium scotland calender,6.000,£0.69,,,,,,
4084,,*med cupcakes baking calender,6.000,£0.69,,,,,,
4085,,*med photo flowers calender,6.000,£0.69,,,,,,
4088,,*slim diary on header card,6.000,£0.49,,,,,,
4089,,*silm photo favourites calender,6.000,£0.69,,,,,,
4095,,*xmas med blue gift bag trees,12.000,£0.29,,,,,,
4098,,*xmas 3 mixed size gift bag,12.000,£0.69,,,,,,
4099,,*xmas pack 3 bottle bags,12.000,£0.49,,,,,,
4148,,*xmas puppy photo bottle bag,6.000,£0.29,,,,,,
4150,,*box of choc/champagne/gold string and bows,8.000,£0.49,,,,,,
4154,,*12 gift tag joy/noel/tree/ball,12.000,£0.19,,,,,,
4156,,*xmas 4 sheet wrap with 4 tag,12.000,£0.39,,,,,,
4157,,*6 mini cracker puppy + kitten,4.000,£0.49,,,,,,
4158,,*xmas 6 mini cute cracker,6.000,£0.49,,,,,,
4159,,*santa stop here decoration,8.000,£0.49,,,,,,
4160,,*xmas santa letter + pouch,8.000,£0.49,,,,,,
4163,,*xmas activity craft pad,4.000,£0.49,,,,,,
4164,,*actvity M.Y.O xmas scene,6.000,£0.49,,,,,,
4165,,*candycane/stocking stickers,6.000,£0.49,,,,,,
4167,,*activity stop santa sign,4.000,£0.49,,,,,,
4168,,*activity count down to xmas,6.000,£0.49,,,,,,
4171,,spiderman scribble set,4.000,£1.29,,,,,,
4178,,*xmas santa melamine dip plate,4.000,£0.69,,,,,,
4180,,*xmas santa belt sack,3.000,£1.19,,,,,,
4181,,*xmas adult santa hat + beard,6.000,£0.99,,,,,,
4184,,*xmas pet bandana,12.000,£0.39,,,,,,
4289,,R. Dahl fantastic mr fox book,8.000,£0.99,,,,,,
4292,,fish popsicle,4.000,£0.89,,,,,,
4293,,bling ring popsicle,4.000,£0.89,,,,,,
4324,,small tin box,6.000,£1.29,,,,,,
4325,,medium tin box,6.000,£1.49,,,,,,
4330,,sponge bob protector watch,6.000,£2.99,,,,,,
4333,,diamante false eyelashes (6)in,6.000,£0.99,,,,,,
4343,,*t-light holder silver or red,6.000,£0.39,,,,,,
4348,,scratch and colour craft set,4.000,£0.99,,,,,,
4351,,bag of marbles galaxy theme 6 ast  colours,8.000,£0.99,,,,,,
4352,,watercolour paint set 18 colour in set,2.000,£0.99,,,,,,
4356,,bath duck12 ast colours,8.000,£1.19,,,,,,
4360,,mens fleece gloves ast colour,12.000,£1.99,,,,,,
4361,,disney sml teaset ast designs 7/8 pieces pp,5.000,£0.99,,,,,,
4391,,*3 piece dog stocking,4.000,£0.89,,,,,,
4392,,*4 piece cat stocking,4.000,£0.89,,,,,,
4432,,puzzle 3D dinosaurs,4.000,£0.99,,,,,,
4434,,treasure kit 9 assorted,4.000,£0.99,,,,,,
4442,,magic tricks 4 assorted,2.000,£1.19,,,,,,
4450,,'So on the beach' body spray(send out in 6),6.000,£0.59,,,,,,
4451,,shp till you drp bdy fragrance (SEND IN 6`S),6.000,£0.59,,,,,,
4454,,so des take me away travel set (send out in 3),6.000,£1.99,,,,,,
4456,,so kiss me travel set (SEND IN 3`S),6.000,£1.99,,,,,,
4459,,so exciting body spray (send out in 6),12.000,£0.59,,,,,,
4460,,so exciting ETD 30 ml spray (send out in 3),3.000,£2.66,,,,,,
4463,,so excitng cute together 2 box set (send out in 3),3.000,£1.99,,,,,,
4464,,so exciting 3 peice box set lip (send in 3`s),6.000,£2.66,,,,,,
4466,,so what ETD 20 ml spray (send out in 6),12.000,£1.99,,,,,,
4467,,so him hair styling wax (send out in 6),6.000,£0.86,,,,,,
4468,,so him body spray (send out in 6),6.000,£0.86,,,,,,
4470,,so him max shower gel (send out in 6),12.000,£0.86,,,,,,
4471,,so chilled shower gel mens (send out in 6),6.000,£0.86,,,,,,
4473,,so brit body frangrance (send out in 6),6.000,£0.59,,,,,,
4474,,my love ETD 30ml spray (send out in 4),4.000,£2.66,,,,,,
4477,,my love ETD 50ml spray (send out in 3),6.000,£3.99,,,,,,
4478,,you and me body fragrance (send out in 6),12.000,£0.59,,,,,,
4479,,you and me 30ml EDT spray (send out in 4),4.000,£2.66,,,,,,
4481,,you and me body scrub (send out in 4),4.000,£0.86,,,,,,
4483,,you and me ETD 50ml spray (send out in 3),6.000,£3.99,,,,,,
4484,,first kiss body spray (send out in 6),6.000,£0.59,,,,,,
4485,,first kiss ETD 30ml spray (send out in 3),3.000,£2.66,,,,,,
4489,,lost in love 50ml ETD spray (send out in 3),6.000,£3.29,,,,,,
4495,,Chugginton bath+ shower gel (12)d,12.000,£0.59,,,,,,
4500,,Morgan vanilla hand lotion (12)d,12.000,£1.29,,,,,,
4501,,Morgan vanilla body lotion (12)d,6.000,£1.29,,,,,,
4505,,Bullyland Disney cars Dinoco Mcqueen model,6.000,£0.99,,,,,,
4506,,Chuggington bubble bath (12)d,6.000,£0.59,,,,,,
4528,,spiderman table-top bskt-ball,8.000,£1.89,,,,,,
4529,,spiderman ring toss,4.000,£1.89,,,,,,
4893,,3/4 collarless ryl blue top,2.000,£2.69,,,,,,
4894,,*3/4 collarless red top,4.000,£2.69,,,,,,
4922,,go go puzzle notebook,4.000,£0.99,,,,,,
4926,,cars cup with straw,2.000,£1.49,,,,,,
4939,,toystory backpack,2.000,£5.99,,,,,,
9622,,Christmas Sitting Ceramic green Angels,6.000,£0.89,,,,,,
9623,,Christmas Wrapped Standing green  Ceramic Angel,12.000,£0.29,,,,,,
9698,,3x Disney Pens (5),10.000,£1.29,,,,,,
9708,,Chalk (4),4.000,£0.59,,,,,,
"Transfer # : 31,377 To Stock Point : HASTINGS - H20 - 9 On 09/12/2013  15:51:44",Stock Point : HASTINGS - H20 - 9,,,,,Linda Harcourt Smith,17 Queens Road,Hastings,East Sussex,TN34 1QY
1006,,assorted Men's Trilby Hat,2.000,£2.99,,,,,,
1103,,Puzzle Erasers (24) D (6),24.000,£0.99,,,,,,
1373,,mini asst baking cake tray(12),4.000,£1.19,,,,,,
2269,,*Flitter Let It Snow,5.000,£3.99,,,,,,
2576,,Assorted Boxed Jewellery (1),4.000,£2.99,,,,,,
2929,,*Kids Black Short b`fly trim UGG Style Slipper,2.000,£2.99,,,,,,
3393,,Moroccan Coloured glass tealight Holder (12) D,6.000,£1.29,,,,,,
3542,,Polyresin Keyring Owl asst in Gift Bag (24),24.000,£1.29,,,,,,
3559,,Plastic grabber figurines 4 assorted,12.000,£0.79,,,,,,
3593,,Metal Tweezer trendy Girls  (24) D,24.000,£0.99,,,,,,
3598,,Thai Buddha in gift bag (24),24.000,£1.29,,,,,,
3602,,*Activity Messy Mat,4.000,£0.69,,,,,,
3606,,Cars Paints Stamper Set,2.000,£0.99,,,,,,
3609,,*WTP 3 way scribble book,4.000,£0.69,,,,,,
3620,,toy story multi function pen,6.000,£0.69,,,,,,
3642,,*Access 3x Pris Curl Ribb,4.000,£0.49,,,,,,
3644,,*Bags Bottle Photo Kitten,6.000,£0.29,,,,,,
3646,,*partyware cups 6x9 oz santa & sn,8.000,£0.49,,,,,,
3649,,*Partyware Plates Rnd Trad,6.000,£0.29,,,,,,
3653,,*tags xmas 12 double layer,30.000,£0.49,,,,,,
3654,,*wrap xmas foiled sheets with tags,24.000,£0.49,,,,,,
3729,,*xmas heart dec (singles),6.000,£0.49,,,,,,
3730,,6 in 1  assorted incense sticks( singles),4.000,£1.29,,,,,,
3741,,wooden incense box 10 incense (singles),8.000,£1.49,,,,,,
3744,,4 asst luxury 30 pack incense (12),12.000,£1.49,,,,,,
3745,,asst 20 pack incense sticks (24),12.000,£0.39,,,,,,
3828,,icecream pen + lipgloss (24)D,24.000,£0.69,,,,,,
3834,,swiss measuring spoons,2.000,£0.99,,,,,,
3952,,Ben 10 Glider (24) D,24.000,£0.29,,,,,,
3954,,Metallic Mini Soccer Ball (24) D,24.000,£0.79,,,,,,
3975,,Colour Adhesive Mirror (4),4.000,£0.49,,,,,,
3997,,Rimmel nailpolish (36) FB,36.000,£1.29,,,,,,
3999,,Zuri boxed bodybuffer exfoliator,6.000,£1.29,,,,,,
4016,,*rd clear tea light holder6(D),6.000,£0.39,,,,,,
4078,,*slimline traditional assorted calender,6.000,£0.49,,,,,,
4079,,*slimline scenery calender,6.000,£0.49,,,,,,
4080,,*slimline pet animal calender,6.000,£0.49,,,,,,
4081,,*slim nature animal calender,6.000,£0.49,,,,,,
4082,,*slimline scotland calender,6.000,£0.49,,,,,,
4083,,*medium scotland calender,6.000,£0.69,,,,,,
4084,,*med cupcakes baking calender,6.000,£0.69,,,,,,
4085,,*med photo flowers calender,6.000,£0.69,,,,,,
4088,,*slim diary on header card,6.000,£0.49,,,,,,
4089,,*silm photo favourites calender,6.000,£0.69,,,,,,
4095,,*xmas med blue gift bag trees,12.000,£0.29,,,,,,
4098,,*xmas 3 mixed size gift bag,12.000,£0.69,,,,,,
4099,,*xmas pack 3 bottle bags,12.000,£0.49,,,,,,
4148,,*xmas puppy photo bottle bag,6.000,£0.29,,,,,,
4150,,*box of choc/champagne/gold string and bows,8.000,£0.49,,,,,,
4154,,*12 gift tag joy/noel/tree/ball,12.000,£0.19,,,,,,
4156,,*xmas 4 sheet wrap with 4 tag,12.000,£0.39,,,,,,
4157,,*6 mini cracker puppy + kitten,4.000,£0.49,,,,,,
4158,,*xmas 6 mini cute cracker,14.000,£0.49,,,,,,
4159,,*santa stop here decoration,8.000,£0.49,,,,,,
4160,,*xmas santa letter + pouch,8.000,£0.49,,,,,,
4163,,*xmas activity craft pad,4.000,£0.49,,,,,,
4164,,*actvity M.Y.O xmas scene,6.000,£0.49,,,,,,
4165,,*candycane/stocking stickers,6.000,£0.49,,,,,,
4167,,*activity stop santa sign,4.000,£0.49,,,,,,
4168,,*activity count down to xmas,6.000,£0.49,,,,,,
4178,,*xmas santa melamine dip plate,4.000,£0.69,,,,,,
4180,,*xmas santa belt sack,3.000,£1.19,,,,,,
4181,,*xmas adult santa hat + beard,6.000,£0.99,,,,,,
4184,,*xmas pet bandana,6.000,£0.39,,,,,,
4288,,morph magnets,12.000,£1.29,,,,,,
4289,,R. Dahl fantastic mr fox book,15.000,£0.99,,,,,,
4293,,bling ring popsicle,4.000,£0.89,,,,,,
4304,,blk moon shaped shldr bag,4.000,£6.99,,,,,,
4324,,small tin box,6.000,£1.29,,,,,,
4325,,medium tin box,6.000,£1.49,,,,,,
4330,,sponge bob protector watch,6.000,£2.99,,,,,,
4333,,diamante false eyelashes (6)in,6.000,£0.99,,,,,,
4343,,*t-light holder silver or red,6.000,£0.39,,,,,,
4348,,scratch and colour craft set,4.000,£0.99,,,,,,
4349,,craftset 6 assorted activities,4.000,£0.99,,,,,,
4352,,watercolour paint set 18 colour in set,2.000,£0.99,,,,,,
4356,,bath duck12 ast colours,6.000,£1.19,,,,,,
4357,,*red/wht cookie cutters 10 pk,2.000,£0.59,,,,,,
4358,,glass jar 3 ast colours 12cm,12.000,£0.99,,,,,,
4360,,mens fleece gloves ast colour,12.000,£1.99,,,,,,
4361,,disney sml teaset ast designs 7/8 pieces pp,4.000,£0.99,,,,,,
4391,,*3 piece dog stocking,4.000,£0.89,,,,,,
4392,,*4 piece cat stocking,4.000,£0.89,,,,,,
4402,,plastic neon coil,12.000,£0.99,,,,,,
4409,,wood pirate fairy flexi dolls,12.000,£1.29,,,,,,
4450,,'So on the beach' body spray(send out in 6),6.000,£0.59,,,,,,
4451,,shp till you drp bdy fragrance (SEND IN 6`S),6.000,£0.59,,,,,,
4454,,so des take me away travel set (send out in 3),6.000,£1.99,,,,,,
4456,,so kiss me travel set (SEND IN 3`S),3.000,£1.99,,,,,,
4459,,so exciting body spray (send out in 6),12.000,£0.59,,,,,,
4463,,so excitng cute together 2 box set (send out in 3),3.000,£1.99,,,,,,
4464,,so exciting 3 peice box set lip (send in 3`s),6.000,£2.66,,,,,,
4465,,so extng tke me awy travelset (send out in 6),4.000,£1.99,,,,,,
4466,,so what ETD 20 ml spray (send out in 6),12.000,£1.99,,,,,,
4467,,so him hair styling wax (send out in 6),8.000,£0.86,,,,,,
4468,,so him body spray (send out in 6),9.000,£0.86,,,,,,
4470,,so him max shower gel (send out in 6),12.000,£0.86,,,,,,
4471,,so chilled shower gel mens (send out in 6),12.000,£0.86,,,,,,
4473,,so brit body frangrance (send out in 6),6.000,£0.59,,,,,,
4474,,my love ETD 30ml spray (send out in 4),4.000,£2.66,,,,,,
4475,,my love shower gel (send out in 4),4.000,£0.86,,,,,,
4476,,my love body scrub,4.000,£0.86,,,,,,
4477,,my love ETD 50ml spray (send out in 3),6.000,£3.99,,,,,,
4478,,you and me body fragrance (send out in 6),12.000,£0.59,,,,,,
4479,,you and me 30ml EDT spray (send out in 4),4.000,£2.66,,,,,,
4480,,you and me shower gel (send out in 4),2.000,£0.86,,,,,,
4481,,you and me body scrub (send out in 4),4.000,£0.86,,,,,,
4483,,you and me ETD 50ml spray (send out in 3),6.000,£3.99,,,,,,
4484,,first kiss body spray (send out in 6),6.000,£0.59,,,,,,
4485,,first kiss ETD 30ml spray (send out in 3),3.000,£2.66,,,,,,
4486,,lost in love shower gel (send out in 4),4.000,£0.86,,,,,,
4489,,lost in love 50ml ETD spray (send out in 3),6.000,£3.29,,,,,,
4492,,Spiderman gel pen (42)d,42.000,£0.39,,,,,,
4493,,Star Wars ballpoint pen (24)d,48.000,£0.39,,,,,,
4494,,Miffy mechanical pencil (40)d,40.000,£0.39,,,,,,
4500,,Morgan vanilla hand lotion (12)d,12.000,£1.29,,,,,,
4501,,Morgan vanilla body lotion (12)d,6.000,£1.29,,,,,,
4503,,Chuggington liquid hand soap (12)d,12.000,£0.59,,,,,,
4506,,Chuggington bubble bath (12)d,12.000,£0.59,,,,,,
4527,,spiderman wall clock,4.000,£2.99,,,,,,
4893,,3/4 collarless ryl blue top,2.000,£2.69,,,,,,
4894,,*3/4 collarless red top,4.000,£2.69,,,,,,
4920,,silver double strap pocket bag,2.000,£5.99,,,,,,
4932,,spiderman mesh gym bag,4.000,£1.69,,,,,,
4941,,spiderman lunch box,1.000,£4.99,,,,,,
4943,,toystory sports cup,2.000,£1.49,,,,,,
4944,,cars sports cup,4.000,£1.49,,,,,,
9622,,Christmas Sitting Ceramic green Angels,6.000,£0.89,,,,,,
9623,,Christmas Wrapped Standing green  Ceramic Angel,12.000,£0.29,,,,,,
9708,,Chalk (4),4.000,£0.59,,,,,,
9754,,Power Rocket Launcher,4.000,£1.29,,,,,,
9995,,Guardian Angel in Bag (24) 1,24.000,£0.99,,,,,,
"Transfer # : 31,378 To Stock Point : STREATHAM - S85 - 9 On 09/12/2013  15:51:46",Stock Point : STREATHAM - S85 - 9,,,,,The Manager,242 Streatham High Road,London,England,SW16 1BB
1103,,Puzzle Erasers (24) D (6),24.000,£0.99,,,,,,
1365,,clear glass sweet jar(12)D,12.000,£0.99,,,,,,
2269,,*Flitter Let It Snow,6.000,£3.99,,,,,,
3361,,*Silver Pack of 4 Beaded Napkin Ring (12),4.000,£0.79,,,,,,
3540,,Scented sachets 10 grams hanging (10)D,6.000,£0.29,,,,,,
3542,,Polyresin Keyring Owl asst in Gift Bag (24),24.000,£1.29,,,,,,
3559,,Plastic grabber figurines 4 assorted,8.000,£0.79,,,,,,
3561,,*Wooden Castanets Fairy 4 ass (24)D,24.000,£0.69,,,,,,
3609,,*WTP 3 way scribble book,4.000,£0.69,,,,,,
3642,,*Access 3x Pris Curl Ribb,4.000,£0.49,,,,,,
3644,,*Bags Bottle Photo Kitten,6.000,£0.29,,,,,,
3646,,*partyware cups 6x9 oz santa & sn,8.000,£0.49,,,,,,
3649,,*Partyware Plates Rnd Trad,12.000,£0.29,,,,,,
3653,,*tags xmas 12 double layer,4.000,£0.49,,,,,,
3654,,*wrap xmas foiled sheets with tags,24.000,£0.49,,,,,,
3729,,*xmas heart dec (singles),6.000,£0.49,,,,,,
3730,,6 in 1  assorted incense sticks( singles),2.000,£1.29,,,,,,
3733,,gilt floral heart wall hanger (singles),4.000,£1.49,,,,,,
3741,,wooden incense box 10 incense (singles),4.000,£1.49,,,,,,
3744,,4 asst luxury 30 pack incense (12),12.000,£1.49,,,,,,
3745,,asst 20 pack incense sticks (24),12.000,£0.39,,,,,,
3825,,pedicure kit flip flops (6),6.000,£0.99,,,,,,
3828,,icecream pen + lipgloss (24)D,24.000,£0.69,,,,,,
3952,,Ben 10 Glider (24) D,24.000,£0.29,,,,,,
3985,,Rose Napkin Holder (4),4.000,£0.99,,,,,,
3997,,Rimmel nailpolish (36) FB,36.000,£1.29,,,,,,
3999,,Zuri boxed bodybuffer exfoliator,6.000,£1.29,,,,,,
4016,,*rd clear tea light holder6(D),6.000,£0.39,,,,,,
4065,,*gold pack 4 beaded coaster (12),6.000,£0.79,,,,,,
4078,,*slimline traditional assorted calender,6.000,£0.49,,,,,,
4079,,*slimline scenery calender,6.000,£0.49,,,,,,
4080,,*slimline pet animal calender,6.000,£0.49,,,,,,
4081,,*slim nature animal calender,6.000,£0.49,,,,,,
4082,,*slimline scotland calender,6.000,£0.49,,,,,,
4083,,*medium scotland calender,6.000,£0.69,,,,,,
4084,,*med cupcakes baking calender,6.000,£0.69,,,,,,
4085,,*med photo flowers calender,6.000,£0.69,,,,,,
4088,,*slim diary on header card,6.000,£0.49,,,,,,
4089,,*silm photo favourites calender,6.000,£0.69,,,,,,
4095,,*xmas med blue gift bag trees,12.000,£0.29,,,,,,
4098,,*xmas 3 mixed size gift bag,12.000,£0.69,,,,,,
4099,,*xmas pack 3 bottle bags,12.000,£0.49,,,,,,
4148,,*xmas puppy photo bottle bag,6.000,£0.29,,,,,,
4150,,*box of choc/champagne/gold string and bows,8.000,£0.49,,,,,,
4154,,*12 gift tag joy/noel/tree/ball,12.000,£0.19,,,,,,
4156,,*xmas 4 sheet wrap with 4 tag,12.000,£0.39,,,,,,
4157,,*6 mini cracker puppy + kitten,6.000,£0.49,,,,,,
4158,,*xmas 6 mini cute cracker,4.000,£0.49,,,,,,
4159,,*santa stop here decoration,8.000,£0.49,,,,,,
4160,,*xmas santa letter + pouch,8.000,£0.49,,,,,,
4163,,*xmas activity craft pad,4.000,£0.49,,,,,,
4164,,*actvity M.Y.O xmas scene,6.000,£0.49,,,,,,
4165,,*candycane/stocking stickers,6.000,£0.49,,,,,,
4167,,*activity stop santa sign,6.000,£0.49,,,,,,
4168,,*activity count down to xmas,6.000,£0.49,,,,,,
4178,,*xmas santa melamine dip plate,6.000,£0.69,,,,,,
4180,,*xmas santa belt sack,3.000,£1.19,,,,,,
4181,,*xmas adult santa hat + beard,6.000,£0.99,,,,,,
4184,,*xmas pet bandana,6.000,£0.39,,,,,,
4289,,R. Dahl fantastic mr fox book,8.000,£0.99,,,,,,
4324,,small tin box,6.000,£1.29,,,,,,
4325,,medium tin box,6.000,£1.49,,,,,,
4330,,sponge bob protector watch,6.000,£2.99,,,,,,
4333,,diamante false eyelashes (6)in,6.000,£0.99,,,,,,
4343,,*t-light holder silver or red,6.000,£0.39,,,,,,
4348,,scratch and colour craft set,4.000,£0.99,,,,,,
4352,,watercolour paint set 18 colour in set,2.000,£0.99,,,,,,
4356,,bath duck12 ast colours,4.000,£1.19,,,,,,
4358,,glass jar 3 ast colours 12cm,12.000,£0.99,,,,,,
4391,,*3 piece dog stocking,4.000,£0.89,,,,,,
4392,,*4 piece cat stocking,4.000,£0.89,,,,,,
4399,,winnie the pooh stickers,4.000,£0.89,,,,,,
4421,,earmuffs with fake fur lining,4.000,£0.99,,,,,,
4430,,laying polyresin angel rose coloured headband (12),12.000,£1.99,,,,,,
4450,,'So on the beach' body spray(send out in 6),6.000,£0.59,,,,,,
4451,,shp till you drp bdy fragrance (SEND IN 6`S),6.000,£0.59,,,,,,
4454,,so des take me away travel set (send out in 3),6.000,£1.99,,,,,,
4456,,so kiss me travel set (SEND IN 3`S),3.000,£1.99,,,,,,
4459,,so exciting body spray (send out in 6),12.000,£0.59,,,,,,
4463,,so excitng cute together 2 box set (send out in 3),3.000,£1.99,,,,,,
4464,,so exciting 3 peice box set lip (send in 3`s),6.000,£2.66,,,,,,
4466,,so what ETD 20 ml spray (send out in 6),12.000,£1.99,,,,,,
4470,,so him max shower gel (send out in 6),24.000,£0.86,,,,,,
4471,,so chilled shower gel mens (send out in 6),12.000,£0.86,,,,,,
4473,,so brit body frangrance (send out in 6),6.000,£0.59,,,,,,
4474,,my love ETD 30ml spray (send out in 4),4.000,£2.66,,,,,,
4475,,my love shower gel (send out in 4),4.000,£0.86,,,,,,
4476,,my love body scrub,4.000,£0.86,,,,,,
4477,,my love ETD 50ml spray (send out in 3),6.000,£3.99,,,,,,
4478,,you and me body fragrance (send out in 6),12.000,£0.59,,,,,,
4479,,you and me 30ml EDT spray (send out in 4),4.000,£2.66,,,,,,
4481,,you and me body scrub (send out in 4),4.000,£0.86,,,,,,
4483,,you and me ETD 50ml spray (send out in 3),6.000,£3.99,,,,,,
4484,,first kiss body spray (send out in 6),6.000,£0.59,,,,,,
4485,,first kiss ETD 30ml spray (send out in 3),3.000,£2.66,,,,,,
4486,,lost in love shower gel (send out in 4),4.000,£0.86,,,,,,
4489,,lost in love 50ml ETD spray (send out in 3),6.000,£3.29,,,,,,
4492,,Spiderman gel pen (42)d,42.000,£0.39,,,,,,
4496,,Lee Stafford pink 50ml edt (6),6.000,£3.99,,,,,,
4500,,Morgan vanilla hand lotion (12)d,12.000,£1.29,,,,,,
4501,,Morgan vanilla body lotion (12)d,6.000,£1.29,,,,,,
4527,,spiderman wall clock,2.000,£2.99,,,,,,
4528,,spiderman table-top bskt-ball,6.000,£1.89,,,,,,
4529,,spiderman ring toss,2.000,£1.89,,,,,,
4537,,football mania sticker/transfr (48)D,48.000,£0.49,,,,,,
4893,,3/4 collarless ryl blue top,1.000,£2.69,,,,,,
4894,,*3/4 collarless red top,1.000,£2.69,,,,,,
4895,,*3/4 collarless yellow top,1.000,£2.69,,,,,,
4923,,Go Go creator Pack,4.000,£0.99,,,,,,
9622,,Christmas Sitting Ceramic green Angels,6.000,£0.89,,,,,,
9623,,Christmas Wrapped Standing green  Ceramic Angel,12.000,£0.29,,,,,,
9708,,Chalk (4),4.000,£0.59,,,,,,