"Transfer # : 32,660 To Stock Point : HEBDEN BRIDGE - H38 - 8 On 18/03/2014  12:35:05",Stock Point : HEBDEN BRIDGE - H38 - 8,,,,,Matthew O'Hara,32 Bridge Gate,Hebden Bridge,West Yorks,HX7 8EX
3559,,Plastic grabber figurines 4 assorted,6,£0.79,,,,,,
3609,,*WTP 3 way scribble book,4,£0.69,,,,,,
3612,,*Icarly multi function pen,6,£0.69,,,,,,
3620,,toy story multi function pen,6,£0.69,,,,,,
4074,,fragrance beads 24 (D),24,£0.79,,,,,,
4172,,spiderman scribble set,4,£1.29,,,,,,
4174,,spiderman med stationary set,2,£1.29,,,,,,
4289,,R. Dahl fantastic mr fox book,4,£0.99,,,,,,
4292,,fish popsicle,4,£0.89,,,,,,
4362,,colander 4 assorted colours,4,£0.99,,,,,,
4363,,pack of 2 gardening gloves,4,£0.94,,,,,,
4367,,plastic watering jug neon,4,£0.99,,,,,,
4368,,Large white heart tealight hldr,6,£1.49,,,,,,
4371,,oriental/blossom glass candle 2 ast,6,£0.99,,,,,,
4373,,wild flower small gift bag,6,£0.49,,,,,,
4387,,single letter metal hook,6,£0.99,,,,,,
4389,,butterfly t-light holder neon,6,£0.99,,,,,,
4439,,cup bendy straw ast designs,6,£0.99,,,,,,
4442,,magic tricks 4 assorted,4,£1.19,,,,,,
4443,,washing up brush doll assrtd,6,£1.99,,,,,,
4503,,Chuggington liquid hand soap (12)d,6,£0.59,,,,,,
4529,,spiderman ring toss,2,£1.89,,,,,,
"Transfer # : 32,661 To Stock Point : CANTERBURY - C08 - 3 On 18/03/2014  12:35:08",Stock Point : CANTERBURY - C08 - 3,,,,,Stacey Gore,51/52 Northgate,Canterbury,Kent,CT1 1BE
1787,,New Small Glider (48) D,48,£0.29,,,,,,
2576,,Assorted Boxed Jewellery (1),4,£2.99,,,,,,
3374,,Butterfly and Rose Wall hook (4),4,£0.74,,,,,,
3434,,Ice Lolly Sponge,6,£2.49,,,,,,
3551,,Foam Material Rocket gun (24)D,24,£0.99,,,,,,
3558,,Plastic Bracelet Zipper 10 Colours (singles),12,£0.79,,,,,,
3559,,Plastic grabber figurines 4 assorted,6,£0.79,,,,,,
3620,,toy story multi function pen,4,£0.69,,,,,,
3835,,salt + pepper cockerel set,4,£1.59,,,,,,
3957,,Wild Animal Figures (36) D,36,£0.99,,,,,,
4330,,sponge bob protector watch,4,£2.99,,,,,,
4367,,plastic watering jug neon,4,£0.99,,,,,,
4389,,butterfly t-light holder neon,6,£0.99,,,,,,
4393,,ornate magnet frame neon,6,£1.99,,,,,,
4397,,easter egg candle foil bag and ribbon,6,£0.69,,,,,,
4398,,easter metal chick ornament,8,£1.29,,,,,,
4431,,pack 6 felt tip pens,4,£0.59,,,,,,
4432,,puzzle 3D dinosaurs,4,£0.99,,,,,,
4923,,Go Go creator Pack,4,£0.99,,,,,,
4928,,chuggington wallet,4,£1.29,,,,,,
4937,,spiderman backpack,2,£5.99,,,,,,
"Transfer # : 32,662 To Stock Point : BLACKPOOL - B44 - 2 On 18/03/2014  12:35:09",Stock Point : BLACKPOOL - B44 - 2,,,,,Gary Palmer,31 Talbot Road,Blackpool,England,FY1 1LL
3434,,Ice Lolly Sponge,6,£2.49,,,,,,
3551,,Foam Material Rocket gun (24)D,24,£0.99,,,,,,
3559,,Plastic grabber figurines 4 assorted,6,£0.79,,,,,,
3598,,Thai Buddha in gift bag (24),24,£1.29,,,,,,
3835,,salt + pepper cockerel set,6,£1.59,,,,,,
3957,,Wild Animal Figures (36) D,36,£0.99,,,,,,
3999,,Zuri boxed bodybuffer exfoliator,6,£1.29,,,,,,
4010,,pink + purple brushes (36) D,36,£1.49,,,,,,
4074,,fragrance beads 24 (D),24,£0.79,,,,,,
4364,,Hello Kitty bubbles,36,£0.69,,,,,,
4393,,ornate magnet frame neon,4,£1.99,,,,,,
4397,,easter egg candle foil bag and ribbon,6,£0.69,,,,,,
4431,,pack 6 felt tip pens,6,£0.59,,,,,,
4439,,cup bendy straw ast designs,6,£0.99,,,,,,
4442,,magic tricks 4 assorted,4,£1.19,,,,,,
4492,,Spiderman gel pen (42)d,42,£0.39,,,,,,
4495,,Chugginton bath+ shower gel (12)d,6,£0.59,,,,,,
4506,,Chuggington bubble bath (12)d,6,£0.59,,,,,,
4723,,Mens attire high neck fashion cream jumper,5,£10.99,,,,,,
4930,,princess mesh gym bag,2,£1.69,,,,,,
4932,,spiderman mesh gym bag,1,£1.69,,,,,,
4959,,asst shoulder bag buckle,3,£5.99,,,,,,
"Transfer # : 32,663 To Stock Point : FRASERBURGH - F79 - 2 On 18/03/2014  12:35:10",Stock Point : FRASERBURGH - F79 - 2,,,,,Katherine Madden,44 Broad Street,Fraserburgh,Scotland,AB43 9AH
3434,,Ice Lolly Sponge,6,£2.49,,,,,,
3549,,Polyresin Baby in Basket 8x8cm 3 ass. (3)d,6,£0.99,,,,,,
3551,,Foam Material Rocket gun (24)D,24,£0.99,,,,,,
3559,,Plastic grabber figurines 4 assorted,4,£0.79,,,,,,
3596,,*childrens picture horse and cow,6,£0.49,,,,,,
3597,,Childrens Picture bugs,4,£0.94,,,,,,
3598,,Thai Buddha in gift bag (24),24,£1.29,,,,,,
3603,,Act Paint 4 Palm Printers,6,£0.99,,,,,,
3606,,Cars Paints Stamper Set,2,£0.99,,,,,,
3835,,salt + pepper cockerel set,6,£1.59,,,,,,
3957,,Wild Animal Figures (36) D,36,£0.99,,,,,,
3977,,Wildflower Penpot (4),4,£0.49,,,,,,
4010,,pink + purple brushes (36) D,36,£1.49,,,,,,
4074,,fragrance beads 24 (D),24,£0.79,,,,,,
4289,,R. Dahl fantastic mr fox book,8,£0.99,,,,,,
4329,,blk bag shldr/mesngr strap zip,2,£5.99,,,,,,
4348,,scratch and colour craft set,6,£0.99,,,,,,
4367,,plastic watering jug neon,6,£0.99,,,,,,
4377,,grn + pink cherry blossom glass photoframe,6,£1.49,,,,,,
4378,,grn/pink cherry blossom square t-light holdr,4,£1.29,,,,,,
4383,,birdhouse photo clip-holder neon,4,£1.49,,,,,,
4397,,easter egg candle foil bag and ribbon,6,£0.69,,,,,,
4412,,wooden whistle train,6,£1.19,,,,,,
4505,,Bullyland Disney cars Dinoco Mcqueen model,6,£0.99,,,,,,
4922,,go go puzzle notebook,6,£0.99,,,,,,
4923,,Go Go creator Pack,4,£0.99,,,,,,
4933,,skylanders mesh gym bag,2,£1.69,,,,,,
4936,,princess backpack,2,£5.99,,,,,,
4940,,princess lunch box,2,£4.99,,,,,,
4941,,spiderman lunch box,2,£4.99,,,,,,
9708,,Chalk (4),4,£0.59,,,,,,
"Transfer # : 32,664 To Stock Point : EDINBURGH (NIC) - E37 - 1 On 18/03/2014  12:35:13",Stock Point : EDINBURGH (NIC) - E37 - 1,,,,,Jennifer Hunt,134 Nicolson Street,Edinburgh,Scotland,EH8 9EH
1787,,New Small Glider (48) D,48,£0.29,,,,,,
3550,,Plastic Toy Pistol with 2 Rockets 12x12cm (24)D,24,£1.29,,,,,,
3559,,Plastic grabber figurines 4 assorted,4,£0.79,,,,,,
3598,,Thai Buddha in gift bag (24),24,£1.29,,,,,,
3620,,toy story multi function pen,6,£0.69,,,,,,
3835,,salt + pepper cockerel set,4,£1.59,,,,,,
4367,,plastic watering jug neon,6,£0.99,,,,,,
4368,,Large white heart tealight hldr,6,£1.49,,,,,,
4377,,grn + pink cherry blossom glass photoframe,4,£1.49,,,,,,
4393,,ornate magnet frame neon,6,£1.99,,,,,,
4397,,easter egg candle foil bag and ribbon,12,£0.69,,,,,,
4398,,easter metal chick ornament,6,£1.29,,,,,,
4431,,pack 6 felt tip pens,4,£0.59,,,,,,
4432,,puzzle 3D dinosaurs,4,£0.99,,,,,,
4492,,Spiderman gel pen (42)d,42,£0.39,,,,,,
4499,,Disney memory game (10)d,5,£0.99,,,,,,
4505,,Bullyland Disney cars Dinoco Mcqueen model,6,£0.99,,,,,,
4529,,spiderman ring toss,2,£1.89,,,,,,
4939,,toystory backpack,1,£5.99,,,,,,
4940,,princess lunch box,1,£4.99,,,,,,
4941,,spiderman lunch box,1,£4.99,,,,,,
4959,,asst shoulder bag buckle,2,£5.99,,,,,,
"Transfer # : 32,665 To Stock Point : HALIFAX - H09 - 1 On 18/03/2014  12:35:15",Stock Point : HALIFAX - H09 - 1,,,,,Joanna Giles,19 Alexandra Street,Halifax,West Yorks,HX1 1BS
1373,,mini asst baking cake tray(12),6,£1.19,,,,,,
1788,,New Large Glider (24) D,24,£1.29,,,,,,
3434,,Ice Lolly Sponge,6,£2.49,,,,,,
3551,,Foam Material Rocket gun (24)D,24,£0.99,,,,,,
3597,,Childrens Picture bugs,6,£0.94,,,,,,
3598,,Thai Buddha in gift bag (24),24,£1.29,,,,,,
3606,,Cars Paints Stamper Set,2,£0.99,,,,,,
3952,,Ben 10 Glider (24) D,24,£0.29,,,,,,
3975,,Colour Adhesive Mirror (4),4,£0.49,,,,,,
4010,,pink + purple brushes (36) D,36,£1.49,,,,,,
4074,,fragrance beads 24 (D),24,£0.79,,,,,,
4289,,R. Dahl fantastic mr fox book,4,£0.99,,,,,,
4292,,fish popsicle,4,£0.89,,,,,,
4329,,blk bag shldr/mesngr strap zip,2,£5.99,,,,,,
4359,,baking forms 6 ast shapes,6,£0.99,,,,,,
4363,,pack of 2 gardening gloves,6,£0.94,,,,,,
4378,,grn/pink cherry blossom square t-light holdr,4,£1.29,,,,,,
"Transfer # : 32,666 To Stock Point : STROOD - S87 - 1 On 18/03/2014  12:35:17",Stock Point : STROOD - S87 - 1,,,,,Karen Murphy,52 High Street,Strood,Kent,ME2 4AR
1043,,Grey canvas sneakers,6,£7.99,,,,,,
1044,,Pink canvas sneakers,6,£7.99,,,,,,
3374,,Butterfly and Rose Wall hook (4),4,£0.74,,,,,,
3556,,Plastic Car Mini Racers with Pull Back (24) D,24,£0.59,,,,,,
3558,,Plastic Bracelet Zipper 10 Colours (singles),12,£0.79,,,,,,
3559,,Plastic grabber figurines 4 assorted,5,£0.79,,,,,,
3598,,Thai Buddha in gift bag (24),24,£1.29,,,,,,
3602,,*Activity Messy Mat,4,£0.69,,,,,,
3603,,Act Paint 4 Palm Printers,6,£0.99,,,,,,
3606,,Cars Paints Stamper Set,4,£0.99,,,,,,
3609,,*WTP 3 way scribble book,4,£0.69,,,,,,
3612,,*Icarly multi function pen,4,£0.69,,,,,,
3733,,gilt floral heart wall hanger (singles),6,£1.49,,,,,,
3952,,Ben 10 Glider (24) D,24,£0.29,,,,,,
3977,,Wildflower Penpot (4),4,£0.49,,,,,,
3992,,w7 tinted moisteriser (18) D,18,£0.74,,,,,,
4010,,pink + purple brushes (36) D,36,£1.49,,,,,,
4309,,superman back pack,2,£5.99,,,,,,
4310,,Minnie back pack,2,£5.99,,,,,,
4311,,Tinkerbell back pack,2,£5.99,,,,,,
4324,,small tin box,4,£1.29,,,,,,
4329,,blk bag shldr/mesngr strap zip,2,£5.99,,,,,,
4359,,baking forms 6 ast shapes,6,£0.99,,,,,,
4362,,colander 4 assorted colours,6,£0.99,,,,,,
4363,,pack of 2 gardening gloves,6,£0.94,,,,,,
4367,,plastic watering jug neon,4,£0.99,,,,,,
4368,,Large white heart tealight hldr,6,£1.49,,,,,,
4373,,wild flower small gift bag,12,£0.49,,,,,,
4377,,grn + pink cherry blossom glass photoframe,4,£1.49,,,,,,
4389,,butterfly t-light holder neon,6,£0.99,,,,,,
4397,,easter egg candle foil bag and ribbon,12,£0.69,,,,,,
4398,,easter metal chick ornament,6,£1.29,,,,,,
4493,,Star Wars ballpoint pen (24)d,24,£0.39,,,,,,
"Transfer # : 32,667 To Stock Point : PERTH - P21 - 0 On 18/03/2014  12:35:20",Stock Point : PERTH - P21 - 0,,,,,Carol Devaney,43 South Street,Perth,Perthshire,PH2 8PD
1787,,New Small Glider (48) D,48,£0.29,,,,,,
2322,,Cath Kidston Keyring (50) D,50,£0.29,,,,,,
2576,,Assorted Boxed Jewellery (1),4,£2.99,,,,,,
3374,,Butterfly and Rose Wall hook (4),4,£0.74,,,,,,
3434,,Ice Lolly Sponge,6,£2.49,,,,,,
3549,,Polyresin Baby in Basket 8x8cm 3 ass. (3)d,9,£0.99,,,,,,
3551,,Foam Material Rocket gun (24)D,24,£0.99,,,,,,
3558,,Plastic Bracelet Zipper 10 Colours (singles),12,£0.79,,,,,,
3598,,Thai Buddha in gift bag (24),24,£1.29,,,,,,
3728,,birdhouse wall dec (singles),4,£1.29,,,,,,
3835,,salt + pepper cockerel set,6,£1.59,,,,,,
3952,,Ben 10 Glider (24) D,24,£0.29,,,,,,
3975,,Colour Adhesive Mirror (4),4,£0.49,,,,,,
4010,,pink + purple brushes (36) D,36,£1.49,,,,,,
4074,,fragrance beads 24 (D),24,£0.79,,,,,,
4348,,scratch and colour craft set,4,£0.99,,,,,,
4350,,dot-dot 3D craftset 5 pieces PP,6,£1.19,,,,,,
4359,,baking forms 6 ast shapes,6,£0.99,,,,,,
4363,,pack of 2 gardening gloves,6,£0.94,,,,,,
4365,,pack of 3 plastic plates neon,4,£0.99,,,,,,
4367,,plastic watering jug neon,4,£0.99,,,,,,
4385,,wire mesh candle holder with handle neon,6,£0.99,,,,,,
4397,,easter egg candle foil bag and ribbon,12,£0.69,,,,,,
4398,,easter metal chick ornament,6,£1.29,,,,,,
4431,,pack 6 felt tip pens,6,£0.59,,,,,,
4432,,puzzle 3D dinosaurs,6,£0.99,,,,,,
4439,,cup bendy straw ast designs,6,£0.99,,,,,,
4442,,magic tricks 4 assorted,6,£1.19,,,,,,
9996,,Angel Heart Magnet (12)in,12,£0.99,,,,,,
"Transfer # : 32,668 To Stock Point : WALLASEY (SEA) - W19 - 0 On 18/03/2014  12:35:23",Stock Point : WALLASEY (SEA) - W19 - 0,,,,,Anne Davies,64 Seaview Road,Wallasey,Wirral,CH45 4LB
1788,,New Large Glider (24) D,24,£1.29,,,,,,
2322,,Cath Kidston Keyring (50) D,50,£0.29,,,,,,
2576,,Assorted Boxed Jewellery (1),4,£2.99,,,,,,
3597,,Childrens Picture bugs,6,£0.94,,,,,,
3620,,toy story multi function pen,4,£0.69,,,,,,
3835,,salt + pepper cockerel set,6,£1.59,,,,,,
4010,,pink + purple brushes (36) D,36,£1.49,,,,,,
4074,,fragrance beads 24 (D),24,£0.79,,,,,,
4289,,R. Dahl fantastic mr fox book,6,£0.99,,,,,,
4363,,pack of 2 gardening gloves,6,£0.94,,,,,,
4373,,wild flower small gift bag,12,£0.49,,,,,,
4378,,grn/pink cherry blossom square t-light holdr,6,£1.29,,,,,,
4397,,easter egg candle foil bag and ribbon,6,£0.69,,,,,,
4398,,easter metal chick ornament,6,£1.29,,,,,,
4527,,spiderman wall clock,2,£2.99,,,,,,
4528,,spiderman table-top bskt-ball,2,£1.89,,,,,,
4529,,spiderman ring toss,2,£1.89,,,,,,
