"Transfer # : 31,176 To Stock Point : WOKINGHAM - 8 On 25/11/2013  11:11:53",Stock Point : WOKINGHAM - 8,,,,,The Manager,11 Peach Street,Wokingham,Berks.,RG40 1XJ
1006,,assorted Men's Trilby Hat,4,£2.99,,,,,,
1365,,clear glass sweet jar(12)D,12,£0.99,,,,,,
2255,,*Snow Leopard,10,£1.99,,,,,,
2269,,*Flitter Let It Snow,10,£3.99,,,,,,
2271,,London Tower Bridge,10,£3.99,,,,,,
2322,,Cath Kidston Keyring (50) D,50,£0.29,,,,,,
2576,,Assorted Boxed Jewellery (1),12,£2.99,,,,,,
3360,,Red Pack of 4 Beaded Napkin Ring (12),5,£1.49,,,,,,
3363,,Black Pack of 4 Beaded Napkin Ring (12),5,£1.49,,,,,,
3368,,Grey Pack of 4 Beaded Napkin ring (12),5,£1.49,,,,,,
3369,,Red Pack of 4 Beaded Coaster (12),5,£1.49,,,,,,
3370,,Silver Pack of 4 Beaded Coaster (12),5,£1.49,,,,,,
3414,,Tartan flittered parading owls2013,10,£3.99,,,,,,
3606,,Cars Paints Stamper Set,4,£0.99,,,,,,
3641,,Access bow/spool/tag pack,24,£0.99,,,,,,
3642,,Access 3x Pris Curl Ribb,24,£0.99,,,,,,
3644,,Bags Bottle Photo Kitten,24,£0.49,,,,,,
3645,,hats santa & snowman headband,24,£0.99,,,,,,
3646,,partyware cups 6x9 oz santa & sn,24,£0.99,,,,,,
3649,,*Partyware Plates Rnd Trad,24,£0.49,,,,,,
3653,,tags xmas 12 double layer,24,£0.99,,,,,,
3654,,wrap xmas foiled sheets with tags,24,£0.99,,,,,,
3729,,xmas heart dec (singles),24,£0.99,,,,,,
3744,,4 asst luxury 30 pack incense (12),12,£1.49,,,,,,
4078,,slimline traditional assorted calender,10,£0.99,,,,,,
4079,,slimline scenery calender,10,£0.99,,,,,,
4080,,slimline pet animal calender,10,£0.99,,,,,,
4081,,slim nature animal calender,10,£0.99,,,,,,
4084,,med cupcakes baking calender,10,£1.29,,,,,,
4085,,med photo flowers calender,10,£1.29,,,,,,
4087,,medium organiser diary,10,£1.89,,,,,,
4088,,slim diary on header card,10,£0.99,,,,,,
4089,,silm photo favourites calender,10,£1.29,,,,,,
4090,,mini organiser diary(24)D,16,£1.49,,,,,,
4092,,green/pink/blue slimdiary(24)D,24,£1.29,,,,,,
4095,,xmas med blue gift bag trees,24,£0.59,,,,,,
4096,,med black gift bag happy xmas,24,£0.59,,,,,,
4097,,xmas large photo kitten bag,9,£0.69,,,,,,
4098,,xmas 3 mixed size gift bag,24,£1.29,,,,,,
4099,,xmas pack 3 bottle bags,24,£0.99,,,,,,
4148,,xmas puppy photo bottle bag,24,£0.49,,,,,,
4149,,green/pink/blu drum bow string,24,£0.99,,,,,,
4150,,box of choc/champagne/gold string and bows,24,£0.99,,,,,,
4152,,asst gld silv bows string drum,24,£0.99,,,,,,
4153,,10sheet multi colour tissue paper,24,£0.69,,,,,,
4154,,12 gift tag joy/noel/tree/ball,24,£0.39,,,,,,
4156,,xmas 4 sheet wrap with 4 tag,24,£0.69,,,,,,
4157,,6 mini cracker puppy + kitten,24,£0.99,,,,,,
4158,,xmas 6 mini cute cracker,24,£0.99,,,,,,
4159,,santa stop here decoration,16,£0.99,,,,,,
4160,,xmas santa letter + pouch,16,£0.89,,,,,,
4164,,actvity M.Y.O xmas scene,16,£0.99,,,,,,
4165,,candycane/stocking stickers,16,£0.99,,,,,,
4166,,activity puzzle sleigh + tree,16,£0.99,,,,,,
4167,,activity stop santa sign,16,£0.99,,,,,,
4168,,activity count down to xmas,16,£0.99,,,,,,
4177,,xmas apron,24,£1.29,,,,,,
4178,,xmas santa melamine dip plate,12,£1.29,,,,,,
4179,,xmas santa melamine plate,12,£0.99,,,,,,
4180,,xmas santa belt sack,12,£2.29,,,,,,
4181,,xmas adult santa hat + beard,12,£1.99,,,,,,
4182,,xmas girls santa dress,12,£4.99,,,,,,
4184,,xmas pet bandana,12,£0.69,,,,,,
4185,,xmas adult santa outfit,12,£5.99,,,,,,
4334,,asrt colour star tree topper decoration,12,£1.29,,,,,,
4335,,ast colour star tree deco 4 pk,1,£1.29,,,,,,
4341,,red/green tarten bows 4 pk,4,£1.29,,,,,,
4346,,christmas hat,6,£0.89,,,,,,
4356,,bath duck12 ast colours,12,£1.19,,,,,,
4357,,red/wht cookie cutters 10 pk,12,£1.19,,,,,,
4391,,3 piece dog stocking,24,£1.69,,,,,,
4392,,4 piece cat stocking,24,£1.69,,,,,,
4416,,mini pug dog ornament (12)d,12,£0.79,,,,,,
