"Transfer # : 32,349 To Stock Point : HARROGATE - H18 - 4 On 03/03/2014  16:18:27",Stock Point : HARROGATE - H18 - 4,,,,,Andrew Brown,5 Commercial Street,Harrogate,North Yorks,HG1 1UB
3612,,*Icarly multi function pen,6,£0.69,,,,,,
3620,,toy story multi function pen,6,£0.69,,,,,,
4367,,plastic watering jug neon,6,£0.99,,,,,,
4371,,oriental/blossom glass candle 2 ast,6,£0.99,,,,,,
4373,,wild flower small gift bag,12,£0.49,,,,,,
4380,,plastic bulldog keyring neon,12,£0.99,,,,,,
4381,,plastic bird keyring neon,6,£0.99,,,,,,
4383,,birdhouse photo clip-holder neon,4,£1.49,,,,,,
4384,,birdcage 6x4 photo frame neon,6,£2.99,,,,,,
4394,,ornate frame neon,4,£2.49,,,,,,
4692,,L/S orange shoulder panel blouse,4,£6.99,,,,,,
4933,,skylanders mesh gym bag,2,£1.69,,,,,,
"Transfer # : 32,350 To Stock Point : HAYWARDS HEATH On 03/03/2014  16:18:28",Stock Point : HAYWARDS HEATH,,,,,The Manager,105 South Road,haywards heath,,RH16 4LR
3427,,pack of 5 neon heart cookie cutters (36)D,6,£2.49,,,,,,
3558,,Plastic Bracelet Zipper 10 Colours (singles),12,£0.79,,,,,,
3596,,*childrens picture horse and cow,6,£0.49,,,,,,
3620,,toy story multi function pen,6,£0.69,,,,,,
4367,,plastic watering jug neon,4,£0.99,,,,,,
4371,,oriental/blossom glass candle 2 ast,6,£0.99,,,,,,
4385,,wire mesh candle holder with handle neon,6,£0.99,,,,,,
4432,,puzzle 3D dinosaurs,6,£0.99,,,,,,
4451,,shp till you drp bdy fragrance (SEND IN 6`S),6,£0.59,,,,,,
4459,,so exciting body spray (send out in 6),12,£0.29,,,,,,
4527,,spiderman wall clock,2,£2.99,,,,,,
4528,,spiderman table-top bskt-ball,4,£1.89,,,,,,
4923,,Go Go creator Pack,4,£0.99,,,,,,
4934,,planes mesh gym bag,2,£1.69,,,,,,
4959,,asst shoulder bag buckle,2,£5.99,,,,,,
"Transfer # : 32,351 To Stock Point : ARBROATH - A70 - 3 On 03/03/2014  16:18:29",Stock Point : ARBROATH - A70 - 3,,,,,Garry Swankie,160 High Street,Abbroath,Angus,DD11 1HW
1007,,Asst Colour Ladies Handbag,4,£5.99,,,,,,
3545,,Ceramic Figure Russian Doll 3 Colours,6,£0.59,,,,,,
3597,,Childrens Picture bugs,5,£0.94,,,,,,
3620,,toy story multi function pen,6,£0.69,,,,,,
3914,,Lilac Embroidered Detail Pump (18),6,£2.99,,,,,,
4005,,wet&wild foundation (singles),12,£0.74,,,,,,
4292,,fish popsicle,6,£0.89,,,,,,
4368,,Large white heart tealight hldr,12,£1.49,,,,,,
4383,,birdhouse photo clip-holder neon,6,£1.49,,,,,,
4389,,butterfly t-light holder neon,12,£0.99,,,,,,
4421,,earmuffs with fake fur lining,6,£0.99,,,,,,
4503,,Chuggington liquid hand soap (12)d,6,£0.59,,,,,,
"Transfer # : 32,353 To Stock Point : CHEADLE - C25 - 3 On 03/03/2014  16:18:30",Stock Point : CHEADLE - C25 - 3,,,,,The Manager,26 High Street,Cheadle,England,SK8 1AL
1788,,New Large Glider (24) D,24,£1.29,,,,,,
3427,,pack of 5 neon heart cookie cutters (36)D,12,£2.49,,,,,,
3602,,*Activity Messy Mat,4,£0.69,,,,,,
3609,,*WTP 3 way scribble book,6,£0.69,,,,,,
3952,,Ben 10 Glider (24) D,24,£0.29,,,,,,
3977,,Wildflower Penpot (4),4,£0.49,,,,,,
4289,,R. Dahl fantastic mr fox book,4,£0.99,,,,,,
4380,,plastic bulldog keyring neon,4,£0.99,,,,,,
4383,,birdhouse photo clip-holder neon,6,£1.49,,,,,,
4384,,birdcage 6x4 photo frame neon,6,£2.99,,,,,,
4395,,3 ast bluebell canvas 30x40cm (1 item=1 canvas),4,£2.99,,,,,,
4396,,cream cherry blossm canvas 2 ast designs 30x30cm,4,£2.99,,,,,,
4412,,wooden whistle train,12,£1.19,,,,,,
4454,,so des take me away travel set (send out in 3),3,£1.99,,,,,,
4459,,so exciting body spray (send out in 6),6,£0.29,,,,,,
4937,,spiderman backpack,2,£5.99,,,,,,
"Transfer # : 32,357 To Stock Point : EGHAM - E20 - 3 On 03/03/2014  16:18:32",Stock Point : EGHAM - E20 - 3,,,,,The Manager,53/55 High street ,Egham,Surrey,TW20 9EX
3348,,*Geisha Blossom Cork Placemat (6),6,£0.24,,,,,,
3606,,Cars Paints Stamper Set,6,£0.99,,,,,,
4072,,3 ass 50ml difusser in box,6,£1.49,,,,,,
4289,,R. Dahl fantastic mr fox book,4,£0.99,,,,,,
4324,,small tin box,6,£1.29,,,,,,
4325,,medium tin box,6,£1.49,,,,,,
4327,,*oval meat platter,5,£1.10,,,,,,
4330,,sponge bob protector watch,6,£2.99,,,,,,
4367,,plastic watering jug neon,4,£0.99,,,,,,
4369,,muted pastel colours glass candle 4 assorted (12)d,12,£0.99,,,,,,
4370,,4 pk muted pastel tealights (pack of 4 = 1 unit),6,£0.99,,,,,,
4371,,oriental/blossom glass candle 2 ast,6,£0.99,,,,,,
4395,,3 ast bluebell canvas 30x40cm (1 item=1 canvas),2,£2.99,,,,,,
4466,,so what ETD 20 ml spray (send out in 6),6,£0.99,,,,,,
4494,,Miffy mechanical pencil (40)d,40,£0.39,,,,,,
4941,,spiderman lunch box,2,£4.99,,,,,,
9708,,Chalk (4),4,£0.59,,,,,,
"Transfer # : 32,358 To Stock Point : COVENTRY - C50 - 2 On 03/03/2014  16:18:33",Stock Point : COVENTRY - C50 - 2,,,,,Sharon Fletcher,38 Hertford Street,COVENTRY,England,CV1 1LF
1007,,Asst Colour Ladies Handbag,6,£5.99,,,,,,
3348,,*Geisha Blossom Cork Placemat (6),6,£0.24,,,,,,
3427,,pack of 5 neon heart cookie cutters (36)D,12,£2.49,,,,,,
3620,,toy story multi function pen,6,£0.69,,,,,,
4292,,fish popsicle,6,£0.89,,,,,,
4459,,so exciting body spray (send out in 6),6,£0.29,,,,,,
4466,,so what ETD 20 ml spray (send out in 6),6,£0.99,,,,,,
4528,,spiderman table-top bskt-ball,3,£1.89,,,,,,
4723,,Mens attire high neck fashion cream jumper,5,£10.99,,,,,,
"Transfer # : 32,360 To Stock Point : FRASERBURGH - F79 - 2 On 03/03/2014  16:18:34",Stock Point : FRASERBURGH - F79 - 2,,,,,Katherine Madden,44 Broad Street,Fraserburgh,Scotland,AB43 9AH
1007,,Asst Colour Ladies Handbag,2,£5.99,,,,,,
3348,,*Geisha Blossom Cork Placemat (6),6,£0.24,,,,,,
3597,,Childrens Picture bugs,4,£0.94,,,,,,
3609,,*WTP 3 way scribble book,4,£0.69,,,,,,
4324,,small tin box,6,£1.29,,,,,,
4368,,Large white heart tealight hldr,12,£1.49,,,,,,
4389,,butterfly t-light holder neon,6,£0.99,,,,,,
4394,,ornate frame neon,4,£2.49,,,,,,
4421,,earmuffs with fake fur lining,6,£0.99,,,,,,
4423,,polyresin buddha on display (12)in,12,£1.29,,,,,,
4466,,so what ETD 20 ml spray (send out in 6),6,£0.99,,,,,,
4499,,Disney memory game (10)d,5,£0.99,,,,,,
4959,,asst shoulder bag buckle,2,£5.99,,,,,,
9698,,3x Disney Pens (5),5,£1.29,,,,,,
9708,,Chalk (4),6,£0.59,,,,,,
"Transfer # : 32,362 To Stock Point : EDINBURGH (NIC) - E37 - 1 On 03/03/2014  16:18:35",Stock Point : EDINBURGH (NIC) - E37 - 1,,,,,Jennifer Hunt,134 Nicolson Street,Edinburgh,Scotland,EH8 9EH
1007,,Asst Colour Ladies Handbag,2,£5.99,,,,,,
1103,,Puzzle Erasers (24) D (6),24,£0.99,,,,,,
3348,,*Geisha Blossom Cork Placemat (6),6,£0.24,,,,,,
3428,,metal glass hanging lantern with tealight(12)D,12,£1.99,,,,,,
4173,,spiderman large stationary set,4,£1.29,,,,,,
4292,,fish popsicle,6,£0.89,,,,,,
4333,,diamante false eyelashes (6)in,6,£0.99,,,,,,
4370,,4 pk muted pastel tealights (pack of 4 = 1 unit),6,£0.99,,,,,,
4387,,single letter metal hook,24,£0.99,,,,,,
4389,,butterfly t-light holder neon,12,£0.99,,,,,,
4402,,plastic neon coil,6,£0.99,,,,,,
4432,,puzzle 3D dinosaurs,6,£0.99,,,,,,
4450,,'So on the beach' body spray(send out in 6),6,£0.59,,,,,,
4473,,so brit body frangrance (send out in 6),6,£0.59,,,,,,
4495,,Chugginton bath+ shower gel (12)d,6,£0.59,,,,,,
4528,,spiderman table-top bskt-ball,4,£1.89,,,,,,
9698,,3x Disney Pens (5),5,£1.29,,,,,,
9708,,Chalk (4),4,£0.59,,,,,,
"Transfer # : 32,363 To Stock Point : HAMILTON - H11 - 1 On 03/03/2014  16:18:35",Stock Point : HAMILTON - H11 - 1,,,,,Helga Hone,30 Quarry Street,Hamilton,Lanarkshire,ML3 7AR
2576,,Assorted Boxed Jewellery (1),6,£2.99,,,,,,
3348,,*Geisha Blossom Cork Placemat (6),6,£0.24,,,,,,
4368,,Large white heart tealight hldr,6,£1.49,,,,,,
4371,,oriental/blossom glass candle 2 ast,6,£0.99,,,,,,
4385,,wire mesh candle holder with handle neon,6,£0.99,,,,,,
4389,,butterfly t-light holder neon,6,£0.99,,,,,,
4423,,polyresin buddha on display (12)in,12,£1.29,,,,,,
4492,,Spiderman gel pen (42)d,42,£0.39,,,,,,
4493,,Star Wars ballpoint pen (24)d,24,£0.39,,,,,,
9698,,3x Disney Pens (5),5,£1.29,,,,,,
"Transfer # : 32,365 To Stock Point : WORCESTER - W70 - 1 On 03/03/2014  16:18:37",Stock Point : WORCESTER - W70 - 1,,,,,Lorna Lonsdale,19 Mealcheapen Street,Worcester,England,WR1 2DQ
3348,,*Geisha Blossom Cork Placemat (6),6,£0.24,,,,,,
3558,,Plastic Bracelet Zipper 10 Colours (singles),12,£0.79,,,,,,
3611,,*WTP large pencil case,6,£0.69,,,,,,
4289,,R. Dahl fantastic mr fox book,6,£0.99,,,,,,
4410,,wood necklace funny animals,12,£1.49,,,,,,
4411,,wood bracelet funny animals,12,£0.89,,,,,,
4459,,so exciting body spray (send out in 6),6,£0.29,,,,,,
4466,,so what ETD 20 ml spray (send out in 6),6,£0.99,,,,,,
4473,,so brit body frangrance (send out in 6),6,£0.59,,,,,,
4503,,Chuggington liquid hand soap (12)d,6,£0.59,,,,,,
4527,,spiderman wall clock,4,£2.99,,,,,,
4528,,spiderman table-top bskt-ball,4,£1.89,,,,,,
4529,,spiderman ring toss,4,£1.89,,,,,,
"Transfer # : 32,366 To Stock Point : ABERDEEN (GEO) - A05 - 0 On 03/03/2014  16:18:37",Stock Point : ABERDEEN (GEO) - A05 - 0,,,,,Dianne Sherrington,179 George Street,Aberdeen,Scotland,AB25 1HX
3596,,*childrens picture horse and cow,6,£0.49,,,,,,
3602,,*Activity Messy Mat,4,£0.69,,,,,,
4172,,spiderman scribble set,4,£1.29,,,,,,
4369,,muted pastel colours glass candle 4 assorted (12)d,12,£0.99,,,,,,
4371,,oriental/blossom glass candle 2 ast,6,£0.99,,,,,,
4386,,single metal number hook,6,£0.99,,,,,,
4421,,earmuffs with fake fur lining,6,£0.99,,,,,,
4494,,Miffy mechanical pencil (40)d,40,£0.39,,,,,,
4720,,Mens 4 assorted colour cardigans,4,£8.99,,,,,,
"Transfer # : 32,367 To Stock Point : Bristol Promenade On 03/03/2014  16:18:38",Stock Point : Bristol Promenade,,,,,The Manager,3-4 The Promenade," Gloucester Road,",Bristol,BS7 8AL
1788,,New Large Glider (24) D,24,£1.29,,,,,,
2752,,Assorted Heart  Design Umbrella,6,£2.99,,,,,,
3348,,*Geisha Blossom Cork Placemat (6),6,£0.24,,,,,,
4371,,oriental/blossom glass candle 2 ast,8,£0.99,,,,,,
4386,,single metal number hook,24,£0.99,,,,,,
4387,,single letter metal hook,12,£0.99,,,,,,
4394,,ornate frame neon,4,£2.49,,,,,,
4435,,pom pom 2 pc pink/purple,6,£1.19,,,,,,
4529,,spiderman ring toss,4,£1.89,,,,,,
"Transfer # : 32,368 To Stock Point : CHATHAM - C19 - 0 On 03/03/2014  16:18:38",Stock Point : CHATHAM - C19 - 0,,,,,Katarine Palusova,122 High Street,Chatham,Kent,ME4 4BY
1007,,Asst Colour Ladies Handbag,4,£5.99,,,,,,
2576,,Assorted Boxed Jewellery (1),4,£2.99,,,,,,
3348,,*Geisha Blossom Cork Placemat (6),6,£0.24,,,,,,
3975,,Colour Adhesive Mirror (4),4,£0.49,,,,,,
4325,,medium tin box,6,£1.49,,,,,,
4375,,metal city skyline 4 hooks 42x15cm,6,£1.49,,,,,,
4451,,shp till you drp bdy fragrance (SEND IN 6`S),12,£0.59,,,,,,
4920,,silver double strap pocket bag,2,£5.99,,,,,,
4922,,go go puzzle notebook,4,£0.99,,,,,,
4932,,spiderman mesh gym bag,1,£1.69,,,,,,
4934,,planes mesh gym bag,1,£1.69,,,,,,
4939,,toystory backpack,1,£5.99,,,,,,
4940,,princess lunch box,1,£4.99,,,,,,
4959,,asst shoulder bag buckle,2,£5.99,,,,,,
"Transfer # : 32,370 To Stock Point : EDINBURGH (FOR) - E24 - 0 On 03/03/2014  16:18:39",Stock Point : EDINBURGH (FOR) - E24 - 0,,,,,Alison Grannum,39 Forrest Road,Edinburgh,Scotland,EH1 2QP
1103,,Puzzle Erasers (24) D (6),24,£0.99,,,,,,
3549,,Polyresin Baby in Basket 8x8cm 3 ass. (3)d,6,£0.99,,,,,,
3597,,Childrens Picture bugs,4,£0.94,,,,,,
4292,,fish popsicle,12,£0.89,,,,,,
4368,,Large white heart tealight hldr,6,£1.49,,,,,,
4369,,muted pastel colours glass candle 4 assorted (12)d,12,£0.99,,,,,,
4371,,oriental/blossom glass candle 2 ast,16,£0.99,,,,,,
4373,,wild flower small gift bag,8,£0.49,,,,,,
4380,,plastic bulldog keyring neon,8,£0.99,,,,,,
4384,,birdcage 6x4 photo frame neon,8,£2.99,,,,,,
4413,,wooden deco stick insects,12,£0.59,,,,,,
4451,,shp till you drp bdy fragrance (SEND IN 6`S),6,£0.59,,,,,,
4466,,so what ETD 20 ml spray (send out in 6),6,£0.99,,,,,,
"Transfer # : 32,371 To Stock Point : GLASGOW (KELV) - G44 - 0 On 03/03/2014  16:18:40",Stock Point : GLASGOW (KELV) - G44 - 0,,,,,Roisin Murray,214 Great Western Rd,Glasgow,Scotland,G4 9EJ
3348,,*Geisha Blossom Cork Placemat (6),6,£0.24,,,,,,
4292,,fish popsicle,6,£0.89,,,,,,
4362,,colander 4 assorted colours,6,£0.99,,,,,,
4371,,oriental/blossom glass candle 2 ast,12,£0.99,,,,,,
4380,,plastic bulldog keyring neon,6,£0.99,,,,,,
4381,,plastic bird keyring neon,6,£0.99,,,,,,
4406,,watermelon nylon shopper,36,£0.99,,,,,,
4412,,wooden whistle train,12,£1.19,,,,,,
4423,,polyresin buddha on display (12)in,12,£1.29,,,,,,
4431,,pack 6 felt tip pens,12,£0.59,,,,,,
4432,,puzzle 3D dinosaurs,6,£0.99,,,,,,
4450,,'So on the beach' body spray(send out in 6),6,£0.59,,,,,,
4504,,Bullyland disney cars sally model,6,£0.99,,,,,,
4505,,Bullyland Disney cars Dinoco Mcqueen model,6,£0.99,,,,,,
4922,,go go puzzle notebook,4,£0.99,,,,,,
4923,,Go Go creator Pack,4,£0.99,,,,,,
9708,,Chalk (4),4,£0.59,,,,,,
