"Transfer # : 31,100 To Stock Point : GLASGOW (CLARK) - G42 - 5 On 19/11/2013  12:36:54",Stock Point : GLASGOW (CLARK) - G42 - 5,,,,,The Manager,"Unit 19, 21 The Toll, Busby Rd ",Clarkston ,Glasgow,G76 7BG
1007,,Asst Colour Ladies Handbag,4,£5.99,,,,,,
2345,,Retro Queen Teabag Holder (12) D,12,£0.69,,,,,,
2576,,Assorted Boxed Jewellery (1),12,£2.99,,,,,,
2751,,Assorted Plain Umbrellas (12),12,£2.99,,,,,,
2752,,Assorted Heart  Design Umbrella,12,£2.99,,,,,,
3039,,Assorted Animal Prints Umbrella,12,£2.99,,,,,,
3040,,Assorted Spot Supermini Umbrella,12,£2.99,,,,,,
3414,,Tartan flittered parading owls2013,6,£3.99,,,,,,
3540,,Scented sachets 10 grams hanging (10)D,10,£0.29,,,,,,
3559,,Plastic grabber figurines 4 assorted,8,£0.79,,,,,,
3593,,Metal Tweezer trendy Girls  (24) D,72,£0.99,,,,,,
3623,,Access 3x thistle bows gold,12,£0.99,,,,,,
3639,,Access Square Drum Shiny Gold,6,£0.99,,,,,,
3641,,Access bow/spool/tag pack,12,£0.99,,,,,,
3642,,Access 3x Pris Curl Ribb,6,£0.99,,,,,,
3644,,Bags Bottle Photo Kitten,12,£0.49,,,,,,
3653,,tags xmas 12 double layer,12,£0.99,,,,,,
3654,,wrap xmas foiled sheets with tags,6,£0.99,,,,,,
3741,,wooden incense box 10 incense (singles),12,£1.49,,,,,,
3834,,swiss measuring spoons,2,£0.99,,,,,,
3837,,ring strap tote asst colour,1,£5.99,,,,,,
3997,,Rimmel nailpolish (36) FB,36,£1.29,,,,,,
4001,,sleek assorted nailpolish FB (36),36,£0.99,,,,,,
4005,,wet&wild foundation (singles),72,£1.49,,,,,,
4008,,unisex building blocks (singles),12,£0.99,,,,,,
4015,,square glass tea light holder(6) D,6,£0.79,,,,,,
4061,,silver lantern candle holdr (12)in,12,£1.49,,,,,,
4062,,black lantern candle hldr (12)in,12,£1.49,,,,,,
4082,,slimline scotland calender,12,£0.99,,,,,,
4083,,medium scotland calender,12,£1.29,,,,,,
4087,,medium organiser diary,24,£1.89,,,,,,
4089,,silm photo favourites calender,6,£1.29,,,,,,
4092,,green/pink/blue slimdiary(24)D,24,£1.29,,,,,,
4093,,blu/red/pur croc diary(24)D,24,£1.29,,,,,,
4095,,xmas med blue gift bag trees,12,£0.59,,,,,,
4096,,med black gift bag happy xmas,12,£0.59,,,,,,
4097,,xmas large photo kitten bag,12,£0.69,,,,,,
4098,,xmas 3 mixed size gift bag,12,£1.29,,,,,,
4099,,xmas pack 3 bottle bags,12,£0.99,,,,,,
4148,,xmas puppy photo bottle bag,12,£0.49,,,,,,
4149,,green/pink/blu drum bow string,12,£0.99,,,,,,
4150,,box of choc/champagne/gold string and bows,6,£0.99,,,,,,
4152,,asst gld silv bows string drum,12,£0.99,,,,,,
4153,,10sheet multi colour tissue paper,24,£0.69,,,,,,
4154,,12 gift tag joy/noel/tree/ball,12,£0.39,,,,,,
4156,,xmas 4 sheet wrap with 4 tag,12,£0.69,,,,,,
4157,,6 mini cracker puppy + kitten,12,£0.99,,,,,,
4158,,xmas 6 mini cute cracker,12,£0.99,,,,,,
4159,,santa stop here decoration,12,£0.99,,,,,,
4160,,xmas santa letter + pouch,12,£0.89,,,,,,
4162,,beastiez 6 stamper pads w ink,12,£0.99,,,,,,
4163,,xmas activity craft pad,12,£0.99,,,,,,
4164,,actvity M.Y.O xmas scene,6,£0.99,,,,,,
4165,,candycane/stocking stickers,12,£0.99,,,,,,
4166,,activity puzzle sleigh + tree,12,£0.99,,,,,,
4167,,activity stop santa sign,12,£0.99,,,,,,
4168,,activity count down to xmas,6,£0.99,,,,,,
4177,,xmas apron,6,£1.29,,,,,,
4178,,xmas santa melamine dip plate,6,£1.29,,,,,,
4179,,xmas santa melamine plate,6,£0.99,,,,,,
4180,,xmas santa belt sack,6,£2.29,,,,,,
4182,,xmas girls santa dress,12,£4.99,,,,,,
4184,,xmas pet bandana,6,£0.69,,,,,,
4185,,xmas adult santa outfit,6,£5.99,,,,,,
4324,,small tin box,6,£1.29,,,,,,
4325,,medium tin box,6,£1.49,,,,,,
4327,,oval meat platter,6,£2.99,,,,,,
4329,,blk bag shldr/mesngr strap zip,2,£5.99,,,,,,
4334,,asrt colour star tree topper decoration,4,£1.29,,,,,,
4337,,tealight holder woven cane and glass,2,£5.99,,,,,,
4343,,t-light holder silver or red,12,£0.79,,,,,,
4348,,scratch and colour craft set,2,£0.99,,,,,,
4353,,womens scarf asrt designs,6,£1.69,,,,,,
4360,,mens fleece gloves ast colour,12,£1.99,,,,,,
4361,,disney sml teaset ast designs 7/8 pieces pp,4,£0.99,,,,,,
4391,,3 piece dog stocking,12,£1.69,,,,,,
4392,,4 piece cat stocking,12,£1.69,,,,,,
4429,,angel on cloud display (12)in,24,£0.99,,,,,,
4430,,laying polyresin angel rose coloured headband (12),24,£1.99,,,,,,
4434,,treasure kit 9 assorted,2,£0.99,,,,,,
4442,,magic tricks 4 assorted,2,£1.19,,,,,,
4445,,mens gloves 4 assorted,6,£1.29,,,,,,
4459,,so exciting body spray (send out in 6),6,£0.59,,,,,,
4478,,you and me body fragrance (send out in 6),6,£0.59,,,,,,
4527,,spiderman wall clock,2,£2.99,,,,,,
4529,,spiderman ring toss,2,£1.89,,,,,,
4536,,disney animals sticker/transfer CDU (48)D,39,£0.49,,,,,,
4920,,silver double strap pocket bag,1,£5.99,,,,,,
4924,,Toy Story cup with straw,2,£1.49,,,,,,
4950,,dora mini back pack,1,£3.99,,,,,,
6235,,Worry Stones Marble Box Display (36),36,£0.69,,,,,,
9621,,xmas gold and white Sitting Ceramic Angels (12)in,12,£0.99,,,,,,
9992,,Angel kissing couple  Glitter Snow Globe,6,£1.69,,,,,,
9994,,Angel on Heart Shaped Display (96) D (12),24,£0.99,,,,,,
9995,,Guardian Angel in Bag (24) 1,24,£0.99,,,,,,
9996,,Angel Heart Magnet (12)in,12,£0.99,,,,,,
"Transfer # : 31,101 To Stock Point : HEADINGLEY - H25 - 5 On 19/11/2013  12:36:56",Stock Point : HEADINGLEY - H25 - 5,,,,,The Manager,12 Otley Rd,Headingley,Leeds ,LS6 2AD
1006,,assorted Men's Trilby Hat,2,£2.99,,,,,,
2269,,*Flitter Let It Snow,5,£3.99,,,,,,
2576,,Assorted Boxed Jewellery (1),6,£2.99,,,,,,
3412,,New flying santa 2013,2,£2.99,,,,,,
3563,,Rubber Bands Lucky Bands 4 Animal (singles),12,£0.29,,,,,,
3639,,Access Square Drum Shiny Gold,6,£0.99,,,,,,
3641,,Access bow/spool/tag pack,12,£0.99,,,,,,
3642,,Access 3x Pris Curl Ribb,6,£0.99,,,,,,
3654,,wrap xmas foiled sheets with tags,6,£0.99,,,,,,
3660,,Activity craft packs,4,£0.99,,,,,,
3730,,6 in 1  assorted incense sticks( singles),2,£1.29,,,,,,
3841,,metal clasp asst shoulder bag,2,£4.99,,,,,,
4087,,medium organiser diary,4,£1.89,,,,,,
4088,,slim diary on header card,10,£0.99,,,,,,
4090,,mini organiser diary(24)D,24,£1.49,,,,,,
4098,,xmas 3 mixed size gift bag,6,£1.29,,,,,,
4099,,xmas pack 3 bottle bags,6,£0.99,,,,,,
4148,,xmas puppy photo bottle bag,12,£0.49,,,,,,
4149,,green/pink/blu drum bow string,6,£0.99,,,,,,
4150,,box of choc/champagne/gold string and bows,6,£0.99,,,,,,
4154,,12 gift tag joy/noel/tree/ball,12,£0.39,,,,,,
4156,,xmas 4 sheet wrap with 4 tag,5,£0.69,,,,,,
4159,,santa stop here decoration,4,£0.99,,,,,,
4160,,xmas santa letter + pouch,4,£0.89,,,,,,
4164,,actvity M.Y.O xmas scene,2,£0.99,,,,,,
4206,,sara grey satin jacket,1,£7.99,,,,,,
4327,,oval meat platter,6,£2.99,,,,,,
4334,,asrt colour star tree topper decoration,6,£1.29,,,,,,
4346,,christmas hat,6,£0.89,,,,,,
4360,,mens fleece gloves ast colour,4,£1.99,,,,,,
4391,,3 piece dog stocking,6,£1.69,,,,,,
4392,,4 piece cat stocking,6,£1.69,,,,,,
4432,,puzzle 3D dinosaurs,2,£0.99,,,,,,
4450,,'So on the beach' body spray(send out in 6),6,£0.59,,,,,,
4452,,into the night bdy fragrance (send out in 6),6,£0.59,,,,,,
4453,,so desirable to go travel set (send out in 3),3,£1.99,,,,,,
4463,,so excitng cute together 2 box set (send out in 3),3,£1.99,,,,,,
4529,,spiderman ring toss,2,£1.89,,,,,,
4664,,Black oversize smock blouse,2,£5.99,,,,,,
4920,,silver double strap pocket bag,2,£5.99,,,,,,
4921,,taupe plain shoulder bag,2,£5.99,,,,,,
4924,,Toy Story cup with straw,1,£1.49,,,,,,
4925,,Fairies cup with straw,2,£1.49,,,,,,
4927,,minnie cup with straw,1,£1.49,,,,,,
9621,,xmas gold and white Sitting Ceramic Angels (12)in,12,£0.99,,,,,,
9754,,Power Rocket Launcher,4,£1.29,,,,,,
9995,,Guardian Angel in Bag (24) 1,24,£0.99,,,,,,
9996,,Angel Heart Magnet (12)in,12,£0.99,,,,,,
"Transfer # : 31,102 To Stock Point : LEVEN - L22 - 5 On 19/11/2013  12:36:57",Stock Point : LEVEN - L22 - 5,,,,,April Pigdon,4 Durie Street,Leven,Fife,KY8 4HE
1006,,assorted Men's Trilby Hat,2,£2.99,,,,,,
1007,,Asst Colour Ladies Handbag,4,£5.99,,,,,,
1103,,Puzzle Erasers (24) D (6),24,£0.99,,,,,,
1362,,plastic lid storage jars(12) D,12,£0.79,,,,,,
3360,,Red Pack of 4 Beaded Napkin Ring (12),4,£1.49,,,,,,
3368,,Grey Pack of 4 Beaded Napkin ring (12),4,£1.49,,,,,,
3369,,Red Pack of 4 Beaded Coaster (12),4,£1.49,,,,,,
3549,,Polyresin Baby in Basket 8x8cm 3 ass. (3)d,3,£0.99,,,,,,
3612,,*Icarly multi function pen,4,£0.69,,,,,,
3644,,Bags Bottle Photo Kitten,6,£0.49,,,,,,
3645,,hats santa & snowman headband,6,£0.99,,,,,,
3646,,partyware cups 6x9 oz santa & sn,6,£0.99,,,,,,
3649,,*Partyware Plates Rnd Trad,6,£0.49,,,,,,
3654,,wrap xmas foiled sheets with tags,12,£0.99,,,,,,
3729,,xmas heart dec (singles),6,£0.99,,,,,,
3828,,icecream pen + lipgloss (24)D,24,£0.69,,,,,,
3837,,ring strap tote asst colour,1,£5.99,,,,,,
3844,,jeans I phone cover,6,£0.99,,,,,,
3845,,I phone cover retro telephone,6,£0.99,,,,,,
3975,,Colour Adhesive Mirror (4),4,£0.49,,,,,,
3997,,Rimmel nailpolish (36) FB,36,£1.29,,,,,,
4001,,sleek assorted nailpolish FB (36),36,£0.99,,,,,,
4004,,wet&wild blusher (12) singles,24,£0.99,,,,,,
4015,,square glass tea light holder(6) D,6,£0.79,,,,,,
4078,,slimline traditional assorted calender,4,£0.99,,,,,,
4079,,slimline scenery calender,4,£0.99,,,,,,
4080,,slimline pet animal calender,4,£0.99,,,,,,
4081,,slim nature animal calender,4,£0.99,,,,,,
4083,,medium scotland calender,5,£1.29,,,,,,
4084,,med cupcakes baking calender,4,£1.29,,,,,,
4085,,med photo flowers calender,6,£1.29,,,,,,
4087,,medium organiser diary,6,£1.89,,,,,,
4088,,slim diary on header card,6,£0.99,,,,,,
4089,,silm photo favourites calender,6,£1.29,,,,,,
4095,,xmas med blue gift bag trees,4,£0.59,,,,,,
4096,,med black gift bag happy xmas,3,£0.59,,,,,,
4097,,xmas large photo kitten bag,4,£0.69,,,,,,
4099,,xmas pack 3 bottle bags,4,£0.99,,,,,,
4149,,green/pink/blu drum bow string,4,£0.99,,,,,,
4150,,box of choc/champagne/gold string and bows,4,£0.99,,,,,,
4152,,asst gld silv bows string drum,4,£0.99,,,,,,
4153,,10sheet multi colour tissue paper,6,£0.69,,,,,,
4154,,12 gift tag joy/noel/tree/ball,4,£0.39,,,,,,
4156,,xmas 4 sheet wrap with 4 tag,6,£0.69,,,,,,
4158,,xmas 6 mini cute cracker,4,£0.99,,,,,,
4160,,xmas santa letter + pouch,4,£0.89,,,,,,
4165,,candycane/stocking stickers,6,£0.99,,,,,,
4177,,xmas apron,6,£1.29,,,,,,
4180,,xmas santa belt sack,4,£2.29,,,,,,
4184,,xmas pet bandana,6,£0.69,,,,,,
4188,,faux leather tan flying jacket,1,£16.99,,,,,,
4283,,black clutch-white bird design,2,£2.99,,,,,,
4329,,blk bag shldr/mesngr strap zip,2,£5.99,,,,,,
4353,,womens scarf asrt designs,6,£1.69,,,,,,
4360,,mens fleece gloves ast colour,6,£1.99,,,,,,
4392,,4 piece cat stocking,3,£1.69,,,,,,
4421,,earmuffs with fake fur lining,6,£0.99,,,,,,
4429,,angel on cloud display (12)in,12,£0.99,,,,,,
4430,,laying polyresin angel rose coloured headband (12),12,£1.99,,,,,,
4454,,so des take me away travel set (send out in 3),3,£1.99,,,,,,
4456,,so kiss me travel set (SEND IN 3`S),6,£1.99,,,,,,
4463,,so excitng cute together 2 box set (send out in 3),6,£1.99,,,,,,
4466,,so what ETD 20 ml spray (send out in 6),6,£1.99,,,,,,
4486,,lost in love shower gel (send out in 4),4,£0.86,,,,,,
4491,,so exclusive 50ml ETD spray (send out in 3),6,£3.99,,,,,,
4920,,silver double strap pocket bag,2,£5.99,,,,,,
4921,,taupe plain shoulder bag,1,£5.99,,,,,,
4922,,go go puzzle notebook,4,£0.99,,,,,,
4923,,Go Go creator Pack,2,£0.99,,,,,,
4926,,cars cup with straw,2,£1.49,,,,,,
9621,,xmas gold and white Sitting Ceramic Angels (12)in,12,£0.99,,,,,,
9992,,Angel kissing couple  Glitter Snow Globe,12,£1.69,,,,,,
9994,,Angel on Heart Shaped Display (96) D (12),12,£0.99,,,,,,
9995,,Guardian Angel in Bag (24) 1,24,£0.99,,,,,,
9996,,Angel Heart Magnet (12)in,12,£0.99,,,,,,
"Transfer # : 31,103 To Stock Point : NANTWICH - N10 - 5 On 19/11/2013  12:36:59",Stock Point : NANTWICH - N10 - 5,,,,,Susan Davies,44 Beam Street,Nantwich,Cheshire,CW5 5LJ
1007,,Asst Colour Ladies Handbag,4,£5.99,,,,,,
1321,,asst twin pocket purse (6),6,£3.99,,,,,,
2751,,Assorted Plain Umbrellas (12),12,£2.99,,,,,,
2752,,Assorted Heart  Design Umbrella,6,£2.99,,,,,,
3039,,Assorted Animal Prints Umbrella,6,£2.99,,,,,,
3363,,Black Pack of 4 Beaded Napkin Ring (12),4,£1.49,,,,,,
3368,,Grey Pack of 4 Beaded Napkin ring (12),4,£1.49,,,,,,
3542,,Polyresin Keyring Owl asst in Gift Bag (24),24,£1.29,,,,,,
3620,,toy story multi function pen,4,£0.69,,,,,,
3623,,Access 3x thistle bows gold,4,£0.99,,,,,,
3639,,Access Square Drum Shiny Gold,4,£0.99,,,,,,
3641,,Access bow/spool/tag pack,4,£0.99,,,,,,
3642,,Access 3x Pris Curl Ribb,4,£0.99,,,,,,
3660,,Activity craft packs,5,£0.99,,,,,,
3745,,asst 20 pack incense sticks (24),4,£0.39,,,,,,
3836,,shoulder bag asst colours,2,£5.99,,,,,,
3952,,Ben 10 Glider (24) D,5,£0.29,,,,,,
3954,,Metallic Mini Soccer Ball (24) D,6,£0.79,,,,,,
3956,,Dinosaur Figures (36) D,9,£0.99,,,,,,
4075,,4 assorted 30 pack incense in tube (12)in,7,£1.49,,,,,,
4087,,medium organiser diary,4,£1.89,,,,,,
4157,,6 mini cracker puppy + kitten,4,£0.99,,,,,,
4162,,beastiez 6 stamper pads w ink,2,£0.99,,,,,,
4283,,black clutch-white bird design,7,£2.99,,,,,,
4304,,blk moon shaped shldr bag,4,£6.99,,,,,,
4324,,small tin box,2,£1.29,,,,,,
4325,,medium tin box,2,£1.49,,,,,,
4353,,womens scarf asrt designs,8,£1.69,,,,,,
4360,,mens fleece gloves ast colour,2,£1.99,,,,,,
4402,,plastic neon coil,4,£0.99,,,,,,
4409,,wood pirate fairy flexi dolls,4,£1.49,,,,,,
4459,,so exciting body spray (send out in 6),2,£0.59,,,,,,
4484,,first kiss body spray (send out in 6),2,£0.59,,,,,,
4503,,Chuggington liquid hand soap (12)d,5,£0.59,,,,,,
4920,,silver double strap pocket bag,2,£5.99,,,,,,
4921,,taupe plain shoulder bag,2,£5.99,,,,,,
9708,,Chalk (4),4,£0.59,,,,,,
"Transfer # : 31,104 To Stock Point : PLUMSTEAD - P40 - 5 On 19/11/2013  12:37:00",Stock Point : PLUMSTEAD - P40 - 5,,,,,Debbie Edgar,43 Lakedale Road,Plumstead,London,SE18 1PR
1321,,asst twin pocket purse (6),6,£3.99,,,,,,
1362,,plastic lid storage jars(12) D,12,£0.79,,,,,,
3251,,Dr brown tiered cord skirt,2,£4.99,,,,,,
3437,,large ladies hermes scarf,6,£2.69,,,,,,
3645,,hats santa & snowman headband,2,£0.99,,,,,,
3837,,ring strap tote asst colour,2,£5.99,,,,,,
3842,,asst colour clutch bag,2,£2.99,,,,,,
4004,,wet&wild blusher (12) singles,12,£0.99,,,,,,
4167,,activity stop santa sign,2,£0.99,,,,,,
4171,,spiderman scribble set,2,£1.29,,,,,,
4176,,cars 3 stamper set,2,£1.29,,,,,,
4288,,morph magnets,4,£1.29,,,,,,
4358,,glass jar 3 ast colours 12cm,4,£0.99,,,,,,
4404,,magic worm,6,£0.99,,,,,,
4432,,puzzle 3D dinosaurs,4,£0.99,,,,,,
4445,,mens gloves 4 assorted,4,£1.29,,,,,,
4503,,Chuggington liquid hand soap (12)d,8,£0.59,,,,,,
4528,,spiderman table-top bskt-ball,3,£1.89,,,,,,
4920,,silver double strap pocket bag,2,£5.99,,,,,,
4921,,taupe plain shoulder bag,1,£5.99,,,,,,
4929,,hello kitty 3d keychain boxed,4,£1.29,,,,,,
"Transfer # : 31,105 To Stock Point : SEAFORD - S77 - 5 On 19/11/2013  12:37:01",Stock Point : SEAFORD - S77 - 5,,,,,The Manager,3 Shepway Parade,Broad St ,Seaford,BN25 1LZ
1007,,Asst Colour Ladies Handbag,6,£5.99,,,,,,
1103,,Puzzle Erasers (24) D (6),24,£0.99,,,,,,
1321,,asst twin pocket purse (6),6,£3.99,,,,,,
2269,,*Flitter Let It Snow,12,£3.99,,,,,,
2751,,Assorted Plain Umbrellas (12),12,£2.99,,,,,,
3360,,Red Pack of 4 Beaded Napkin Ring (12),12,£1.49,,,,,,
3361,,Silver Pack of 4 Beaded Napkin Ring (12),12,£1.49,,,,,,
3369,,Red Pack of 4 Beaded Coaster (12),12,£1.49,,,,,,
3370,,Silver Pack of 4 Beaded Coaster (12),12,£1.49,,,,,,
3437,,large ladies hermes scarf,6,£2.69,,,,,,
3545,,Ceramic Figure Russian Doll 3 Colours,6,£0.59,,,,,,
3563,,Rubber Bands Lucky Bands 4 Animal (singles),4,£0.29,,,,,,
3602,,*Activity Messy Mat,6,£0.69,,,,,,
3653,,tags xmas 12 double layer,6,£0.99,,,,,,
3730,,6 in 1  assorted incense sticks( singles),4,£1.29,,,,,,
3741,,wooden incense box 10 incense (singles),4,£1.49,,,,,,
3836,,shoulder bag asst colours,2,£5.99,,,,,,
3837,,ring strap tote asst colour,2,£5.99,,,,,,
3838,,chain strap shoulder bag with flap clasp,2,£5.99,,,,,,
3840,,taupe buckle zip shoulder bag,2,£5.99,,,,,,
3841,,metal clasp asst shoulder bag,2,£4.99,,,,,,
3842,,asst colour clutch bag,2,£2.99,,,,,,
3845,,I phone cover retro telephone,5,£0.99,,,,,,
4008,,unisex building blocks (singles),4,£0.99,,,,,,
4061,,silver lantern candle holdr (12)in,12,£1.49,,,,,,
4062,,black lantern candle hldr (12)in,12,£1.49,,,,,,
4073,,3 assorted sachet box (36)in,36,£0.79,,,,,,
4090,,mini organiser diary(24)D,24,£1.49,,,,,,
4096,,med black gift bag happy xmas,4,£0.59,,,,,,
4097,,xmas large photo kitten bag,4,£0.69,,,,,,
4099,,xmas pack 3 bottle bags,6,£0.99,,,,,,
4150,,box of choc/champagne/gold string and bows,6,£0.99,,,,,,
4153,,10sheet multi colour tissue paper,6,£0.69,,,,,,
4156,,xmas 4 sheet wrap with 4 tag,6,£0.69,,,,,,
4157,,6 mini cracker puppy + kitten,6,£0.99,,,,,,
4158,,xmas 6 mini cute cracker,12,£0.99,,,,,,
4162,,beastiez 6 stamper pads w ink,4,£0.99,,,,,,
4165,,candycane/stocking stickers,2,£0.99,,,,,,
4166,,activity puzzle sleigh + tree,4,£0.99,,,,,,
4168,,activity count down to xmas,2,£0.99,,,,,,
4171,,spiderman scribble set,2,£1.29,,,,,,
4182,,xmas girls santa dress,4,£4.99,,,,,,
4184,,xmas pet bandana,6,£0.69,,,,,,
4283,,black clutch-white bird design,2,£2.99,,,,,,
4288,,morph magnets,12,£1.29,,,,,,
4289,,R. Dahl fantastic mr fox book,6,£0.99,,,,,,
4292,,fish popsicle,4,£0.89,,,,,,
4304,,blk moon shaped shldr bag,4,£6.99,,,,,,
4305,,floral canvas drawstring bag,4,£6.99,,,,,,
4311,,Tinkerbell back pack,2,£5.99,,,,,,
4329,,blk bag shldr/mesngr strap zip,2,£5.99,,,,,,
4343,,t-light holder silver or red,6,£0.79,,,,,,
4353,,womens scarf asrt designs,12,£1.69,,,,,,
4360,,mens fleece gloves ast colour,12,£1.99,,,,,,
4391,,3 piece dog stocking,4,£1.69,,,,,,
4392,,4 piece cat stocking,4,£1.69,,,,,,
4409,,wood pirate fairy flexi dolls,5,£1.49,,,,,,
4417,,rubber band bracelets love,8,£0.29,,,,,,
4421,,earmuffs with fake fur lining,6,£0.99,,,,,,
4445,,mens gloves 4 assorted,6,£1.29,,,,,,
4446,,ladies wallets,6,£3.99,,,,,,
4459,,so exciting body spray (send out in 6),2,£0.59,,,,,,
4478,,you and me body fragrance (send out in 6),1,£0.59,,,,,,
4480,,you and me shower gel (send out in 4),4,£0.86,,,,,,
4481,,you and me body scrub (send out in 4),2,£0.86,,,,,,
4487,,lost in love body scrub (send out in 4),2,£0.86,,,,,,
4505,,Bullyland Disney cars Dinoco Mcqueen model,4,£0.99,,,,,,
4575,,grey fur lined ugg knit snwflk,1,£12.99,,,,,,
4920,,silver double strap pocket bag,2,£5.99,,,,,,
4921,,taupe plain shoulder bag,2,£5.99,,,,,,
4925,,Fairies cup with straw,1,£1.49,,,,,,
4927,,minnie cup with straw,4,£1.49,,,,,,
4929,,hello kitty 3d keychain boxed,3,£1.29,,,,,,
9992,,Angel kissing couple  Glitter Snow Globe,6,£1.69,,,,,,
"Transfer # : 31,106 To Stock Point : SHREWSBURY - S40 - N On 19/11/2013  12:37:03",Stock Point : SHREWSBURY - S40 - N,,,,,The Manager,74 Mardol Street,Shrewsbury,,SY1 1PZ
1007,,Asst Colour Ladies Handbag,4,£5.99,,,,,,
1365,,clear glass sweet jar(12)D,12,£0.99,,,,,,
3368,,Grey Pack of 4 Beaded Napkin ring (12),4,£1.49,,,,,,
3369,,Red Pack of 4 Beaded Coaster (12),4,£1.49,,,,,,
3370,,Silver Pack of 4 Beaded Coaster (12),4,£1.49,,,,,,
3602,,*Activity Messy Mat,4,£0.69,,,,,,
3649,,*Partyware Plates Rnd Trad,6,£0.49,,,,,,
4079,,slimline scenery calender,4,£0.99,,,,,,
4095,,xmas med blue gift bag trees,4,£0.59,,,,,,
4096,,med black gift bag happy xmas,4,£0.59,,,,,,
4097,,xmas large photo kitten bag,4,£0.69,,,,,,
4153,,10sheet multi colour tissue paper,6,£0.69,,,,,,
4170,,spiderman 3 pen set,4,£1.29,,,,,,
4171,,spiderman scribble set,4,£1.29,,,,,,
4173,,spiderman large stationary set,4,£1.29,,,,,,
4179,,xmas santa melamine plate,4,£0.99,,,,,,
4283,,black clutch-white bird design,6,£2.99,,,,,,
4289,,R. Dahl fantastic mr fox book,4,£0.99,,,,,,
4329,,blk bag shldr/mesngr strap zip,2,£5.99,,,,,,
4353,,womens scarf asrt designs,12,£1.69,,,,,,
4360,,mens fleece gloves ast colour,6,£1.99,,,,,,
4421,,earmuffs with fake fur lining,5,£0.99,,,,,,
4446,,ladies wallets,4,£3.99,,,,,,
4453,,so desirable to go travel set (send out in 3),3,£1.99,,,,,,
4454,,so des take me away travel set (send out in 3),3,£1.99,,,,,,
4506,,Chuggington bubble bath (12)d,4,£0.59,,,,,,
4569,,cream Old Navy courdory skirt,2,£4.99,,,,,,
4920,,silver double strap pocket bag,2,£5.99,,,,,,
4921,,taupe plain shoulder bag,2,£5.99,,,,,,
4929,,hello kitty 3d keychain boxed,4,£1.29,,,,,,
4940,,princess lunch box,1,£4.99,,,,,,
6235,,Worry Stones Marble Box Display (36),36,£0.69,,,,,,
9621,,xmas gold and white Sitting Ceramic Angels (12)in,12,£0.99,,,,,,
9992,,Angel kissing couple  Glitter Snow Globe,6,£1.69,,,,,,
9994,,Angel on Heart Shaped Display (96) D (12),12,£0.99,,,,,,
"Transfer # : 31,107 To Stock Point : WALTON (THAMES) - W80 - 5 On 19/11/2013  12:37:04",Stock Point : WALTON (THAMES) - W80 - 5,,,,,Debby Brewer,233 County Road,Walton,Liverpool,L4 5PE
2322,,Cath Kidston Keyring (50) D,12,£0.29,,,,,,
2751,,Assorted Plain Umbrellas (12),12,£2.99,,,,,,
3040,,Assorted Spot Supermini Umbrella,12,£2.99,,,,,,
3119,,Black Cape,2,£19.99,,,,,,
3244,,Cream Mac,2,£8.99,,,,,,
3360,,Red Pack of 4 Beaded Napkin Ring (12),4,£1.49,,,,,,
3369,,Red Pack of 4 Beaded Coaster (12),4,£1.49,,,,,,
3437,,large ladies hermes scarf,8,£2.69,,,,,,
3623,,Access 3x thistle bows gold,6,£0.99,,,,,,
3644,,Bags Bottle Photo Kitten,6,£0.49,,,,,,
3660,,Activity craft packs,4,£0.99,,,,,,
3729,,xmas heart dec (singles),6,£0.99,,,,,,
3836,,shoulder bag asst colours,1,£5.99,,,,,,
4148,,xmas puppy photo bottle bag,5,£0.49,,,,,,
4182,,xmas girls santa dress,2,£4.99,,,,,,
4184,,xmas pet bandana,3,£0.69,,,,,,
4289,,R. Dahl fantastic mr fox book,5,£0.99,,,,,,
4292,,fish popsicle,4,£0.89,,,,,,
4343,,t-light holder silver or red,12,£0.79,,,,,,
4353,,womens scarf asrt designs,8,£1.69,,,,,,
4402,,plastic neon coil,8,£0.99,,,,,,
4404,,magic worm,9,£0.99,,,,,,
4430,,laying polyresin angel rose coloured headband (12),12,£1.99,,,,,,
4445,,mens gloves 4 assorted,4,£1.29,,,,,,
4450,,'So on the beach' body spray(send out in 6),3,£0.59,,,,,,
4451,,shp till you drp bdy fragrance (SEND IN 6`S),2,£0.59,,,,,,
4452,,into the night bdy fragrance (send out in 6),4,£0.59,,,,,,
4453,,so desirable to go travel set (send out in 3),3,£1.99,,,,,,
4492,,Spiderman gel pen (42)d,16,£0.39,,,,,,
4503,,Chuggington liquid hand soap (12)d,4,£0.59,,,,,,
4920,,silver double strap pocket bag,2,£5.99,,,,,,
4921,,taupe plain shoulder bag,2,£5.99,,,,,,
4943,,toystory sports cup,2,£1.49,,,,,,
4945,,faries sports cup,2,£1.49,,,,,,
6884,,worry heart stone keyring (90),12,£0.79,,,,,,
9621,,xmas gold and white Sitting Ceramic Angels (12)in,12,£0.99,,,,,,
9698,,3x Disney Pens (5),5,£1.29,,,,,,
9992,,Angel kissing couple  Glitter Snow Globe,12,£1.69,,,,,,
9994,,Angel on Heart Shaped Display (96) D (12),12,£0.99,,,,,,
9996,,Angel Heart Magnet (12)in,12,£0.99,,,,,,
"Transfer # : 31,108 To Stock Point : WORTHING - W76 - 5 On 19/11/2013  12:37:05",Stock Point : WORTHING - W76 - 5,,,,,Melisha Martin-Lacey,131 Montague Street,Worthing,Sussex,BN11 3BP
1007,,Asst Colour Ladies Handbag,6,£5.99,,,,,,
1103,,Puzzle Erasers (24) D (6),24,£0.99,,,,,,
1321,,asst twin pocket purse (6),4,£3.99,,,,,,
3557,,Plastic Helicopter with Launcher in poly bag,4,£0.89,,,,,,
3597,,Childrens Picture bugs,3,£1.89,,,,,,
3612,,*Icarly multi function pen,4,£0.69,,,,,,
3620,,toy story multi function pen,6,£0.69,,,,,,
3654,,wrap xmas foiled sheets with tags,4,£0.99,,,,,,
3729,,xmas heart dec (singles),6,£0.99,,,,,,
3745,,asst 20 pack incense sticks (24),8,£0.39,,,,,,
3835,,salt + pepper cockerel set,4,£1.59,,,,,,
3836,,shoulder bag asst colours,4,£5.99,,,,,,
3837,,ring strap tote asst colour,2,£5.99,,,,,,
3841,,metal clasp asst shoulder bag,2,£4.99,,,,,,
4080,,slimline pet animal calender,2,£0.99,,,,,,
4097,,xmas large photo kitten bag,4,£0.69,,,,,,
4149,,green/pink/blu drum bow string,4,£0.99,,,,,,
4153,,10sheet multi colour tissue paper,2,£0.69,,,,,,
4157,,6 mini cracker puppy + kitten,4,£0.99,,,,,,
4160,,xmas santa letter + pouch,4,£0.89,,,,,,
4162,,beastiez 6 stamper pads w ink,4,£0.99,,,,,,
4165,,candycane/stocking stickers,2,£0.99,,,,,,
4176,,cars 3 stamper set,4,£1.29,,,,,,
4179,,xmas santa melamine plate,4,£0.99,,,,,,
4182,,xmas girls santa dress,2,£4.99,,,,,,
4283,,black clutch-white bird design,4,£2.99,,,,,,
4289,,R. Dahl fantastic mr fox book,6,£0.99,,,,,,
4292,,fish popsicle,6,£0.89,,,,,,
4329,,blk bag shldr/mesngr strap zip,2,£5.99,,,,,,
4353,,womens scarf asrt designs,12,£1.69,,,,,,
4357,,red/wht cookie cutters 10 pk,4,£1.19,,,,,,
4358,,glass jar 3 ast colours 12cm,6,£0.99,,,,,,
4360,,mens fleece gloves ast colour,6,£1.99,,,,,,
4409,,wood pirate fairy flexi dolls,4,£1.49,,,,,,
4412,,wooden whistle train,6,£1.29,,,,,,
4445,,mens gloves 4 assorted,6,£1.29,,,,,,
4450,,'So on the beach' body spray(send out in 6),4,£0.59,,,,,,
4454,,so des take me away travel set (send out in 3),3,£1.99,,,,,,
4456,,so kiss me travel set (SEND IN 3`S),3,£1.99,,,,,,
4459,,so exciting body spray (send out in 6),4,£0.59,,,,,,
4464,,so exciting 3 peice box set lip (send in 3`s),3,£2.66,,,,,,
4470,,so him max shower gel (send out in 6),2,£0.86,,,,,,
4471,,so chilled shower gel mens (send out in 6),2,£0.86,,,,,,
4478,,you and me body fragrance (send out in 6),4,£0.59,,,,,,
4506,,Chuggington bubble bath (12)d,4,£0.59,,,,,,
4920,,silver double strap pocket bag,2,£5.99,,,,,,
4923,,Go Go creator Pack,3,£0.99,,,,,,
4925,,Fairies cup with straw,3,£1.49,,,,,,
4930,,princess mesh gym bag,1,£1.69,,,,,,
4948,,minnie mini backpack,1,£3.99,,,,,,
4951,,superman mini backpack,2,£3.99,,,,,,
4953,,spiderman mini back pack,2,£3.99,,,,,,
6235,,Worry Stones Marble Box Display (36),12,£0.69,,,,,,
9698,,3x Disney Pens (5),5,£1.29,,,,,,
9992,,Angel kissing couple  Glitter Snow Globe,12,£1.69,,,,,,
9994,,Angel on Heart Shaped Display (96) D (12),12,£0.99,,,,,,
9996,,Angel Heart Magnet (12)in,12,£0.99,,,,,,
"Transfer # : 31,109 To Stock Point : DERBY - D14 - 5 On 19/11/2013  12:37:06",Stock Point : DERBY - D14 - 5,,,,,The Manager,105 St Peter's Street,Derby,,DE1 2AD
1006,,assorted Men's Trilby Hat,2,£2.99,,,,,,
1007,,Asst Colour Ladies Handbag,4,£5.99,,,,,,
1362,,plastic lid storage jars(12) D,12,£0.79,,,,,,
2255,,*Snow Leopard,6,£1.99,,,,,,
2576,,Assorted Boxed Jewellery (1),6,£2.99,,,,,,
2929,,*Kids Black Short b`fly trim UGG Style Slipper,2,£2.99,,,,,,
3039,,Assorted Animal Prints Umbrella,12,£2.99,,,,,,
3360,,Red Pack of 4 Beaded Napkin Ring (12),4,£1.49,,,,,,
3363,,Black Pack of 4 Beaded Napkin Ring (12),2,£1.49,,,,,,
3393,,Moroccan Coloured glass tealight Holder (12) D,12,£1.29,,,,,,
3401,,Photgraphic bulldog 2013,6,£2.99,,,,,,
3410,,Contemporary foiled robin 2013,6,£2.99,,,,,,
3542,,Polyresin Keyring Owl asst in Gift Bag (24),24,£1.29,,,,,,
3549,,Polyresin Baby in Basket 8x8cm 3 ass. (3)d,6,£0.99,,,,,,
3558,,Plastic Bracelet Zipper 10 Colours (singles),12,£0.79,,,,,,
3559,,Plastic grabber figurines 4 assorted,4,£0.79,,,,,,
3623,,Access 3x thistle bows gold,6,£0.99,,,,,,
3639,,Access Square Drum Shiny Gold,6,£0.99,,,,,,
3641,,Access bow/spool/tag pack,10,£0.99,,,,,,
3642,,Access 3x Pris Curl Ribb,6,£0.99,,,,,,
3644,,Bags Bottle Photo Kitten,6,£0.49,,,,,,
3646,,partyware cups 6x9 oz santa & sn,12,£0.99,,,,,,
3649,,*Partyware Plates Rnd Trad,12,£0.49,,,,,,
3653,,tags xmas 12 double layer,6,£0.99,,,,,,
3729,,xmas heart dec (singles),6,£0.99,,,,,,
3828,,icecream pen + lipgloss (24)D,24,£0.69,,,,,,
3841,,metal clasp asst shoulder bag,3,£4.99,,,,,,
3845,,I phone cover retro telephone,4,£0.99,,,,,,
3954,,Metallic Mini Soccer Ball (24) D,24,£0.79,,,,,,
3975,,Colour Adhesive Mirror (4),4,£0.49,,,,,,
4078,,slimline traditional assorted calender,2,£0.99,,,,,,
4079,,slimline scenery calender,4,£0.99,,,,,,
4080,,slimline pet animal calender,2,£0.99,,,,,,
4084,,med cupcakes baking calender,6,£1.29,,,,,,
4088,,slim diary on header card,4,£0.99,,,,,,
4089,,silm photo favourites calender,4,£1.29,,,,,,
4090,,mini organiser diary(24)D,24,£1.49,,,,,,
4095,,xmas med blue gift bag trees,6,£0.59,,,,,,
4096,,med black gift bag happy xmas,6,£0.59,,,,,,
4099,,xmas pack 3 bottle bags,6,£0.99,,,,,,
4148,,xmas puppy photo bottle bag,6,£0.49,,,,,,
4149,,green/pink/blu drum bow string,6,£0.99,,,,,,
4150,,box of choc/champagne/gold string and bows,6,£0.99,,,,,,
4153,,10sheet multi colour tissue paper,12,£0.69,,,,,,
4154,,12 gift tag joy/noel/tree/ball,12,£0.39,,,,,,
4156,,xmas 4 sheet wrap with 4 tag,12,£0.69,,,,,,
4157,,6 mini cracker puppy + kitten,24,£0.99,,,,,,
4158,,xmas 6 mini cute cracker,6,£0.99,,,,,,
4165,,candycane/stocking stickers,6,£0.99,,,,,,
4171,,spiderman scribble set,2,£1.29,,,,,,
4178,,xmas santa melamine dip plate,6,£1.29,,,,,,
4182,,xmas girls santa dress,4,£4.99,,,,,,
4184,,xmas pet bandana,24,£0.69,,,,,,
4283,,black clutch-white bird design,2,£2.99,,,,,,
4304,,blk moon shaped shldr bag,1,£6.99,,,,,,
4325,,medium tin box,2,£1.49,,,,,,
4327,,oval meat platter,6,£2.99,,,,,,
4329,,blk bag shldr/mesngr strap zip,2,£5.99,,,,,,
4333,,diamante false eyelashes (6)in,6,£0.99,,,,,,
4353,,womens scarf asrt designs,6,£1.69,,,,,,
4360,,mens fleece gloves ast colour,4,£1.99,,,,,,
4391,,3 piece dog stocking,4,£1.69,,,,,,
4409,,wood pirate fairy flexi dolls,12,£1.49,,,,,,
4412,,wooden whistle train,12,£1.29,,,,,,
4416,,mini pug dog ornament (12)d,12,£0.79,,,,,,
4417,,rubber band bracelets love,12,£0.29,,,,,,
4423,,polyresin buddha on display (12)in,12,£1.29,,,,,,
4429,,angel on cloud display (12)in,12,£0.99,,,,,,
4430,,laying polyresin angel rose coloured headband (12),6,£1.99,,,,,,
4431,,pack 6 felt tip pens,12,£0.59,,,,,,
4450,,'So on the beach' body spray(send out in 6),6,£0.59,,,,,,
4451,,shp till you drp bdy fragrance (SEND IN 6`S),6,£0.59,,,,,,
4453,,so desirable to go travel set (send out in 3),3,£1.99,,,,,,
4459,,so exciting body spray (send out in 6),6,£0.59,,,,,,
4460,,so exciting ETD 30 ml spray (send out in 3),3,£2.66,,,,,,
4464,,so exciting 3 peice box set lip (send in 3`s),3,£2.66,,,,,,
4470,,so him max shower gel (send out in 6),6,£0.86,,,,,,
4471,,so chilled shower gel mens (send out in 6),6,£0.86,,,,,,
4477,,my love ETD 50ml spray (send out in 3),3,£3.99,,,,,,
4478,,you and me body fragrance (send out in 6),6,£0.59,,,,,,
4481,,you and me body scrub (send out in 4),4,£0.86,,,,,,
4484,,first kiss body spray (send out in 6),6,£0.59,,,,,,
4492,,Spiderman gel pen (42)d,42,£0.39,,,,,,
4495,,Chugginton bath+ shower gel (12)d,12,£0.59,,,,,,
4501,,Morgan vanilla body lotion (12)d,12,£1.29,,,,,,
4503,,Chuggington liquid hand soap (12)d,12,£0.59,,,,,,
4505,,Bullyland Disney cars Dinoco Mcqueen model,6,£0.99,,,,,,
4506,,Chuggington bubble bath (12)d,12,£0.59,,,,,,
4527,,spiderman wall clock,2,£2.99,,,,,,
4529,,spiderman ring toss,2,£1.89,,,,,,
4920,,silver double strap pocket bag,2,£5.99,,,,,,
4921,,taupe plain shoulder bag,2,£5.99,,,,,,
4923,,Go Go creator Pack,4,£0.99,,,,,,
9621,,xmas gold and white Sitting Ceramic Angels (12)in,12,£0.99,,,,,,
9992,,Angel kissing couple  Glitter Snow Globe,6,£1.69,,,,,,
9994,,Angel on Heart Shaped Display (96) D (12),12,£0.99,,,,,,
9995,,Guardian Angel in Bag (24) 1,24,£0.99,,,,,,
9996,,Angel Heart Magnet (12)in,12,£0.99,,,,,,
"Transfer # : 31,110 To Stock Point : EAST SHEEN - E05 - 4 On 19/11/2013  12:37:09",Stock Point : EAST SHEEN - E05 - 4,,,,,Helen,337 Upper Richmond Road West,East Sheen,London,SW14 8QR
1007,,Asst Colour Ladies Handbag,4,£5.99,,,,,,
1103,,Puzzle Erasers (24) D (6),24,£0.99,,,,,,
1365,,clear glass sweet jar(12)D,12,£0.99,,,,,,
1369,,asst sml colour storage basket,4,£0.99,,,,,,
2751,,Assorted Plain Umbrellas (12),6,£2.99,,,,,,
2752,,Assorted Heart  Design Umbrella,6,£2.99,,,,,,
3437,,large ladies hermes scarf,4,£2.69,,,,,,
3545,,Ceramic Figure Russian Doll 3 Colours,4,£0.59,,,,,,
3563,,Rubber Bands Lucky Bands 4 Animal (singles),24,£0.29,,,,,,
3644,,Bags Bottle Photo Kitten,4,£0.49,,,,,,
3653,,tags xmas 12 double layer,20,£0.99,,,,,,
3660,,Activity craft packs,4,£0.99,,,,,,
3729,,xmas heart dec (singles),6,£0.99,,,,,,
3836,,shoulder bag asst colours,2,£5.99,,,,,,
3838,,chain strap shoulder bag with flap clasp,2,£5.99,,,,,,
3840,,taupe buckle zip shoulder bag,1,£5.99,,,,,,
3842,,asst colour clutch bag,2,£2.99,,,,,,
3845,,I phone cover retro telephone,6,£0.99,,,,,,
3952,,Ben 10 Glider (24) D,24,£0.29,,,,,,
3954,,Metallic Mini Soccer Ball (24) D,24,£0.79,,,,,,
3975,,Colour Adhesive Mirror (4),4,£0.49,,,,,,
4008,,unisex building blocks (singles),6,£0.99,,,,,,
4085,,med photo flowers calender,2,£1.29,,,,,,
4097,,xmas large photo kitten bag,4,£0.69,,,,,,
4153,,10sheet multi colour tissue paper,12,£0.69,,,,,,
4157,,6 mini cracker puppy + kitten,6,£0.99,,,,,,
4165,,candycane/stocking stickers,6,£0.99,,,,,,
4170,,spiderman 3 pen set,3,£1.29,,,,,,
4172,,spiderman scribble set,4,£1.29,,,,,,
4283,,black clutch-white bird design,2,£2.99,,,,,,
4329,,blk bag shldr/mesngr strap zip,4,£5.99,,,,,,
4349,,craftset 6 assorted activities,2,£0.99,,,,,,
4352,,watercolour paint set 18 colour in set,2,£0.99,,,,,,
4353,,womens scarf asrt designs,2,£1.69,,,,,,
4358,,glass jar 3 ast colours 12cm,6,£0.99,,,,,,
4360,,mens fleece gloves ast colour,6,£1.99,,,,,,
4361,,disney sml teaset ast designs 7/8 pieces pp,2,£0.99,,,,,,
4402,,plastic neon coil,4,£0.99,,,,,,
4409,,wood pirate fairy flexi dolls,12,£1.49,,,,,,
4412,,wooden whistle train,12,£1.29,,,,,,
4421,,earmuffs with fake fur lining,6,£0.99,,,,,,
4432,,puzzle 3D dinosaurs,2,£0.99,,,,,,
4445,,mens gloves 4 assorted,6,£1.29,,,,,,
4450,,'So on the beach' body spray(send out in 6),6,£0.59,,,,,,
4453,,so desirable to go travel set (send out in 3),6,£1.99,,,,,,
4459,,so exciting body spray (send out in 6),6,£0.59,,,,,,
4470,,so him max shower gel (send out in 6),6,£0.86,,,,,,
4471,,so chilled shower gel mens (send out in 6),6,£0.86,,,,,,
4473,,so brit body frangrance (send out in 6),6,£0.59,,,,,,
4478,,you and me body fragrance (send out in 6),6,£0.59,,,,,,
4494,,Miffy mechanical pencil (40)d,40,£0.39,,,,,,
4495,,Chugginton bath+ shower gel (12)d,12,£0.59,,,,,,
4503,,Chuggington liquid hand soap (12)d,12,£0.59,,,,,,
4506,,Chuggington bubble bath (12)d,12,£0.59,,,,,,
4527,,spiderman wall clock,2,£2.99,,,,,,
4920,,silver double strap pocket bag,4,£5.99,,,,,,
4921,,taupe plain shoulder bag,4,£5.99,,,,,,
4929,,hello kitty 3d keychain boxed,4,£1.29,,,,,,
9754,,Power Rocket Launcher,4,£1.29,,,,,,
9995,,Guardian Angel in Bag (24) 1,24,£0.99,,,,,,
9996,,Angel Heart Magnet (12)in,12,£0.99,,,,,,
"Transfer # : 31,111 To Stock Point : HARROGATE - H18 - 4 On 19/11/2013  12:37:10",Stock Point : HARROGATE - H18 - 4,,,,,Andrew Brown,5 Commercial Street,Harrogate,North Yorks,HG1 1UB
1006,,assorted Men's Trilby Hat,2,£2.99,,,,,,
1007,,Asst Colour Ladies Handbag,4,£5.99,,,,,,
2576,,Assorted Boxed Jewellery (1),2,£2.99,,,,,,
3360,,Red Pack of 4 Beaded Napkin Ring (12),2,£1.49,,,,,,
3369,,Red Pack of 4 Beaded Coaster (12),6,£1.49,,,,,,
3542,,Polyresin Keyring Owl asst in Gift Bag (24),24,£1.29,,,,,,
3545,,Ceramic Figure Russian Doll 3 Colours,6,£0.59,,,,,,
3549,,Polyresin Baby in Basket 8x8cm 3 ass. (3)d,3,£0.99,,,,,,
3563,,Rubber Bands Lucky Bands 4 Animal (singles),12,£0.29,,,,,,
3609,,*WTP 3 way scribble book,2,£0.69,,,,,,
3729,,xmas heart dec (singles),6,£0.99,,,,,,
3836,,shoulder bag asst colours,1,£5.99,,,,,,
3845,,I phone cover retro telephone,4,£0.99,,,,,,
3975,,Colour Adhesive Mirror (4),4,£0.49,,,,,,
4078,,slimline traditional assorted calender,4,£0.99,,,,,,
4079,,slimline scenery calender,4,£0.99,,,,,,
4096,,med black gift bag happy xmas,12,£0.59,,,,,,
4097,,xmas large photo kitten bag,12,£0.69,,,,,,
4167,,activity stop santa sign,2,£0.99,,,,,,
4329,,blk bag shldr/mesngr strap zip,2,£5.99,,,,,,
4351,,bag of marbles galaxy theme 6 ast  colours,2,£0.99,,,,,,
4360,,mens fleece gloves ast colour,4,£1.99,,,,,,
4402,,plastic neon coil,12,£0.99,,,,,,
4404,,magic worm,6,£0.99,,,,,,
4454,,so des take me away travel set (send out in 3),4,£1.99,,,,,,
4456,,so kiss me travel set (SEND IN 3`S),3,£1.99,,,,,,
4463,,so excitng cute together 2 box set (send out in 3),3,£1.99,,,,,,
4492,,Spiderman gel pen (42)d,42,£0.39,,,,,,
4505,,Bullyland Disney cars Dinoco Mcqueen model,4,£0.99,,,,,,
4528,,spiderman table-top bskt-ball,2,£1.89,,,,,,
4529,,spiderman ring toss,2,£1.89,,,,,,
4672,,Extra long beige wool cardie,2,£6.99,,,,,,
4920,,silver double strap pocket bag,2,£5.99,,,,,,
4921,,taupe plain shoulder bag,2,£5.99,,,,,,
4922,,go go puzzle notebook,4,£0.99,,,,,,
4929,,hello kitty 3d keychain boxed,2,£1.29,,,,,,
9698,,3x Disney Pens (5),5,£1.29,,,,,,
9992,,Angel kissing couple  Glitter Snow Globe,12,£1.69,,,,,,
9994,,Angel on Heart Shaped Display (96) D (12),12,£0.99,,,,,,
9996,,Angel Heart Magnet (12)in,12,£0.99,,,,,,
"Transfer # : 31,112 To Stock Point : HAYWARDS HEATH On 19/11/2013  12:37:11",Stock Point : HAYWARDS HEATH,,,,,the manager ,105 South Road,Haywards Heath,,RH16 4LR
1007,,Asst Colour Ladies Handbag,4,£5.99,,,,,,
1103,,Puzzle Erasers (24) D (6),24,£0.99,,,,,,
1321,,asst twin pocket purse (6),6,£3.99,,,,,,
1367,,cars bubbles (36) D,36,£0.69,,,,,,
2576,,Assorted Boxed Jewellery (1),4,£2.99,,,,,,
2752,,Assorted Heart  Design Umbrella,6,£2.99,,,,,,
3040,,Assorted Spot Supermini Umbrella,6,£2.99,,,,,,
3549,,Polyresin Baby in Basket 8x8cm 3 ass. (3)d,3,£0.99,,,,,,
3556,,Plastic Car Mini Racers with Pull Back (24) D,24,£0.59,,,,,,
3563,,Rubber Bands Lucky Bands 4 Animal (singles),6,£0.29,,,,,,
3623,,Access 3x thistle bows gold,6,£0.99,,,,,,
3639,,Access Square Drum Shiny Gold,6,£0.99,,,,,,
3641,,Access bow/spool/tag pack,6,£0.99,,,,,,
3642,,Access 3x Pris Curl Ribb,6,£0.99,,,,,,
3644,,Bags Bottle Photo Kitten,4,£0.49,,,,,,
3645,,hats santa & snowman headband,4,£0.99,,,,,,
3646,,partyware cups 6x9 oz santa & sn,6,£0.99,,,,,,
3649,,*Partyware Plates Rnd Trad,12,£0.49,,,,,,
3653,,tags xmas 12 double layer,6,£0.99,,,,,,
3729,,xmas heart dec (singles),6,£0.99,,,,,,
3837,,ring strap tote asst colour,4,£5.99,,,,,,
3952,,Ben 10 Glider (24) D,24,£0.29,,,,,,
3954,,Metallic Mini Soccer Ball (24) D,24,£0.79,,,,,,
3975,,Colour Adhesive Mirror (4),4,£0.49,,,,,,
3997,,Rimmel nailpolish (36) FB,36,£1.29,,,,,,
4001,,sleek assorted nailpolish FB (36),36,£0.99,,,,,,
4096,,med black gift bag happy xmas,6,£0.59,,,,,,
4097,,xmas large photo kitten bag,6,£0.69,,,,,,
4098,,xmas 3 mixed size gift bag,4,£1.29,,,,,,
4099,,xmas pack 3 bottle bags,4,£0.99,,,,,,
4148,,xmas puppy photo bottle bag,6,£0.49,,,,,,
4149,,green/pink/blu drum bow string,6,£0.99,,,,,,
4150,,box of choc/champagne/gold string and bows,6,£0.99,,,,,,
4153,,10sheet multi colour tissue paper,6,£0.69,,,,,,
4154,,12 gift tag joy/noel/tree/ball,6,£0.39,,,,,,
4157,,6 mini cracker puppy + kitten,6,£0.99,,,,,,
4158,,xmas 6 mini cute cracker,4,£0.99,,,,,,
4160,,xmas santa letter + pouch,2,£0.89,,,,,,
4162,,beastiez 6 stamper pads w ink,2,£0.99,,,,,,
4163,,xmas activity craft pad,2,£0.99,,,,,,
4170,,spiderman 3 pen set,2,£1.29,,,,,,
4184,,xmas pet bandana,6,£0.69,,,,,,
4289,,R. Dahl fantastic mr fox book,6,£0.99,,,,,,
4329,,blk bag shldr/mesngr strap zip,2,£5.99,,,,,,
4332,,w7 sugar tips lip gloss (25)d,25,£1.29,,,,,,
4334,,asrt colour star tree topper decoration,6,£1.29,,,,,,
4346,,christmas hat,4,£0.89,,,,,,
4351,,bag of marbles galaxy theme 6 ast  colours,4,£0.99,,,,,,
4353,,womens scarf asrt designs,8,£1.69,,,,,,
4357,,red/wht cookie cutters 10 pk,4,£1.19,,,,,,
4360,,mens fleece gloves ast colour,6,£1.99,,,,,,
4390,,tripple wicker heart hng deco,4,£2.99,,,,,,
4391,,3 piece dog stocking,3,£1.69,,,,,,
4392,,4 piece cat stocking,3,£1.69,,,,,,
4404,,magic worm,12,£0.99,,,,,,
4408,,wooden fairy magnet,6,£0.59,,,,,,
4409,,wood pirate fairy flexi dolls,12,£1.49,,,,,,
4410,,wood necklace funny animals,12,£1.49,,,,,,
4411,,wood bracelet funny animals,12,£0.89,,,,,,
4412,,wooden whistle train,12,£1.29,,,,,,
4413,,wooden deco stick insects,6,£0.59,,,,,,
4414,,wooden watch hearts/flowers/star/ladybirds,12,£1.29,,,,,,
4415,,wooden spinning tops,12,£0.59,,,,,,
4416,,mini pug dog ornament (12)d,12,£0.79,,,,,,
4421,,earmuffs with fake fur lining,6,£0.99,,,,,,
4429,,angel on cloud display (12)in,12,£0.99,,,,,,
4430,,laying polyresin angel rose coloured headband (12),12,£1.99,,,,,,
4431,,pack 6 felt tip pens,4,£0.59,,,,,,
4432,,puzzle 3D dinosaurs,2,£0.99,,,,,,
4434,,treasure kit 9 assorted,2,£0.99,,,,,,
4442,,magic tricks 4 assorted,2,£1.19,,,,,,
4456,,so kiss me travel set (SEND IN 3`S),3,£1.99,,,,,,
4473,,so brit body frangrance (send out in 6),6,£0.59,,,,,,
4478,,you and me body fragrance (send out in 6),6,£0.59,,,,,,
4492,,Spiderman gel pen (42)d,42,£0.39,,,,,,
4493,,Star Wars ballpoint pen (24)d,24,£0.39,,,,,,
4494,,Miffy mechanical pencil (40)d,40,£0.39,,,,,,
4495,,Chugginton bath+ shower gel (12)d,12,£0.59,,,,,,
4503,,Chuggington liquid hand soap (12)d,12,£0.59,,,,,,
4505,,Bullyland Disney cars Dinoco Mcqueen model,6,£0.99,,,,,,
4506,,Chuggington bubble bath (12)d,12,£0.59,,,,,,
4920,,silver double strap pocket bag,2,£5.99,,,,,,
4921,,taupe plain shoulder bag,2,£5.99,,,,,,
4923,,Go Go creator Pack,2,£0.99,,,,,,
9754,,Power Rocket Launcher,2,£1.29,,,,,,
9992,,Angel kissing couple  Glitter Snow Globe,12,£1.69,,,,,,
9994,,Angel on Heart Shaped Display (96) D (12),12,£0.99,,,,,,
9995,,Guardian Angel in Bag (24) 1,24,£0.99,,,,,,
9996,,Angel Heart Magnet (12)in,12,£0.99,,,,,,
"Transfer # : 31,113 To Stock Point : INVERNESS - I41 - 4 On 19/11/2013  12:37:13",Stock Point : INVERNESS - I41 - 4,,,,,Sharon Hardie,2 Drummond Street,Inverness,Scotland,IV1 1EE
1007,,Asst Colour Ladies Handbag,4,£5.99,,,,,,
2358,,Rooster Red and White Home Sweet Home Canvas (4),2,£0.89,,,,,,
3368,,Grey Pack of 4 Beaded Napkin ring (12),4,£1.49,,,,,,
3369,,Red Pack of 4 Beaded Coaster (12),4,£1.49,,,,,,
3639,,Access Square Drum Shiny Gold,6,£0.99,,,,,,
3641,,Access bow/spool/tag pack,4,£0.99,,,,,,
3642,,Access 3x Pris Curl Ribb,3,£0.99,,,,,,
3644,,Bags Bottle Photo Kitten,4,£0.49,,,,,,
3646,,partyware cups 6x9 oz santa & sn,6,£0.99,,,,,,
3649,,*Partyware Plates Rnd Trad,6,£0.49,,,,,,
3729,,xmas heart dec (singles),6,£0.99,,,,,,
3957,,Wild Animal Figures (36) D,36,£0.99,,,,,,
3985,,Rose Napkin Holder (4),4,£0.99,,,,,,
4015,,square glass tea light holder(6) D,6,£0.79,,,,,,
4087,,medium organiser diary,6,£1.89,,,,,,
4088,,slim diary on header card,12,£0.99,,,,,,
4154,,12 gift tag joy/noel/tree/ball,12,£0.39,,,,,,
4156,,xmas 4 sheet wrap with 4 tag,4,£0.69,,,,,,
4157,,6 mini cracker puppy + kitten,4,£0.99,,,,,,
4158,,xmas 6 mini cute cracker,4,£0.99,,,,,,
4177,,xmas apron,6,£1.29,,,,,,
4283,,black clutch-white bird design,2,£2.99,,,,,,
4353,,womens scarf asrt designs,6,£1.69,,,,,,
4358,,glass jar 3 ast colours 12cm,4,£0.99,,,,,,
4430,,laying polyresin angel rose coloured headband (12),12,£1.99,,,,,,
4456,,so kiss me travel set (SEND IN 3`S),3,£1.99,,,,,,
4460,,so exciting ETD 30 ml spray (send out in 3),3,£2.66,,,,,,
4463,,so excitng cute together 2 box set (send out in 3),3,£1.99,,,,,,
4464,,so exciting 3 peice box set lip (send in 3`s),3,£2.66,,,,,,
4466,,so what ETD 20 ml spray (send out in 6),6,£1.99,,,,,,
4470,,so him max shower gel (send out in 6),6,£0.86,,,,,,
4471,,so chilled shower gel mens (send out in 6),6,£0.86,,,,,,
4493,,Star Wars ballpoint pen (24)d,24,£0.39,,,,,,
4503,,Chuggington liquid hand soap (12)d,12,£0.59,,,,,,
4505,,Bullyland Disney cars Dinoco Mcqueen model,6,£0.99,,,,,,
4506,,Chuggington bubble bath (12)d,12,£0.59,,,,,,
4920,,silver double strap pocket bag,2,£5.99,,,,,,
4921,,taupe plain shoulder bag,1,£5.99,,,,,,
6235,,Worry Stones Marble Box Display (36),36,£0.69,,,,,,
9992,,Angel kissing couple  Glitter Snow Globe,12,£1.69,,,,,,
9994,,Angel on Heart Shaped Display (96) D (12),12,£0.99,,,,,,
"Transfer # : 31,114 To Stock Point : PETERHEAD - P28 - 4 On 19/11/2013  12:37:14",Stock Point : PETERHEAD - P28 - 4,,,,,Susan McLatchie,11 Marischal Street,Peterhead,Scotland,AB42 1BS
1006,,assorted Men's Trilby Hat,2,£2.99,,,,,,
1007,,Asst Colour Ladies Handbag,4,£5.99,,,,,,
1321,,asst twin pocket purse (6),6,£3.99,,,,,,
3360,,Red Pack of 4 Beaded Napkin Ring (12),3,£1.49,,,,,,
3369,,Red Pack of 4 Beaded Coaster (12),2,£1.49,,,,,,
3623,,Access 3x thistle bows gold,4,£0.99,,,,,,
3639,,Access Square Drum Shiny Gold,4,£0.99,,,,,,
3641,,Access bow/spool/tag pack,4,£0.99,,,,,,
3642,,Access 3x Pris Curl Ribb,4,£0.99,,,,,,
3660,,Activity craft packs,4,£0.99,,,,,,
3729,,xmas heart dec (singles),6,£0.99,,,,,,
4008,,unisex building blocks (singles),2,£0.99,,,,,,
4015,,square glass tea light holder(6) D,6,£0.79,,,,,,
4079,,slimline scenery calender,4,£0.99,,,,,,
4081,,slim nature animal calender,3,£0.99,,,,,,
4082,,slimline scotland calender,6,£0.99,,,,,,
4083,,medium scotland calender,12,£1.29,,,,,,
4085,,med photo flowers calender,3,£1.29,,,,,,
4087,,medium organiser diary,6,£1.89,,,,,,
4089,,silm photo favourites calender,2,£1.29,,,,,,
4090,,mini organiser diary(24)D,24,£1.49,,,,,,
4093,,blu/red/pur croc diary(24)D,24,£1.29,,,,,,
4095,,xmas med blue gift bag trees,6,£0.59,,,,,,
4096,,med black gift bag happy xmas,8,£0.59,,,,,,
4098,,xmas 3 mixed size gift bag,3,£1.29,,,,,,
4099,,xmas pack 3 bottle bags,3,£0.99,,,,,,
4149,,green/pink/blu drum bow string,3,£0.99,,,,,,
4150,,box of choc/champagne/gold string and bows,3,£0.99,,,,,,
4152,,asst gld silv bows string drum,3,£0.99,,,,,,
4153,,10sheet multi colour tissue paper,4,£0.69,,,,,,
4154,,12 gift tag joy/noel/tree/ball,4,£0.39,,,,,,
4156,,xmas 4 sheet wrap with 4 tag,4,£0.69,,,,,,
4157,,6 mini cracker puppy + kitten,4,£0.99,,,,,,
4158,,xmas 6 mini cute cracker,4,£0.99,,,,,,
4163,,xmas activity craft pad,3,£0.99,,,,,,
4177,,xmas apron,6,£1.29,,,,,,
4181,,xmas adult santa hat + beard,3,£1.99,,,,,,
4283,,black clutch-white bird design,2,£2.99,,,,,,
4304,,blk moon shaped shldr bag,4,£6.99,,,,,,
4329,,blk bag shldr/mesngr strap zip,2,£5.99,,,,,,
4348,,scratch and colour craft set,3,£0.99,,,,,,
4350,,dot-dot 3D craftset 5 pieces PP,3,£1.19,,,,,,
4353,,womens scarf asrt designs,6,£1.69,,,,,,
4357,,red/wht cookie cutters 10 pk,3,£1.19,,,,,,
4358,,glass jar 3 ast colours 12cm,4,£0.99,,,,,,
4360,,mens fleece gloves ast colour,6,£1.99,,,,,,
4361,,disney sml teaset ast designs 7/8 pieces pp,3,£0.99,,,,,,
4421,,earmuffs with fake fur lining,6,£0.99,,,,,,
4430,,laying polyresin angel rose coloured headband (12),12,£1.99,,,,,,
4434,,treasure kit 9 assorted,2,£0.99,,,,,,
4445,,mens gloves 4 assorted,4,£1.29,,,,,,
4451,,shp till you drp bdy fragrance (SEND IN 6`S),1,£0.59,,,,,,
4456,,so kiss me travel set (SEND IN 3`S),2,£1.99,,,,,,
4463,,so excitng cute together 2 box set (send out in 3),3,£1.99,,,,,,
4464,,so exciting 3 peice box set lip (send in 3`s),3,£2.66,,,,,,
4484,,first kiss body spray (send out in 6),2,£0.59,,,,,,
4491,,so exclusive 50ml ETD spray (send out in 3),3,£3.99,,,,,,
4527,,spiderman wall clock,2,£2.99,,,,,,
4528,,spiderman table-top bskt-ball,1,£1.89,,,,,,
4529,,spiderman ring toss,1,£1.89,,,,,,
4920,,silver double strap pocket bag,2,£5.99,,,,,,
4921,,taupe plain shoulder bag,1,£5.99,,,,,,
4925,,Fairies cup with straw,1,£1.49,,,,,,
4944,,cars sports cup,1,£1.49,,,,,,
9975,,Silver/Gold Butterfly Canvas 20x20cm (4),2,£0.49,,,,,,
9992,,Angel kissing couple  Glitter Snow Globe,12,£1.69,,,,,,
"Transfer # : 31,115 To Stock Point : STOCKPORT - S34 - 4 On 19/11/2013  12:37:16",Stock Point : STOCKPORT - S34 - 4,,,,,The Manager,72-74 Princes Street,Stockport,England, SK1 1RJ
1006,,assorted Men's Trilby Hat,4,£2.99,,,,,,
1007,,Asst Colour Ladies Handbag,4,£5.99,,,,,,
2322,,Cath Kidston Keyring (50) D,12,£0.29,,,,,,
3360,,Red Pack of 4 Beaded Napkin Ring (12),5,£1.49,,,,,,
3370,,Silver Pack of 4 Beaded Coaster (12),4,£1.49,,,,,,
3542,,Polyresin Keyring Owl asst in Gift Bag (24),24,£1.29,,,,,,
3612,,*Icarly multi function pen,8,£0.69,,,,,,
3653,,tags xmas 12 double layer,6,£0.99,,,,,,
3654,,wrap xmas foiled sheets with tags,12,£0.99,,,,,,
3729,,xmas heart dec (singles),6,£0.99,,,,,,
3745,,asst 20 pack incense sticks (24),12,£0.39,,,,,,
4084,,med cupcakes baking calender,4,£1.29,,,,,,
4087,,medium organiser diary,8,£1.89,,,,,,
4097,,xmas large photo kitten bag,4,£0.69,,,,,,
4098,,xmas 3 mixed size gift bag,4,£1.29,,,,,,
4148,,xmas puppy photo bottle bag,6,£0.49,,,,,,
4149,,green/pink/blu drum bow string,6,£0.99,,,,,,
4150,,box of choc/champagne/gold string and bows,6,£0.99,,,,,,
4156,,xmas 4 sheet wrap with 4 tag,5,£0.69,,,,,,
4493,,Star Wars ballpoint pen (24)d,24,£0.39,,,,,,
4920,,silver double strap pocket bag,2,£5.99,,,,,,
4921,,taupe plain shoulder bag,1,£5.99,,,,,,
4930,,princess mesh gym bag,2,£1.69,,,,,,
4943,,toystory sports cup,2,£1.49,,,,,,
4946,,minnie sports cup,2,£1.49,,,,,,
9994,,Angel on Heart Shaped Display (96) D (12),12,£0.99,,,,,,
9995,,Guardian Angel in Bag (24) 1,24,£0.99,,,,,,
9996,,Angel Heart Magnet (12)in,12,£0.99,,,,,,
"Transfer # : 31,116 To Stock Point : WEST BRIDGFORD - 4 On 19/11/2013  12:37:17",Stock Point : WEST BRIDGFORD - 4,,,,,The manager,25 Tudor Square,West Bridgford,Nottingham,NG2 6BT
1006,,assorted Men's Trilby Hat,2,£2.99,,,,,,
1007,,Asst Colour Ladies Handbag,4,£5.99,,,,,,
2271,,London Tower Bridge,6,£3.99,,,,,,
3040,,Assorted Spot Supermini Umbrella,12,£2.99,,,,,,
3360,,Red Pack of 4 Beaded Napkin Ring (12),4,£1.49,,,,,,
3361,,Silver Pack of 4 Beaded Napkin Ring (12),4,£1.49,,,,,,
3363,,Black Pack of 4 Beaded Napkin Ring (12),4,£1.49,,,,,,
3368,,Grey Pack of 4 Beaded Napkin ring (12),4,£1.49,,,,,,
3369,,Red Pack of 4 Beaded Coaster (12),4,£1.49,,,,,,
3370,,Silver Pack of 4 Beaded Coaster (12),4,£1.49,,,,,,
3401,,Photgraphic bulldog 2013,5,£2.99,,,,,,
3410,,Contemporary foiled robin 2013,10,£2.99,,,,,,
3414,,Tartan flittered parading owls2013,10,£3.99,,,,,,
3417,,Edinburgh flittered fireworks 2013,10,£3.99,,,,,,
3623,,Access 3x thistle bows gold,6,£0.99,,,,,,
3639,,Access Square Drum Shiny Gold,6,£0.99,,,,,,
3641,,Access bow/spool/tag pack,6,£0.99,,,,,,
3642,,Access 3x Pris Curl Ribb,6,£0.99,,,,,,
3645,,hats santa & snowman headband,4,£0.99,,,,,,
3654,,wrap xmas foiled sheets with tags,12,£0.99,,,,,,
3729,,xmas heart dec (singles),6,£0.99,,,,,,
3730,,6 in 1  assorted incense sticks( singles),4,£1.29,,,,,,
3952,,Ben 10 Glider (24) D,24,£0.29,,,,,,
4015,,square glass tea light holder(6) D,6,£0.79,,,,,,
4016,,rd clear tea light holder6(D),12,£0.79,,,,,,
4061,,silver lantern candle holdr (12)in,6,£1.49,,,,,,
4062,,black lantern candle hldr (12)in,6,£1.49,,,,,,
4065,,gold pack 4 beaded coaster (12),4,£1.49,,,,,,
4078,,slimline traditional assorted calender,4,£0.99,,,,,,
4079,,slimline scenery calender,4,£0.99,,,,,,
4084,,med cupcakes baking calender,2,£1.29,,,,,,
4089,,silm photo favourites calender,6,£1.29,,,,,,
4095,,xmas med blue gift bag trees,6,£0.59,,,,,,
4096,,med black gift bag happy xmas,6,£0.59,,,,,,
4098,,xmas 3 mixed size gift bag,4,£1.29,,,,,,
4148,,xmas puppy photo bottle bag,4,£0.49,,,,,,
4149,,green/pink/blu drum bow string,4,£0.99,,,,,,
4150,,box of choc/champagne/gold string and bows,4,£0.99,,,,,,
4152,,asst gld silv bows string drum,4,£0.99,,,,,,
4153,,10sheet multi colour tissue paper,12,£0.69,,,,,,
4156,,xmas 4 sheet wrap with 4 tag,12,£0.69,,,,,,
4157,,6 mini cracker puppy + kitten,6,£0.99,,,,,,
4158,,xmas 6 mini cute cracker,6,£0.99,,,,,,
4159,,santa stop here decoration,8,£0.99,,,,,,
4160,,xmas santa letter + pouch,3,£0.89,,,,,,
4163,,xmas activity craft pad,8,£0.99,,,,,,
4164,,actvity M.Y.O xmas scene,8,£0.99,,,,,,
4166,,activity puzzle sleigh + tree,8,£0.99,,,,,,
4167,,activity stop santa sign,8,£0.99,,,,,,
4168,,activity count down to xmas,8,£0.99,,,,,,
4177,,xmas apron,4,£1.29,,,,,,
4179,,xmas santa melamine plate,4,£0.99,,,,,,
4180,,xmas santa belt sack,6,£2.29,,,,,,
4181,,xmas adult santa hat + beard,8,£1.99,,,,,,
4182,,xmas girls santa dress,4,£4.99,,,,,,
4184,,xmas pet bandana,6,£0.69,,,,,,
4185,,xmas adult santa outfit,4,£5.99,,,,,,
4288,,morph magnets,6,£1.29,,,,,,
4292,,fish popsicle,5,£0.89,,,,,,
4329,,blk bag shldr/mesngr strap zip,2,£5.99,,,,,,
4334,,asrt colour star tree topper decoration,6,£1.29,,,,,,
4343,,t-light holder silver or red,6,£0.79,,,,,,
4352,,watercolour paint set 18 colour in set,4,£0.99,,,,,,
4353,,womens scarf asrt designs,8,£1.69,,,,,,
4354,,xmastree red/grn 3 tierd stand,1,£2.99,,,,,,
4357,,red/wht cookie cutters 10 pk,6,£1.19,,,,,,
4390,,tripple wicker heart hng deco,4,£2.99,,,,,,
4391,,3 piece dog stocking,4,£1.69,,,,,,
4392,,4 piece cat stocking,4,£1.69,,,,,,
4404,,magic worm,4,£0.99,,,,,,
4417,,rubber band bracelets love,6,£0.29,,,,,,
4421,,earmuffs with fake fur lining,6,£0.99,,,,,,
4429,,angel on cloud display (12)in,12,£0.99,,,,,,
4430,,laying polyresin angel rose coloured headband (12),12,£1.99,,,,,,
4432,,puzzle 3D dinosaurs,4,£0.99,,,,,,
4503,,Chuggington liquid hand soap (12)d,4,£0.59,,,,,,
4505,,Bullyland Disney cars Dinoco Mcqueen model,2,£0.99,,,,,,
4527,,spiderman wall clock,2,£2.99,,,,,,
4528,,spiderman table-top bskt-ball,2,£1.89,,,,,,
4564,,malva brown printed blouse,2,£6.99,,,,,,
4675,,Cream heel chelsea boot,3,£10.99,,,,,,
4677,,Bronze platform heel shoe,5,£10.99,,,,,,
4681,,Black velvet platform heel shoe,4,£10.99,,,,,,
4687,,Nude Creeper Ballerina Shoe,4,£7.99,,,,,,
4920,,silver double strap pocket bag,2,£5.99,,,,,,
4921,,taupe plain shoulder bag,1,£5.99,,,,,,
4922,,go go puzzle notebook,2,£0.99,,,,,,
4929,,hello kitty 3d keychain boxed,1,£1.29,,,,,,
4931,,minnie mesh gym bag,2,£1.69,,,,,,
9621,,xmas gold and white Sitting Ceramic Angels (12)in,12,£0.99,,,,,,
9992,,Angel kissing couple  Glitter Snow Globe,6,£1.69,,,,,,
9994,,Angel on Heart Shaped Display (96) D (12),12,£0.99,,,,,,
9995,,Guardian Angel in Bag (24) 1,12,£0.99,,,,,,
"Transfer # : 31,117 To Stock Point : WESTGATE - W38 - 4 On 19/11/2013  12:37:19",Stock Point : WESTGATE - W38 - 4,,,,,Andrew Smith,31 Station Road,Westgate,Kent,CT8 8RB
1007,,Asst Colour Ladies Handbag,4,£5.99,,,,,,
1321,,asst twin pocket purse (6),2,£3.99,,,,,,
1365,,clear glass sweet jar(12)D,12,£0.99,,,,,,
2271,,London Tower Bridge,12,£3.99,,,,,,
3410,,Contemporary foiled robin 2013,12,£2.99,,,,,,
3414,,Tartan flittered parading owls2013,12,£3.99,,,,,,
3545,,Ceramic Figure Russian Doll 3 Colours,6,£0.59,,,,,,
3623,,Access 3x thistle bows gold,6,£0.99,,,,,,
3639,,Access Square Drum Shiny Gold,6,£0.99,,,,,,
3641,,Access bow/spool/tag pack,6,£0.99,,,,,,
3642,,Access 3x Pris Curl Ribb,6,£0.99,,,,,,
3653,,tags xmas 12 double layer,6,£0.99,,,,,,
3654,,wrap xmas foiled sheets with tags,6,£0.99,,,,,,
3729,,xmas heart dec (singles),6,£0.99,,,,,,
3837,,ring strap tote asst colour,2,£5.99,,,,,,
3952,,Ben 10 Glider (24) D,8,£0.29,,,,,,
3956,,Dinosaur Figures (36) D,8,£0.99,,,,,,
4008,,unisex building blocks (singles),4,£0.99,,,,,,
4072,,3 ass 50ml difusser in box,6,£1.49,,,,,,
4080,,slimline pet animal calender,4,£0.99,,,,,,
4088,,slim diary on header card,2,£0.99,,,,,,
4095,,xmas med blue gift bag trees,6,£0.59,,,,,,
4096,,med black gift bag happy xmas,6,£0.59,,,,,,
4097,,xmas large photo kitten bag,6,£0.69,,,,,,
4099,,xmas pack 3 bottle bags,6,£0.99,,,,,,
4173,,spiderman large stationary set,2,£1.29,,,,,,
4181,,xmas adult santa hat + beard,6,£1.99,,,,,,
4184,,xmas pet bandana,6,£0.69,,,,,,
4329,,blk bag shldr/mesngr strap zip,2,£5.99,,,,,,
4346,,christmas hat,12,£0.89,,,,,,
4353,,womens scarf asrt designs,12,£1.69,,,,,,
4360,,mens fleece gloves ast colour,6,£1.99,,,,,,
4391,,3 piece dog stocking,4,£1.69,,,,,,
4392,,4 piece cat stocking,4,£1.69,,,,,,
4421,,earmuffs with fake fur lining,6,£0.99,,,,,,
4505,,Bullyland Disney cars Dinoco Mcqueen model,3,£0.99,,,,,,
4920,,silver double strap pocket bag,1,£5.99,,,,,,
4927,,minnie cup with straw,2,£1.49,,,,,,
4928,,chuggington wallet,2,£1.29,,,,,,
6235,,Worry Stones Marble Box Display (36),36,£0.69,,,,,,
6884,,worry heart stone keyring (90),8,£0.79,,,,,,
9698,,3x Disney Pens (5),5,£1.29,,,,,,
9992,,Angel kissing couple  Glitter Snow Globe,12,£1.69,,,,,,
9994,,Angel on Heart Shaped Display (96) D (12),12,£0.99,,,,,,
9996,,Angel Heart Magnet (12)in,12,£0.99,,,,,,
"Transfer # : 31,118 To Stock Point : ARBROATH - A70 - 3 On 19/11/2013  12:37:21",Stock Point : ARBROATH - A70 - 3,,,,,Garry Swankie,160 High Street,Abbroath,Angus,DD11 1HW
1007,,Asst Colour Ladies Handbag,4,£5.99,,,,,,
1103,,Puzzle Erasers (24) D (6),24,£0.99,,,,,,
2576,,Assorted Boxed Jewellery (1),6,£2.99,,,,,,
2751,,Assorted Plain Umbrellas (12),6,£2.99,,,,,,
2752,,Assorted Heart  Design Umbrella,6,£2.99,,,,,,
3368,,Grey Pack of 4 Beaded Napkin ring (12),4,£1.49,,,,,,
3393,,Moroccan Coloured glass tealight Holder (12) D,12,£1.29,,,,,,
3540,,Scented sachets 10 grams hanging (10)D,10,£0.29,,,,,,
3545,,Ceramic Figure Russian Doll 3 Colours,6,£0.59,,,,,,
3549,,Polyresin Baby in Basket 8x8cm 3 ass. (3)d,3,£0.99,,,,,,
3556,,Plastic Car Mini Racers with Pull Back (24) D,24,£0.59,,,,,,
3557,,Plastic Helicopter with Launcher in poly bag,4,£0.89,,,,,,
3559,,Plastic grabber figurines 4 assorted,4,£0.79,,,,,,
3563,,Rubber Bands Lucky Bands 4 Animal (singles),12,£0.29,,,,,,
3602,,*Activity Messy Mat,6,£0.69,,,,,,
3623,,Access 3x thistle bows gold,4,£0.99,,,,,,
3639,,Access Square Drum Shiny Gold,6,£0.99,,,,,,
3641,,Access bow/spool/tag pack,4,£0.99,,,,,,
3642,,Access 3x Pris Curl Ribb,6,£0.99,,,,,,
3645,,hats santa & snowman headband,4,£0.99,,,,,,
3646,,partyware cups 6x9 oz santa & sn,6,£0.99,,,,,,
3649,,*Partyware Plates Rnd Trad,6,£0.49,,,,,,
3653,,tags xmas 12 double layer,6,£0.99,,,,,,
3654,,wrap xmas foiled sheets with tags,6,£0.99,,,,,,
3660,,Activity craft packs,4,£0.99,,,,,,
3729,,xmas heart dec (singles),6,£0.99,,,,,,
3740,,floral frangrance beads 48(D),24,£0.69,,,,,,
3825,,pedicure kit flip flops (6),6,£0.99,,,,,,
3837,,ring strap tote asst colour,1,£5.99,,,,,,
3845,,I phone cover retro telephone,4,£0.99,,,,,,
4015,,square glass tea light holder(6) D,6,£0.79,,,,,,
4072,,3 ass 50ml difusser in box,6,£1.49,,,,,,
4078,,slimline traditional assorted calender,6,£0.99,,,,,,
4079,,slimline scenery calender,6,£0.99,,,,,,
4080,,slimline pet animal calender,6,£0.99,,,,,,
4082,,slimline scotland calender,5,£0.99,,,,,,
4083,,medium scotland calender,8,£1.29,,,,,,
4085,,med photo flowers calender,4,£1.29,,,,,,
4087,,medium organiser diary,4,£1.89,,,,,,
4089,,silm photo favourites calender,8,£1.29,,,,,,
4090,,mini organiser diary(24)D,24,£1.49,,,,,,
4095,,xmas med blue gift bag trees,6,£0.59,,,,,,
4096,,med black gift bag happy xmas,4,£0.59,,,,,,
4097,,xmas large photo kitten bag,6,£0.69,,,,,,
4098,,xmas 3 mixed size gift bag,6,£1.29,,,,,,
4099,,xmas pack 3 bottle bags,6,£0.99,,,,,,
4148,,xmas puppy photo bottle bag,4,£0.49,,,,,,
4153,,10sheet multi colour tissue paper,6,£0.69,,,,,,
4156,,xmas 4 sheet wrap with 4 tag,6,£0.69,,,,,,
4163,,xmas activity craft pad,6,£0.99,,,,,,
4164,,actvity M.Y.O xmas scene,4,£0.99,,,,,,
4165,,candycane/stocking stickers,12,£0.99,,,,,,
4166,,activity puzzle sleigh + tree,2,£0.99,,,,,,
4167,,activity stop santa sign,6,£0.99,,,,,,
4168,,activity count down to xmas,4,£0.99,,,,,,
4171,,spiderman scribble set,2,£1.29,,,,,,
4177,,xmas apron,6,£1.29,,,,,,
4180,,xmas santa belt sack,2,£2.29,,,,,,
4181,,xmas adult santa hat + beard,2,£1.99,,,,,,
4182,,xmas girls santa dress,2,£4.99,,,,,,
4184,,xmas pet bandana,12,£0.69,,,,,,
4329,,blk bag shldr/mesngr strap zip,2,£5.99,,,,,,
4332,,w7 sugar tips lip gloss (25)d,25,£1.29,,,,,,
4353,,womens scarf asrt designs,6,£1.69,,,,,,
4357,,red/wht cookie cutters 10 pk,6,£1.19,,,,,,
4360,,mens fleece gloves ast colour,6,£1.99,,,,,,
4402,,plastic neon coil,4,£0.99,,,,,,
4404,,magic worm,4,£0.99,,,,,,
4421,,earmuffs with fake fur lining,6,£0.99,,,,,,
4423,,polyresin buddha on display (12)in,12,£1.29,,,,,,
4445,,mens gloves 4 assorted,6,£1.29,,,,,,
4451,,shp till you drp bdy fragrance (SEND IN 6`S),6,£0.59,,,,,,
4452,,into the night bdy fragrance (send out in 6),6,£0.59,,,,,,
4453,,so desirable to go travel set (send out in 3),3,£1.99,,,,,,
4459,,so exciting body spray (send out in 6),6,£0.59,,,,,,
4464,,so exciting 3 peice box set lip (send in 3`s),3,£2.66,,,,,,
4473,,so brit body frangrance (send out in 6),6,£0.59,,,,,,
4477,,my love ETD 50ml spray (send out in 3),3,£3.99,,,,,,
4478,,you and me body fragrance (send out in 6),6,£0.59,,,,,,
4479,,you and me 30ml EDT spray (send out in 4),4,£2.66,,,,,,
4489,,lost in love 50ml ETD spray (send out in 3),3,£3.29,,,,,,
4495,,Chugginton bath+ shower gel (12)d,12,£0.59,,,,,,
4921,,taupe plain shoulder bag,1,£5.99,,,,,,
9621,,xmas gold and white Sitting Ceramic Angels (12)in,12,£0.99,,,,,,
9708,,Chalk (4),4,£0.59,,,,,,
9992,,Angel kissing couple  Glitter Snow Globe,12,£1.69,,,,,,
9994,,Angel on Heart Shaped Display (96) D (12),48,£0.99,,,,,,
9996,,Angel Heart Magnet (12)in,12,£0.99,,,,,,
"Transfer # : 31,119 To Stock Point : CANTERBURY - C08 - 3 On 19/11/2013  12:37:23",Stock Point : CANTERBURY - C08 - 3,,,,,Stacey Gore,51/52 Northgate,Canterbury,Kent,CT1 1BE
1006,,assorted Men's Trilby Hat,4,£2.99,,,,,,
1007,,Asst Colour Ladies Handbag,4,£5.99,,,,,,
1103,,Puzzle Erasers (24) D (6),24,£0.99,,,,,,
1321,,asst twin pocket purse (6),4,£3.99,,,,,,
2576,,Assorted Boxed Jewellery (1),2,£2.99,,,,,,
2751,,Assorted Plain Umbrellas (12),8,£2.99,,,,,,
2752,,Assorted Heart  Design Umbrella,6,£2.99,,,,,,
3039,,Assorted Animal Prints Umbrella,6,£2.99,,,,,,
3040,,Assorted Spot Supermini Umbrella,6,£2.99,,,,,,
3360,,Red Pack of 4 Beaded Napkin Ring (12),12,£1.49,,,,,,
3361,,Silver Pack of 4 Beaded Napkin Ring (12),12,£1.49,,,,,,
3363,,Black Pack of 4 Beaded Napkin Ring (12),4,£1.49,,,,,,
3368,,Grey Pack of 4 Beaded Napkin ring (12),4,£1.49,,,,,,
3369,,Red Pack of 4 Beaded Coaster (12),12,£1.49,,,,,,
3370,,Silver Pack of 4 Beaded Coaster (12),12,£1.49,,,,,,
3559,,Plastic grabber figurines 4 assorted,6,£0.79,,,,,,
3593,,Metal Tweezer trendy Girls  (24) D,24,£0.99,,,,,,
3642,,Access 3x Pris Curl Ribb,4,£0.99,,,,,,
3645,,hats santa & snowman headband,8,£0.99,,,,,,
3653,,tags xmas 12 double layer,6,£0.99,,,,,,
3836,,shoulder bag asst colours,1,£5.99,,,,,,
3842,,asst colour clutch bag,2,£2.99,,,,,,
3845,,I phone cover retro telephone,6,£0.99,,,,,,
3954,,Metallic Mini Soccer Ball (24) D,24,£0.79,,,,,,
3995,,mini bourjois foundation (48),48,£0.69,,,,,,
3997,,Rimmel nailpolish (36) FB,36,£1.29,,,,,,
4001,,sleek assorted nailpolish FB (36),36,£0.99,,,,,,
4008,,unisex building blocks (singles),8,£0.99,,,,,,
4016,,rd clear tea light holder6(D),6,£0.79,,,,,,
4075,,4 assorted 30 pack incense in tube (12)in,12,£1.49,,,,,,
4078,,slimline traditional assorted calender,4,£0.99,,,,,,
4079,,slimline scenery calender,6,£0.99,,,,,,
4080,,slimline pet animal calender,4,£0.99,,,,,,
4081,,slim nature animal calender,4,£0.99,,,,,,
4085,,med photo flowers calender,4,£1.29,,,,,,
4087,,medium organiser diary,12,£1.89,,,,,,
4088,,slim diary on header card,6,£0.99,,,,,,
4089,,silm photo favourites calender,4,£1.29,,,,,,
4096,,med black gift bag happy xmas,6,£0.59,,,,,,
4097,,xmas large photo kitten bag,6,£0.69,,,,,,
4149,,green/pink/blu drum bow string,12,£0.99,,,,,,
4150,,box of choc/champagne/gold string and bows,12,£0.99,,,,,,
4153,,10sheet multi colour tissue paper,12,£0.69,,,,,,
4154,,12 gift tag joy/noel/tree/ball,20,£0.39,,,,,,
4157,,6 mini cracker puppy + kitten,6,£0.99,,,,,,
4159,,santa stop here decoration,6,£0.99,,,,,,
4166,,activity puzzle sleigh + tree,4,£0.99,,,,,,
4168,,activity count down to xmas,2,£0.99,,,,,,
4283,,black clutch-white bird design,1,£2.99,,,,,,
4289,,R. Dahl fantastic mr fox book,6,£0.99,,,,,,
4329,,blk bag shldr/mesngr strap zip,2,£5.99,,,,,,
4343,,t-light holder silver or red,6,£0.79,,,,,,
4352,,watercolour paint set 18 colour in set,4,£0.99,,,,,,
4353,,womens scarf asrt designs,8,£1.69,,,,,,
4360,,mens fleece gloves ast colour,12,£1.99,,,,,,
4361,,disney sml teaset ast designs 7/8 pieces pp,4,£0.99,,,,,,
4391,,3 piece dog stocking,4,£1.69,,,,,,
4392,,4 piece cat stocking,4,£1.69,,,,,,
4404,,magic worm,12,£0.99,,,,,,
4409,,wood pirate fairy flexi dolls,12,£1.49,,,,,,
4412,,wooden whistle train,12,£1.29,,,,,,
4416,,mini pug dog ornament (12)d,12,£0.79,,,,,,
4417,,rubber band bracelets love,12,£0.29,,,,,,
4423,,polyresin buddha on display (12)in,12,£1.29,,,,,,
4429,,angel on cloud display (12)in,12,£0.99,,,,,,
4434,,treasure kit 9 assorted,2,£0.99,,,,,,
4442,,magic tricks 4 assorted,2,£1.19,,,,,,
4445,,mens gloves 4 assorted,6,£1.29,,,,,,
4446,,ladies wallets,2,£3.99,,,,,,
4452,,into the night bdy fragrance (send out in 6),6,£0.59,,,,,,
4454,,so des take me away travel set (send out in 3),3,£1.99,,,,,,
4456,,so kiss me travel set (SEND IN 3`S),6,£1.99,,,,,,
4463,,so excitng cute together 2 box set (send out in 3),3,£1.99,,,,,,
4464,,so exciting 3 peice box set lip (send in 3`s),3,£2.66,,,,,,
4467,,so him hair styling wax (send out in 6),6,£0.86,,,,,,
4468,,so him body spray (send out in 6),6,£0.86,,,,,,
4469,,so him mens 50ml  fragrance (send out in 6),6,£3.99,,,,,,
4470,,so him max shower gel (send out in 6),6,£0.86,,,,,,
4471,,so chilled shower gel mens (send out in 6),6,£0.86,,,,,,
4473,,so brit body frangrance (send out in 6),6,£0.59,,,,,,
4477,,my love ETD 50ml spray (send out in 3),3,£3.99,,,,,,
4492,,Spiderman gel pen (42)d,42,£0.39,,,,,,
4493,,Star Wars ballpoint pen (24)d,24,£0.39,,,,,,
4495,,Chugginton bath+ shower gel (12)d,6,£0.59,,,,,,
4503,,Chuggington liquid hand soap (12)d,6,£0.59,,,,,,
4505,,Bullyland Disney cars Dinoco Mcqueen model,6,£0.99,,,,,,
4506,,Chuggington bubble bath (12)d,6,£0.59,,,,,,
4527,,spiderman wall clock,2,£2.99,,,,,,
4528,,spiderman table-top bskt-ball,2,£1.89,,,,,,
4529,,spiderman ring toss,2,£1.89,,,,,,
4564,,malva brown printed blouse,1,£6.99,,,,,,
4672,,Extra long beige wool cardie,2,£6.99,,,,,,
4920,,silver double strap pocket bag,2,£5.99,,,,,,
4921,,taupe plain shoulder bag,2,£5.99,,,,,,
4922,,go go puzzle notebook,2,£0.99,,,,,,
9992,,Angel kissing couple  Glitter Snow Globe,12,£1.69,,,,,,
9994,,Angel on Heart Shaped Display (96) D (12),12,£0.99,,,,,,
9996,,Angel Heart Magnet (12)in,12,£0.99,,,,,,
