"Transfer # : 32,089 To Stock Point : CRYSTAL PALACE - C90 - 6 On 11/02/2014  10:37:13",Stock Point : CRYSTAL PALACE - C90 - 6,,,,,The Manager,11 Westow Hill,Crystal Palace,London,SE19 1TQ
1112,,grey cotton jacket mac style,4,£4.99,,,,,,
1115,,assorted mens shirts,5,£6.99,,,,,,
4302,,old nvy sq neck tunic brwn,4,£2.99,,,,,,
4303,,old nvy sq neck tunic khaki,4,£2.99,,,,,,
4691,,black or white clutch neon straps,5,£2.99,,,,,,
4700,,Green peter pan collar l/s dress,5,£7.99,,,,,,
4701,,Black peter pan collar l/s dress,5,£7.99,,,,,,
4702,,Plum linen jacket 3 button,6,£8.99,,,,,,
4706,,v-neck knit long jumper brown/plum,4,£6.99,,,,,,
4707,,Long knit cardigan assorted colours,6,£6.99,,,,,,
4708,,Rope knit round neck jumper,6,£6.99,,,,,,
4710,,Grey jumper with white lace front,9,£6.99,,,,,,
4712,,Plum strap drape tunic top,6,£3.99,,,,,,
4713,,Button up blouse ribbed detail 3 ast colours,6,£5.99,,,,,,
4714,,Blue button up smock blouse,7,£2.99,,,,,,
4715,,Yellow button up smock blouse,7,£2.99,,,,,,
4718,,Men's Vans style shoe,7,£7.99,,,,,,
4719,,Men's grey lightweight jacket,8,£14.99,,,,,,
4721,,Mens stripe shirt,5,£6.99,,,,,,
4722,,L/S baby bodysuit assorted colours,20,£1.99,,,,,,
"Transfer # : 32,090 To Stock Point : EDINBURGH (DAL) - E19 - 6 On 11/02/2014  10:37:32",Stock Point : EDINBURGH (DAL) - E19 - 6,,,,,Susan Johnstone,27 Dalry Road,Edinburgh,Scotland,EH11 2BQ
4302,,old nvy sq neck tunic brwn,4,£2.99,,,,,,
4303,,old nvy sq neck tunic khaki,4,£2.99,,,,,,
4692,,L/S orange shoulder panel blouse,4,£6.99,,,,,,
4695,,Black zip drape dress,8,£12.99,,,,,,
4701,,Black peter pan collar l/s dress,5,£7.99,,,,,,
4702,,Plum linen jacket 3 button,6,£8.99,,,,,,
4706,,v-neck knit long jumper brown/plum,4,£6.99,,,,,,
4708,,Rope knit round neck jumper,6,£6.99,,,,,,
4710,,Grey jumper with white lace front,9,£6.99,,,,,,
4713,,Button up blouse ribbed detail 3 ast colours,6,£5.99,,,,,,
4715,,Yellow button up smock blouse,7,£2.99,,,,,,
4718,,Men's Vans style shoe,7,£7.99,,,,,,
4719,,Men's grey lightweight jacket,8,£14.99,,,,,,
4720,,Mens 4 assorted colour cardigans,4,£8.99,,,,,,
4721,,Mens stripe shirt,5,£6.99,,,,,,
4722,,L/S baby bodysuit assorted colours,20,£1.99,,,,,,
4723,,Mens attire high neck fashion cream jumper,5,£10.99,,,,,,
"Transfer # : 32,091 To Stock Point : GLASGOW (BOTAN) - G38 - 6 On 11/02/2014  10:37:33",Stock Point : GLASGOW (BOTAN) - G38 - 6,,,,,Lynne Bracken,679 Great Western Rd,Glasgow,Scotland,G12 8RA
1113,,black smock drape blouse,3,£6.99,,,,,,
1115,,assorted mens shirts,5,£6.99,,,,,,
4692,,L/S orange shoulder panel blouse,4,£6.99,,,,,,
4695,,Black zip drape dress,8,£12.99,,,,,,
4696,,L/S orange/red leopard print dress,12,£14.99,,,,,,
4701,,Black peter pan collar l/s dress,5,£7.99,,,,,,
4704,,3 button lilac mac jacket,4,£9.99,,,,,,
4708,,Rope knit round neck jumper,6,£6.99,,,,,,
4709,,Tweed shorts,6,£6.99,,,,,,
4710,,Grey jumper with white lace front,9,£6.99,,,,,,
4718,,Men's Vans style shoe,7,£7.99,,,,,,
4721,,Mens stripe shirt,5,£6.99,,,,,,
4723,,Mens attire high neck fashion cream jumper,5,£10.99,,,,,,
"Transfer # : 32,092 To Stock Point : HYTHE - H96 - 6 On 11/02/2014  10:37:33",Stock Point : HYTHE - H96 - 6,,,,,Karen Gower,105 High Street,Hythe,Kent,CT21 5JH
1112,,grey cotton jacket mac style,4,£4.99,,,,,,
1115,,assorted mens shirts,5,£6.99,,,,,,
4302,,old nvy sq neck tunic brwn,4,£2.99,,,,,,
4303,,old nvy sq neck tunic khaki,4,£2.99,,,,,,
4700,,Green peter pan collar l/s dress,5,£7.99,,,,,,
4701,,Black peter pan collar l/s dress,5,£7.99,,,,,,
4702,,Plum linen jacket 3 button,6,£8.99,,,,,,
4706,,v-neck knit long jumper brown/plum,4,£6.99,,,,,,
4707,,Long knit cardigan assorted colours,6,£6.99,,,,,,
4708,,Rope knit round neck jumper,6,£6.99,,,,,,
4710,,Grey jumper with white lace front,9,£6.99,,,,,,
4712,,Plum strap drape tunic top,6,£3.99,,,,,,
4713,,Button up blouse ribbed detail 3 ast colours,6,£5.99,,,,,,
4715,,Yellow button up smock blouse,7,£2.99,,,,,,
4718,,Men's Vans style shoe,7,£7.99,,,,,,
4719,,Men's grey lightweight jacket,8,£14.99,,,,,,
4721,,Mens stripe shirt,5,£6.99,,,,,,
4722,,L/S baby bodysuit assorted colours,20,£1.99,,,,,,
"Transfer # : 32,093 To Stock Point : ELGIN - E59 - 5 On 11/02/2014  10:37:34",Stock Point : ELGIN - E59 - 5,,,,,Lorna Jack,85 High Street,Elgin,Morayshire,IV30 1EA
4302,,old nvy sq neck tunic brwn,4,£2.99,,,,,,
4303,,old nvy sq neck tunic khaki,4,£2.99,,,,,,
4692,,L/S orange shoulder panel blouse,4,£6.99,,,,,,
4702,,Plum linen jacket 3 button,6,£8.99,,,,,,
4708,,Rope knit round neck jumper,6,£6.99,,,,,,
4710,,Grey jumper with white lace front,9,£6.99,,,,,,
4713,,Button up blouse ribbed detail 3 ast colours,6,£5.99,,,,,,
4715,,Yellow button up smock blouse,7,£2.99,,,,,,
4718,,Men's Vans style shoe,7,£7.99,,,,,,
4719,,Men's grey lightweight jacket,8,£14.99,,,,,,
4720,,Mens 4 assorted colour cardigans,4,£8.99,,,,,,
4721,,Mens stripe shirt,5,£6.99,,,,,,
4722,,L/S baby bodysuit assorted colours,20,£1.99,,,,,,
4723,,Mens attire high neck fashion cream jumper,5,£10.99,,,,,,
"Transfer # : 32,094 To Stock Point : HARROGATE - H18 - 4 On 11/02/2014  10:37:34",Stock Point : HARROGATE - H18 - 4,,,,,Andrew Brown,5 Commercial Street,Harrogate,North Yorks,HG1 1UB
4302,,old nvy sq neck tunic brwn,4,£2.99,,,,,,
4303,,old nvy sq neck tunic khaki,4,£2.99,,,,,,
4692,,L/S orange shoulder panel blouse,4,£6.99,,,,,,
4702,,Plum linen jacket 3 button,6,£8.99,,,,,,
4706,,v-neck knit long jumper brown/plum,4,£6.99,,,,,,
4707,,Long knit cardigan assorted colours,6,£6.99,,,,,,
4708,,Rope knit round neck jumper,6,£6.99,,,,,,
4710,,Grey jumper with white lace front,9,£6.99,,,,,,
4713,,Button up blouse ribbed detail 3 ast colours,6,£5.99,,,,,,
4715,,Yellow button up smock blouse,7,£2.99,,,,,,
4718,,Men's Vans style shoe,7,£7.99,,,,,,
4719,,Men's grey lightweight jacket,8,£14.99,,,,,,
4720,,Mens 4 assorted colour cardigans,4,£8.99,,,,,,
4721,,Mens stripe shirt,5,£6.99,,,,,,
4722,,L/S baby bodysuit assorted colours,20,£1.99,,,,,,
4723,,Mens attire high neck fashion cream jumper,5,£10.99,,,,,,
"Transfer # : 32,095 To Stock Point : PETERHEAD - P28 - 4 On 11/02/2014  10:37:35",Stock Point : PETERHEAD - P28 - 4,,,,,Susan McLatchie,11 Marischal Street,Peterhead,Scotland,AB42 1BS
4302,,old nvy sq neck tunic brwn,4,£2.99,,,,,,
4303,,old nvy sq neck tunic khaki,4,£2.99,,,,,,
4692,,L/S orange shoulder panel blouse,4,£6.99,,,,,,
4701,,Black peter pan collar l/s dress,5,£7.99,,,,,,
4702,,Plum linen jacket 3 button,6,£8.99,,,,,,
4708,,Rope knit round neck jumper,6,£6.99,,,,,,
4710,,Grey jumper with white lace front,9,£6.99,,,,,,
4721,,Mens stripe shirt,5,£6.99,,,,,,
4722,,L/S baby bodysuit assorted colours,20,£1.99,,,,,,
4723,,Mens attire high neck fashion cream jumper,5,£10.99,,,,,,
"Transfer # : 32,096 To Stock Point : STIRLING - S76 - 4 On 11/02/2014  10:37:35",Stock Point : STIRLING - S76 - 4,,,,,Brideen Sharp,53/55 Barnton Street,Stirling,Scotland,FK8 1HH
1112,,grey cotton jacket mac style,4,£4.99,,,,,,
1115,,assorted mens shirts,5,£6.99,,,,,,
4302,,old nvy sq neck tunic brwn,4,£2.99,,,,,,
4303,,old nvy sq neck tunic khaki,4,£2.99,,,,,,
4701,,Black peter pan collar l/s dress,5,£7.99,,,,,,
4702,,Plum linen jacket 3 button,6,£8.99,,,,,,
4708,,Rope knit round neck jumper,6,£6.99,,,,,,
4710,,Grey jumper with white lace front,9,£6.99,,,,,,
4712,,Plum strap drape tunic top,6,£3.99,,,,,,
4721,,Mens stripe shirt,5,£6.99,,,,,,
4722,,L/S baby bodysuit assorted colours,20,£1.99,,,,,,
"Transfer # : 32,097 To Stock Point : WESTGATE - W38 - 4 On 11/02/2014  10:37:36",Stock Point : WESTGATE - W38 - 4,,,,,Andrew Smith,31 Station Road,Westgate,Kent,CT8 8RB
4302,,old nvy sq neck tunic brwn,4,£2.99,,,,,,
4303,,old nvy sq neck tunic khaki,4,£2.99,,,,,,
4692,,L/S orange shoulder panel blouse,4,£6.99,,,,,,
4702,,Plum linen jacket 3 button,6,£8.99,,,,,,
4708,,Rope knit round neck jumper,6,£6.99,,,,,,
4710,,Grey jumper with white lace front,9,£6.99,,,,,,
4713,,Button up blouse ribbed detail 3 ast colours,6,£5.99,,,,,,
4718,,Men's Vans style shoe,7,£7.99,,,,,,
4719,,Men's grey lightweight jacket,8,£14.99,,,,,,
4720,,Mens 4 assorted colour cardigans,4,£8.99,,,,,,
4721,,Mens stripe shirt,5,£6.99,,,,,,
4722,,L/S baby bodysuit assorted colours,20,£1.99,,,,,,
4723,,Mens attire high neck fashion cream jumper,5,£10.99,,,,,,
"Transfer # : 32,098 To Stock Point : ARBROATH - A70 - 3 On 11/02/2014  10:37:36",Stock Point : ARBROATH - A70 - 3,,,,,Garry Swankie,160 High Street,Abbroath,Angus,DD11 1HW
1112,,grey cotton jacket mac style,4,£4.99,,,,,,
1115,,assorted mens shirts,5,£6.99,,,,,,
4302,,old nvy sq neck tunic brwn,4,£2.99,,,,,,
4303,,old nvy sq neck tunic khaki,4,£2.99,,,,,,
4693,,Grey tweed short sleeve dress,12,£7.99,,,,,,
4700,,Green peter pan collar l/s dress,5,£7.99,,,,,,
4701,,Black peter pan collar l/s dress,5,£7.99,,,,,,
4702,,Plum linen jacket 3 button,6,£8.99,,,,,,
4704,,3 button lilac mac jacket,4,£9.99,,,,,,
4706,,v-neck knit long jumper brown/plum,4,£6.99,,,,,,
4707,,Long knit cardigan assorted colours,6,£6.99,,,,,,
4708,,Rope knit round neck jumper,6,£6.99,,,,,,
4710,,Grey jumper with white lace front,9,£6.99,,,,,,
4712,,Plum strap drape tunic top,6,£3.99,,,,,,
4713,,Button up blouse ribbed detail 3 ast colours,6,£5.99,,,,,,
4714,,Blue button up smock blouse,7,£2.99,,,,,,
4715,,Yellow button up smock blouse,7,£2.99,,,,,,
4718,,Men's Vans style shoe,7,£7.99,,,,,,
4719,,Men's grey lightweight jacket,8,£14.99,,,,,,
4721,,Mens stripe shirt,5,£6.99,,,,,,
4722,,L/S baby bodysuit assorted colours,20,£1.99,,,,,,
"Transfer # : 32,099 To Stock Point : CLITHEROE - C42 - 3 On 11/02/2014  10:37:37",Stock Point : CLITHEROE - C42 - 3,,,,,John Ashworth,15 Moor Lane,Clitheroe,Lancs,BB7 1BE
4302,,old nvy sq neck tunic brwn,4,£2.99,,,,,,
4303,,old nvy sq neck tunic khaki,4,£2.99,,,,,,
4692,,L/S orange shoulder panel blouse,4,£6.99,,,,,,
4702,,Plum linen jacket 3 button,6,£8.99,,,,,,
4706,,v-neck knit long jumper brown/plum,4,£6.99,,,,,,
4707,,Long knit cardigan assorted colours,6,£6.99,,,,,,
4708,,Rope knit round neck jumper,6,£6.99,,,,,,
4710,,Grey jumper with white lace front,9,£6.99,,,,,,
4712,,Plum strap drape tunic top,6,£3.99,,,,,,
4713,,Button up blouse ribbed detail 3 ast colours,6,£5.99,,,,,,
4714,,Blue button up smock blouse,7,£2.99,,,,,,
4715,,Yellow button up smock blouse,7,£2.99,,,,,,
4718,,Men's Vans style shoe,7,£7.99,,,,,,
4719,,Men's grey lightweight jacket,8,£14.99,,,,,,
4720,,Mens 4 assorted colour cardigans,4,£8.99,,,,,,
4721,,Mens stripe shirt,5,£6.99,,,,,,
4722,,L/S baby bodysuit assorted colours,20,£1.99,,,,,,
4723,,Mens attire high neck fashion cream jumper,5,£10.99,,,,,,
4729,,Men's cargo trousers,6,£9.99,,,,,,
"Transfer # : 32,100 To Stock Point : CLYDEBANK - C46 - 3 On 11/02/2014  10:37:37",Stock Point : CLYDEBANK - C46 - 3,,,,,The Manager,11 Sylvanian Way South,Clydebank,England,G81 1EA
4302,,old nvy sq neck tunic brwn,4,£2.99,,,,,,
4303,,old nvy sq neck tunic khaki,4,£2.99,,,,,,
4692,,L/S orange shoulder panel blouse,4,£6.99,,,,,,
4693,,Grey tweed short sleeve dress,12,£7.99,,,,,,
4702,,Plum linen jacket 3 button,6,£8.99,,,,,,
4704,,3 button lilac mac jacket,4,£9.99,,,,,,
4706,,v-neck knit long jumper brown/plum,4,£6.99,,,,,,
4707,,Long knit cardigan assorted colours,6,£6.99,,,,,,
4708,,Rope knit round neck jumper,6,£6.99,,,,,,
4710,,Grey jumper with white lace front,9,£6.99,,,,,,
4713,,Button up blouse ribbed detail 3 ast colours,6,£5.99,,,,,,
4714,,Blue button up smock blouse,7,£2.99,,,,,,
4715,,Yellow button up smock blouse,7,£2.99,,,,,,
4718,,Men's Vans style shoe,7,£7.99,,,,,,
4719,,Men's grey lightweight jacket,8,£14.99,,,,,,
4720,,Mens 4 assorted colour cardigans,4,£8.99,,,,,,
4721,,Mens stripe shirt,5,£6.99,,,,,,
4722,,L/S baby bodysuit assorted colours,20,£1.99,,,,,,
4723,,Mens attire high neck fashion cream jumper,5,£10.99,,,,,,
4729,,Men's cargo trousers,6,£9.99,,,,,,
"Transfer # : 32,101 To Stock Point : BLACKPOOL - B44 - 2 On 11/02/2014  10:37:38",Stock Point : BLACKPOOL - B44 - 2,,,,,Gary Palmer,31 Talbot Road,Blackpool,England,FY1 1LL
4302,,old nvy sq neck tunic brwn,4,£2.99,,,,,,
4303,,old nvy sq neck tunic khaki,4,£2.99,,,,,,
4692,,L/S orange shoulder panel blouse,4,£6.99,,,,,,
4701,,Black peter pan collar l/s dress,5,£7.99,,,,,,
4702,,Plum linen jacket 3 button,6,£8.99,,,,,,
4708,,Rope knit round neck jumper,6,£6.99,,,,,,
4710,,Grey jumper with white lace front,9,£6.99,,,,,,
4721,,Mens stripe shirt,5,£6.99,,,,,,
4722,,L/S baby bodysuit assorted colours,20,£1.99,,,,,,
4723,,Mens attire high neck fashion cream jumper,5,£10.99,,,,,,
"Transfer # : 32,102 To Stock Point : COVENTRY - C50 - 2 On 11/02/2014  10:37:38",Stock Point : COVENTRY - C50 - 2,,,,,Sharon Fletcher,38 Hertford Street,COVENTRY,England,CV1 1LF
4302,,old nvy sq neck tunic brwn,4,£2.99,,,,,,
4303,,old nvy sq neck tunic khaki,4,£2.99,,,,,,
4692,,L/S orange shoulder panel blouse,4,£6.99,,,,,,
4702,,Plum linen jacket 3 button,6,£8.99,,,,,,
4706,,v-neck knit long jumper brown/plum,4,£6.99,,,,,,
4707,,Long knit cardigan assorted colours,6,£6.99,,,,,,
4708,,Rope knit round neck jumper,6,£6.99,,,,,,
4710,,Grey jumper with white lace front,9,£6.99,,,,,,
4713,,Button up blouse ribbed detail 3 ast colours,6,£5.99,,,,,,
4714,,Blue button up smock blouse,7,£2.99,,,,,,
4715,,Yellow button up smock blouse,7,£2.99,,,,,,
4718,,Men's Vans style shoe,7,£7.99,,,,,,
4719,,Men's grey lightweight jacket,8,£14.99,,,,,,
4720,,Mens 4 assorted colour cardigans,4,£8.99,,,,,,
4721,,Mens stripe shirt,5,£6.99,,,,,,
4722,,L/S baby bodysuit assorted colours,20,£1.99,,,,,,
4723,,Mens attire high neck fashion cream jumper,5,£10.99,,,,,,
"Transfer # : 32,103 To Stock Point : CRIEFF - C88 - 2 On 11/02/2014  10:37:39",Stock Point : CRIEFF - C88 - 2,,,,,May Bailey,44 High Street,Crieff,Perthshire,PH7 3BS
1112,,grey cotton jacket mac style,4,£4.99,,,,,,
1115,,assorted mens shirts,5,£6.99,,,,,,
4302,,old nvy sq neck tunic brwn,4,£2.99,,,,,,
4303,,old nvy sq neck tunic khaki,4,£2.99,,,,,,
4700,,Green peter pan collar l/s dress,5,£7.99,,,,,,
4701,,Black peter pan collar l/s dress,5,£7.99,,,,,,
4702,,Plum linen jacket 3 button,6,£8.99,,,,,,
4706,,v-neck knit long jumper brown/plum,4,£6.99,,,,,,
4707,,Long knit cardigan assorted colours,6,£6.99,,,,,,
4708,,Rope knit round neck jumper,6,£6.99,,,,,,
4710,,Grey jumper with white lace front,9,£6.99,,,,,,
4712,,Plum strap drape tunic top,6,£3.99,,,,,,
4713,,Button up blouse ribbed detail 3 ast colours,6,£5.99,,,,,,
4715,,Yellow button up smock blouse,7,£2.99,,,,,,
4718,,Men's Vans style shoe,7,£7.99,,,,,,
4719,,Men's grey lightweight jacket,8,£14.99,,,,,,
4721,,Mens stripe shirt,5,£6.99,,,,,,
4722,,L/S baby bodysuit assorted colours,20,£1.99,,,,,,
"Transfer # : 32,104 To Stock Point : FRASERBURGH - F79 - 2 On 11/02/2014  10:37:39",Stock Point : FRASERBURGH - F79 - 2,,,,,Katherine Madden,44 Broad Street,Fraserburgh,Scotland,AB43 9AH
4302,,old nvy sq neck tunic brwn,4,£2.99,,,,,,
4303,,old nvy sq neck tunic khaki,4,£2.99,,,,,,
4692,,L/S orange shoulder panel blouse,4,£6.99,,,,,,
4701,,Black peter pan collar l/s dress,5,£7.99,,,,,,
4708,,Rope knit round neck jumper,6,£6.99,,,,,,
4721,,Mens stripe shirt,5,£6.99,,,,,,
4722,,L/S baby bodysuit assorted colours,20,£1.99,,,,,,
4723,,Mens attire high neck fashion cream jumper,5,£10.99,,,,,,
"Transfer # : 32,105 To Stock Point : LONGTON - L52 - 2 On 11/02/2014  10:37:40",Stock Point : LONGTON - L52 - 2,,,,,Jasmin Connor,65 The Strand,Longton,Stoke-on-Trent,ST3 2NS
1112,,grey cotton jacket mac style,4,£4.99,,,,,,
1115,,assorted mens shirts,5,£6.99,,,,,,
4302,,old nvy sq neck tunic brwn,4,£2.99,,,,,,
4303,,old nvy sq neck tunic khaki,4,£2.99,,,,,,
4700,,Green peter pan collar l/s dress,5,£7.99,,,,,,
4701,,Black peter pan collar l/s dress,5,£7.99,,,,,,
4702,,Plum linen jacket 3 button,6,£8.99,,,,,,
4706,,v-neck knit long jumper brown/plum,4,£6.99,,,,,,
4708,,Rope knit round neck jumper,6,£6.99,,,,,,
4710,,Grey jumper with white lace front,9,£6.99,,,,,,
4712,,Plum strap drape tunic top,6,£3.99,,,,,,
4713,,Button up blouse ribbed detail 3 ast colours,6,£5.99,,,,,,
4715,,Yellow button up smock blouse,7,£2.99,,,,,,
4718,,Men's Vans style shoe,7,£7.99,,,,,,
4719,,Men's grey lightweight jacket,8,£14.99,,,,,,
4721,,Mens stripe shirt,5,£6.99,,,,,,
4722,,L/S baby bodysuit assorted colours,20,£1.99,,,,,,
"Transfer # : 32,106 To Stock Point : RAMSGATE - R16 - 2 On 11/02/2014  10:37:40",Stock Point : RAMSGATE - R16 - 2,,,,,Andrew Smith,72A Queen Street,Ramsgate,Kent,CT11 9ER
1112,,grey cotton jacket mac style,4,£4.99,,,,,,
1115,,assorted mens shirts,5,£6.99,,,,,,
4302,,old nvy sq neck tunic brwn,4,£2.99,,,,,,
4303,,old nvy sq neck tunic khaki,4,£2.99,,,,,,
4700,,Green peter pan collar l/s dress,5,£7.99,,,,,,
4701,,Black peter pan collar l/s dress,5,£7.99,,,,,,
4702,,Plum linen jacket 3 button,6,£8.99,,,,,,
4708,,Rope knit round neck jumper,6,£6.99,,,,,,
4710,,Grey jumper with white lace front,9,£6.99,,,,,,
4712,,Plum strap drape tunic top,6,£3.99,,,,,,
4719,,Men's grey lightweight jacket,8,£14.99,,,,,,
4721,,Mens stripe shirt,5,£6.99,,,,,,
4722,,L/S baby bodysuit assorted colours,20,£1.99,,,,,,
"Transfer # : 32,107 To Stock Point : TONBRIDGE - T63 - 2 On 11/02/2014  10:37:41",Stock Point : TONBRIDGE - T63 - 2,,,,,Wendy Hubble,85 High Street,Tonbridge,Kent,TN9 1RX
4302,,old nvy sq neck tunic brwn,4,£2.99,,,,,,
4303,,old nvy sq neck tunic khaki,4,£2.99,,,,,,
4692,,L/S orange shoulder panel blouse,4,£6.99,,,,,,
4700,,Green peter pan collar l/s dress,5,£7.99,,,,,,
4701,,Black peter pan collar l/s dress,5,£7.99,,,,,,
4702,,Plum linen jacket 3 button,6,£8.99,,,,,,
4708,,Rope knit round neck jumper,6,£6.99,,,,,,
4710,,Grey jumper with white lace front,9,£6.99,,,,,,
4720,,Mens 4 assorted colour cardigans,4,£8.99,,,,,,
4721,,Mens stripe shirt,5,£6.99,,,,,,
4722,,L/S baby bodysuit assorted colours,20,£1.99,,,,,,
4723,,Mens attire high neck fashion cream jumper,5,£10.99,,,,,,
"Transfer # : 32,108 To Stock Point : BATLEY - B09 - 1 On 11/02/2014  10:37:41",Stock Point : BATLEY - B09 - 1,,,,,Danae Barber,29 Commercial Street,Batley,West Yorks,WF17 5EP
1112,,grey cotton jacket mac style,4,£4.99,,,,,,
1115,,assorted mens shirts,5,£6.99,,,,,,
4302,,old nvy sq neck tunic brwn,4,£2.99,,,,,,
4303,,old nvy sq neck tunic khaki,4,£2.99,,,,,,
4700,,Green peter pan collar l/s dress,5,£7.99,,,,,,
4701,,Black peter pan collar l/s dress,5,£7.99,,,,,,
4702,,Plum linen jacket 3 button,6,£8.99,,,,,,
4706,,v-neck knit long jumper brown/plum,4,£6.99,,,,,,
4708,,Rope knit round neck jumper,6,£6.99,,,,,,
4710,,Grey jumper with white lace front,9,£6.99,,,,,,
4712,,Plum strap drape tunic top,6,£3.99,,,,,,
4713,,Button up blouse ribbed detail 3 ast colours,6,£5.99,,,,,,
4715,,Yellow button up smock blouse,7,£2.99,,,,,,
4718,,Men's Vans style shoe,7,£7.99,,,,,,
4719,,Men's grey lightweight jacket,8,£14.99,,,,,,
4721,,Mens stripe shirt,5,£6.99,,,,,,
4722,,L/S baby bodysuit assorted colours,20,£1.99,,,,,,
"Transfer # : 32,109 To Stock Point : BOLTON - B54 - 1 On 11/02/2014  10:37:42",Stock Point : BOLTON - B54 - 1,,,,,William Smyth,36 Great Moor Street,Bolton,England,BL1  1NJ
1112,,grey cotton jacket mac style,4,£4.99,,,,,,
1115,,assorted mens shirts,5,£6.99,,,,,,
4302,,old nvy sq neck tunic brwn,4,£2.99,,,,,,
4303,,old nvy sq neck tunic khaki,4,£2.99,,,,,,
4700,,Green peter pan collar l/s dress,5,£7.99,,,,,,
4701,,Black peter pan collar l/s dress,5,£7.99,,,,,,
4702,,Plum linen jacket 3 button,6,£8.99,,,,,,
4706,,v-neck knit long jumper brown/plum,4,£6.99,,,,,,
4707,,Long knit cardigan assorted colours,6,£6.99,,,,,,
4708,,Rope knit round neck jumper,6,£6.99,,,,,,
4710,,Grey jumper with white lace front,9,£6.99,,,,,,
4712,,Plum strap drape tunic top,6,£3.99,,,,,,
4713,,Button up blouse ribbed detail 3 ast colours,6,£5.99,,,,,,
4715,,Yellow button up smock blouse,7,£2.99,,,,,,
4718,,Men's Vans style shoe,7,£7.99,,,,,,
4719,,Men's grey lightweight jacket,8,£14.99,,,,,,
4721,,Mens stripe shirt,5,£6.99,,,,,,
4722,,L/S baby bodysuit assorted colours,20,£1.99,,,,,,
"Transfer # : 32,110 To Stock Point : EDINBURGH (NIC) - E37 - 1 On 11/02/2014  10:37:42",Stock Point : EDINBURGH (NIC) - E37 - 1,,,,,Jennifer Hunt,134 Nicolson Street,Edinburgh,Scotland,EH8 9EH
4302,,old nvy sq neck tunic brwn,4,£2.99,,,,,,
4303,,old nvy sq neck tunic khaki,4,£2.99,,,,,,
4692,,L/S orange shoulder panel blouse,4,£6.99,,,,,,
4702,,Plum linen jacket 3 button,6,£8.99,,,,,,
4708,,Rope knit round neck jumper,6,£6.99,,,,,,
4710,,Grey jumper with white lace front,9,£6.99,,,,,,
4713,,Button up blouse ribbed detail 3 ast colours,6,£5.99,,,,,,
4715,,Yellow button up smock blouse,7,£2.99,,,,,,
4718,,Men's Vans style shoe,7,£7.99,,,,,,
4719,,Men's grey lightweight jacket,8,£14.99,,,,,,
4720,,Mens 4 assorted colour cardigans,4,£8.99,,,,,,
4721,,Mens stripe shirt,5,£6.99,,,,,,
4723,,Mens attire high neck fashion cream jumper,5,£10.99,,,,,,
"Transfer # : 32,111 To Stock Point : HALIFAX - H09 - 1 On 11/02/2014  10:37:43",Stock Point : HALIFAX - H09 - 1,,,,,Joanna Giles,19 Alexandra Street,Halifax,West Yorks,HX1 1BS
1112,,grey cotton jacket mac style,4,£4.99,,,,,,
1115,,assorted mens shirts,5,£6.99,,,,,,
4302,,old nvy sq neck tunic brwn,4,£2.99,,,,,,
4303,,old nvy sq neck tunic khaki,4,£2.99,,,,,,
4700,,Green peter pan collar l/s dress,5,£7.99,,,,,,
4701,,Black peter pan collar l/s dress,5,£7.99,,,,,,
4702,,Plum linen jacket 3 button,6,£8.99,,,,,,
4706,,v-neck knit long jumper brown/plum,4,£6.99,,,,,,
4707,,Long knit cardigan assorted colours,6,£6.99,,,,,,
4708,,Rope knit round neck jumper,6,£6.99,,,,,,
4710,,Grey jumper with white lace front,9,£6.99,,,,,,
4712,,Plum strap drape tunic top,6,£3.99,,,,,,
4713,,Button up blouse ribbed detail 3 ast colours,6,£5.99,,,,,,
4715,,Yellow button up smock blouse,7,£2.99,,,,,,
4718,,Men's Vans style shoe,7,£7.99,,,,,,
4719,,Men's grey lightweight jacket,8,£14.99,,,,,,
4721,,Mens stripe shirt,5,£6.99,,,,,,
4722,,L/S baby bodysuit assorted colours,20,£1.99,,,,,,
"Transfer # : 32,112 To Stock Point : HAMILTON - H11 - 1 On 11/02/2014  10:37:43",Stock Point : HAMILTON - H11 - 1,,,,,Helga Hone,30 Quarry Street,Hamilton,Lanarkshire,ML3 7AR
4302,,old nvy sq neck tunic brwn,4,£2.99,,,,,,
4303,,old nvy sq neck tunic khaki,4,£2.99,,,,,,
4692,,L/S orange shoulder panel blouse,4,£6.99,,,,,,
4702,,Plum linen jacket 3 button,6,£8.99,,,,,,
4706,,v-neck knit long jumper brown/plum,4,£6.99,,,,,,
4707,,Long knit cardigan assorted colours,6,£6.99,,,,,,
4708,,Rope knit round neck jumper,6,£6.99,,,,,,
4710,,Grey jumper with white lace front,9,£6.99,,,,,,
4713,,Button up blouse ribbed detail 3 ast colours,6,£5.99,,,,,,
4714,,Blue button up smock blouse,7,£2.99,,,,,,
4715,,Yellow button up smock blouse,7,£2.99,,,,,,
4718,,Men's Vans style shoe,7,£7.99,,,,,,
4719,,Men's grey lightweight jacket,8,£14.99,,,,,,
4720,,Mens 4 assorted colour cardigans,4,£8.99,,,,,,
4721,,Mens stripe shirt,5,£6.99,,,,,,
4722,,L/S baby bodysuit assorted colours,20,£1.99,,,,,,
4723,,Mens attire high neck fashion cream jumper,5,£10.99,,,,,,
"Transfer # : 32,113 To Stock Point : HANLEY - H13 - 1 On 11/02/2014  10:37:44",Stock Point : HANLEY - H13 - 1,,,,,Patricia Gibson,38 Piccadilly,Hanley,Staffs,ST1 1EG
4302,,old nvy sq neck tunic brwn,4,£2.99,,,,,,
4303,,old nvy sq neck tunic khaki,4,£2.99,,,,,,
4692,,L/S orange shoulder panel blouse,4,£6.99,,,,,,
4702,,Plum linen jacket 3 button,6,£8.99,,,,,,
4706,,v-neck knit long jumper brown/plum,4,£6.99,,,,,,
4707,,Long knit cardigan assorted colours,6,£6.99,,,,,,
4708,,Rope knit round neck jumper,6,£6.99,,,,,,
4710,,Grey jumper with white lace front,9,£6.99,,,,,,
4713,,Button up blouse ribbed detail 3 ast colours,6,£5.99,,,,,,
4714,,Blue button up smock blouse,7,£2.99,,,,,,
4715,,Yellow button up smock blouse,7,£2.99,,,,,,
4718,,Men's Vans style shoe,7,£7.99,,,,,,
4719,,Men's grey lightweight jacket,8,£14.99,,,,,,
4720,,Mens 4 assorted colour cardigans,4,£8.99,,,,,,
4721,,Mens stripe shirt,5,£6.99,,,,,,
4722,,L/S baby bodysuit assorted colours,20,£1.99,,,,,,
4723,,Mens attire high neck fashion cream jumper,5,£10.99,,,,,,
"Transfer # : 32,114 To Stock Point : PRESTATYN - P74 - 1 On 11/02/2014  10:37:44",Stock Point : PRESTATYN - P74 - 1,,,,,Sharron Ing,174 High Street,Prestatyn,Clwyd,LL19 9BP
1112,,grey cotton jacket mac style,4,£4.99,,,,,,
1115,,assorted mens shirts,5,£6.99,,,,,,
4302,,old nvy sq neck tunic brwn,4,£2.99,,,,,,
4303,,old nvy sq neck tunic khaki,4,£2.99,,,,,,
4700,,Green peter pan collar l/s dress,5,£7.99,,,,,,
4701,,Black peter pan collar l/s dress,5,£7.99,,,,,,
4702,,Plum linen jacket 3 button,6,£8.99,,,,,,
4708,,Rope knit round neck jumper,6,£6.99,,,,,,
4710,,Grey jumper with white lace front,9,£6.99,,,,,,
4712,,Plum strap drape tunic top,6,£3.99,,,,,,
4721,,Mens stripe shirt,5,£6.99,,,,,,
4722,,L/S baby bodysuit assorted colours,20,£1.99,,,,,,
"Transfer # : 32,115 To Stock Point : STROOD - S87 - 1 On 11/02/2014  10:37:45",Stock Point : STROOD - S87 - 1,,,,,Karen Murphy,52 High Street,Strood,Kent,ME2 4AR
1112,,grey cotton jacket mac style,4,£4.99,,,,,,
1115,,assorted mens shirts,5,£6.99,,,,,,
4302,,old nvy sq neck tunic brwn,4,£2.99,,,,,,
4303,,old nvy sq neck tunic khaki,4,£2.99,,,,,,
4700,,Green peter pan collar l/s dress,5,£7.99,,,,,,
4701,,Black peter pan collar l/s dress,5,£7.99,,,,,,
4702,,Plum linen jacket 3 button,6,£8.99,,,,,,
4706,,v-neck knit long jumper brown/plum,4,£6.99,,,,,,
4707,,Long knit cardigan assorted colours,6,£6.99,,,,,,
4708,,Rope knit round neck jumper,6,£6.99,,,,,,
4710,,Grey jumper with white lace front,9,£6.99,,,,,,
4712,,Plum strap drape tunic top,6,£3.99,,,,,,
4713,,Button up blouse ribbed detail 3 ast colours,6,£5.99,,,,,,
4715,,Yellow button up smock blouse,7,£2.99,,,,,,
4718,,Men's Vans style shoe,7,£7.99,,,,,,
4719,,Men's grey lightweight jacket,8,£14.99,,,,,,
4721,,Mens stripe shirt,5,£6.99,,,,,,
4722,,L/S baby bodysuit assorted colours,20,£1.99,,,,,,
"Transfer # : 32,116 To Stock Point : WORCESTER - W70 - 1 On 11/02/2014  10:37:45",Stock Point : WORCESTER - W70 - 1,,,,,Lorna Lonsdale,19 Mealcheapen Street,Worcester,England,WR1 2DQ
1112,,grey cotton jacket mac style,4,£4.99,,,,,,
1115,,assorted mens shirts,5,£6.99,,,,,,
4302,,old nvy sq neck tunic brwn,4,£2.99,,,,,,
4303,,old nvy sq neck tunic khaki,4,£2.99,,,,,,
4700,,Green peter pan collar l/s dress,5,£7.99,,,,,,
4701,,Black peter pan collar l/s dress,5,£7.99,,,,,,
4702,,Plum linen jacket 3 button,6,£8.99,,,,,,
4706,,v-neck knit long jumper brown/plum,4,£6.99,,,,,,
4707,,Long knit cardigan assorted colours,6,£6.99,,,,,,
4708,,Rope knit round neck jumper,6,£6.99,,,,,,
4710,,Grey jumper with white lace front,9,£6.99,,,,,,
4713,,Button up blouse ribbed detail 3 ast colours,6,£5.99,,,,,,
4714,,Blue button up smock blouse,7,£2.99,,,,,,
4715,,Yellow button up smock blouse,7,£2.99,,,,,,
4718,,Men's Vans style shoe,7,£7.99,,,,,,
4719,,Men's grey lightweight jacket,8,£14.99,,,,,,
4721,,Mens stripe shirt,5,£6.99,,,,,,
4722,,L/S baby bodysuit assorted colours,20,£1.99,,,,,,
"Transfer # : 32,117 To Stock Point : ABERDEEN (GEO) - A05 - 0 On 11/02/2014  10:37:46",Stock Point : ABERDEEN (GEO) - A05 - 0,,,,,Dianne Sherrington,179 George Street,Aberdeen,Scotland,AB25 1HX
4302,,old nvy sq neck tunic brwn,4,£2.99,,,,,,
4303,,old nvy sq neck tunic khaki,4,£2.99,,,,,,
4692,,L/S orange shoulder panel blouse,4,£6.99,,,,,,
4702,,Plum linen jacket 3 button,6,£8.99,,,,,,
4708,,Rope knit round neck jumper,6,£6.99,,,,,,
4710,,Grey jumper with white lace front,9,£6.99,,,,,,
4719,,Men's grey lightweight jacket,8,£14.99,,,,,,
4720,,Mens 4 assorted colour cardigans,4,£8.99,,,,,,
4721,,Mens stripe shirt,5,£6.99,,,,,,
4722,,L/S baby bodysuit assorted colours,20,£1.99,,,,,,
4723,,Mens attire high neck fashion cream jumper,5,£10.99,,,,,,
"Transfer # : 32,118 To Stock Point : CHATHAM - C19 - 0 On 11/02/2014  10:37:46",Stock Point : CHATHAM - C19 - 0,,,,,Katarine Palusova,122 High Street,Chatham,Kent,ME4 4BY
4302,,old nvy sq neck tunic brwn,4,£2.99,,,,,,
4303,,old nvy sq neck tunic khaki,4,£2.99,,,,,,
4692,,L/S orange shoulder panel blouse,4,£6.99,,,,,,
4695,,Black zip drape dress,8,£12.99,,,,,,
4701,,Black peter pan collar l/s dress,5,£7.99,,,,,,
4702,,Plum linen jacket 3 button,6,£8.99,,,,,,
4708,,Rope knit round neck jumper,6,£6.99,,,,,,
4709,,Tweed shorts,6,£6.99,,,,,,
4710,,Grey jumper with white lace front,9,£6.99,,,,,,
4721,,Mens stripe shirt,5,£6.99,,,,,,
4722,,L/S baby bodysuit assorted colours,20,£1.99,,,,,,
4723,,Mens attire high neck fashion cream jumper,5,£10.99,,,,,,
"Transfer # : 32,119 To Stock Point : EAST GRINSTEAD - E08 - 0 On 11/02/2014  10:37:47",Stock Point : EAST GRINSTEAD - E08 - 0,,,,,The Manager,"73 London Rd,", East Grinstead ,England,RH19 1EQ
4302,,old nvy sq neck tunic brwn,4,£2.99,,,,,,
4303,,old nvy sq neck tunic khaki,4,£2.99,,,,,,
4692,,L/S orange shoulder panel blouse,4,£6.99,,,,,,
4702,,Plum linen jacket 3 button,6,£8.99,,,,,,
4708,,Rope knit round neck jumper,6,£6.99,,,,,,
4710,,Grey jumper with white lace front,9,£6.99,,,,,,
4720,,Mens 4 assorted colour cardigans,4,£8.99,,,,,,
4721,,Mens stripe shirt,5,£6.99,,,,,,
4722,,L/S baby bodysuit assorted colours,20,£1.99,,,,,,
4723,,Mens attire high neck fashion cream jumper,5,£10.99,,,,,,
"Transfer # : 32,120 To Stock Point : Edinburgh (COR) - E14 - 7 On 11/02/2014  10:37:47",Stock Point : Edinburgh (COR) - E14 - 7,,,,,Claire Tetteh-Lartey,161 St Johns Road,Edinburgh,Scotland,EH12 7SD
1115,,assorted mens shirts,5,£6.99,,,,,,
4302,,old nvy sq neck tunic brwn,4,£2.99,,,,,,
4303,,old nvy sq neck tunic khaki,4,£2.99,,,,,,
4692,,L/S orange shoulder panel blouse,4,£6.99,,,,,,
4701,,Black peter pan collar l/s dress,5,£7.99,,,,,,
4702,,Plum linen jacket 3 button,6,£8.99,,,,,,
4708,,Rope knit round neck jumper,6,£6.99,,,,,,
4721,,Mens stripe shirt,5,£6.99,,,,,,
4722,,L/S baby bodysuit assorted colours,20,£1.99,,,,,,
4723,,Mens attire high neck fashion cream jumper,5,£10.99,,,,,,
4729,,Men's cargo trousers,6,£9.99,,,,,,
"Transfer # : 32,121 To Stock Point : GLASGOW (PART) - G51 - 0 On 11/02/2014  10:37:48",Stock Point : GLASGOW (PART) - G51 - 0,,,,,Mary McGlinchey,391 Dumbarton Road,Glasgow,Scotland,G11 6BE
4302,,old nvy sq neck tunic brwn,4,£2.99,,,,,,
4303,,old nvy sq neck tunic khaki,4,£2.99,,,,,,
4692,,L/S orange shoulder panel blouse,4,£6.99,,,,,,
4702,,Plum linen jacket 3 button,6,£8.99,,,,,,
4706,,v-neck knit long jumper brown/plum,4,£6.99,,,,,,
4708,,Rope knit round neck jumper,6,£6.99,,,,,,
4710,,Grey jumper with white lace front,9,£6.99,,,,,,
4713,,Button up blouse ribbed detail 3 ast colours,6,£5.99,,,,,,
4715,,Yellow button up smock blouse,7,£2.99,,,,,,
4718,,Men's Vans style shoe,7,£7.99,,,,,,
4719,,Men's grey lightweight jacket,8,£14.99,,,,,,
4720,,Mens 4 assorted colour cardigans,4,£8.99,,,,,,
4721,,Mens stripe shirt,5,£6.99,,,,,,
4722,,L/S baby bodysuit assorted colours,20,£1.99,,,,,,
4723,,Mens attire high neck fashion cream jumper,5,£10.99,,,,,,
"Transfer # : 32,122 To Stock Point : HOSFORTH - 0 On 11/02/2014  10:37:48",Stock Point : HOSFORTH - 0,,,,,The Manager,34 Town Street,Horsforth, Leeds,LS18 4RJ
4302,,old nvy sq neck tunic brwn,4,£2.99,,,,,,
4303,,old nvy sq neck tunic khaki,4,£2.99,,,,,,
4692,,L/S orange shoulder panel blouse,4,£6.99,,,,,,
4702,,Plum linen jacket 3 button,6,£8.99,,,,,,
4708,,Rope knit round neck jumper,6,£6.99,,,,,,
4710,,Grey jumper with white lace front,9,£6.99,,,,,,
4721,,Mens stripe shirt,5,£6.99,,,,,,
4722,,L/S baby bodysuit assorted colours,20,£1.99,,,,,,
4723,,Mens attire high neck fashion cream jumper,5,£10.99,,,,,,
"Transfer # : 32,123 To Stock Point : PERTH - P21 - 0 On 11/02/2014  10:37:48",Stock Point : PERTH - P21 - 0,,,,,Carol Devaney,43 South Street,Perth,Perthshire,PH2 8PD
4302,,old nvy sq neck tunic brwn,4,£2.99,,,,,,
4303,,old nvy sq neck tunic khaki,4,£2.99,,,,,,
4692,,L/S orange shoulder panel blouse,4,£6.99,,,,,,
4702,,Plum linen jacket 3 button,6,£8.99,,,,,,
4708,,Rope knit round neck jumper,6,£6.99,,,,,,
4710,,Grey jumper with white lace front,9,£6.99,,,,,,
4720,,Mens 4 assorted colour cardigans,4,£8.99,,,,,,
4721,,Mens stripe shirt,5,£6.99,,,,,,
4722,,L/S baby bodysuit assorted colours,20,£1.99,,,,,,
4723,,Mens attire high neck fashion cream jumper,5,£10.99,,,,,,
"Transfer # : 32,124 To Stock Point : ST LEONARDS - S68 - 0 On 11/02/2014  10:37:49",Stock Point : ST LEONARDS - S68 - 0,,,,,Lynne Bourne,7 London Road,St Leonards/Sea,East Sussex,TN37 6AE
4302,,old nvy sq neck tunic brwn,4,£2.99,,,,,,
4303,,old nvy sq neck tunic khaki,4,£2.99,,,,,,
4692,,L/S orange shoulder panel blouse,4,£6.99,,,,,,
4702,,Plum linen jacket 3 button,6,£8.99,,,,,,
4706,,v-neck knit long jumper brown/plum,4,£6.99,,,,,,
4707,,Long knit cardigan assorted colours,6,£6.99,,,,,,
4708,,Rope knit round neck jumper,6,£6.99,,,,,,
4710,,Grey jumper with white lace front,9,£6.99,,,,,,
4713,,Button up blouse ribbed detail 3 ast colours,6,£5.99,,,,,,
4714,,Blue button up smock blouse,7,£2.99,,,,,,
4715,,Yellow button up smock blouse,7,£2.99,,,,,,
4718,,Men's Vans style shoe,7,£7.99,,,,,,
4719,,Men's grey lightweight jacket,8,£14.99,,,,,,
4720,,Mens 4 assorted colour cardigans,4,£8.99,,,,,,
4721,,Mens stripe shirt,5,£6.99,,,,,,
4722,,L/S baby bodysuit assorted colours,20,£1.99,,,,,,
4723,,Mens attire high neck fashion cream jumper,5,£10.99,,,,,,
"Transfer # : 32,125 To Stock Point : URMSTON - U77 - 0 On 11/02/2014  10:37:49",Stock Point : URMSTON - U77 - 0,,,,,Christopher Mannering,64 Gloucester Road,Urmston,Manchester,M31 1AE
1112,,grey cotton jacket mac style,4,£4.99,,,,,,
1115,,assorted mens shirts,5,£6.99,,,,,,
4302,,old nvy sq neck tunic brwn,4,£2.99,,,,,,
4303,,old nvy sq neck tunic khaki,4,£2.99,,,,,,
4701,,Black peter pan collar l/s dress,5,£7.99,,,,,,
4702,,Plum linen jacket 3 button,6,£8.99,,,,,,
4708,,Rope knit round neck jumper,6,£6.99,,,,,,
4710,,Grey jumper with white lace front,9,£6.99,,,,,,
4712,,Plum strap drape tunic top,6,£3.99,,,,,,
4721,,Mens stripe shirt,5,£6.99,,,,,,
4722,,L/S baby bodysuit assorted colours,20,£1.99,,,,,,
"Transfer # : 32,126 To Stock Point : WAKEFIELD - W11 - 0 On 11/02/2014  10:37:50",Stock Point : WAKEFIELD - W11 - 0,,,,,Susan Booth,99 Kirkgate,Wakefield,West Yorks,WF1 1JG
1112,,grey cotton jacket mac style,4,£4.99,,,,,,
1115,,assorted mens shirts,5,£6.99,,,,,,
4302,,old nvy sq neck tunic brwn,4,£2.99,,,,,,
4303,,old nvy sq neck tunic khaki,4,£2.99,,,,,,
4701,,Black peter pan collar l/s dress,5,£7.99,,,,,,
4702,,Plum linen jacket 3 button,6,£8.99,,,,,,
4708,,Rope knit round neck jumper,6,£6.99,,,,,,
4712,,Plum strap drape tunic top,6,£3.99,,,,,,
4721,,Mens stripe shirt,5,£6.99,,,,,,
4722,,L/S baby bodysuit assorted colours,20,£1.99,,,,,,
"Transfer # : 32,127 To Stock Point : WALLASEY (SEA) - W19 - 0 On 11/02/2014  10:37:50",Stock Point : WALLASEY (SEA) - W19 - 0,,,,,Anne Davies,64 Seaview Road,Wallasey,Wirral,CH45 4LB
1112,,grey cotton jacket mac style,4,£4.99,,,,,,
1115,,assorted mens shirts,5,£6.99,,,,,,
4302,,old nvy sq neck tunic brwn,4,£2.99,,,,,,
4303,,old nvy sq neck tunic khaki,4,£2.99,,,,,,
4701,,Black peter pan collar l/s dress,5,£7.99,,,,,,
4708,,Rope knit round neck jumper,6,£6.99,,,,,,
4712,,Plum strap drape tunic top,6,£3.99,,,,,,
4721,,Mens stripe shirt,5,£6.99,,,,,,
4722,,L/S baby bodysuit assorted colours,20,£1.99,,,,,,
"Transfer # : 32,128 To Stock Point : WORKSOP - W74 - 0 On 11/02/2014  10:37:51",Stock Point : WORKSOP - W74 - 0,,,,,Helen Morton,6/8 Gateford Road,Worksop,Notts,S80 1EB
1112,,grey cotton jacket mac style,4,£4.99,,,,,,
1115,,assorted mens shirts,5,£6.99,,,,,,
4302,,old nvy sq neck tunic brwn,4,£2.99,,,,,,
4303,,old nvy sq neck tunic khaki,4,£2.99,,,,,,
4700,,Green peter pan collar l/s dress,5,£7.99,,,,,,
4701,,Black peter pan collar l/s dress,5,£7.99,,,,,,
4702,,Plum linen jacket 3 button,6,£8.99,,,,,,
4708,,Rope knit round neck jumper,6,£6.99,,,,,,
4710,,Grey jumper with white lace front,9,£6.99,,,,,,
4712,,Plum strap drape tunic top,6,£3.99,,,,,,
4719,,Men's grey lightweight jacket,8,£14.99,,,,,,
4721,,Mens stripe shirt,5,£6.99,,,,,,
"Transfer # : 32,129 To Stock Point : WREXHAM - W79 - 0 On 11/02/2014  10:37:52",Stock Point : WREXHAM - W79 - 0,,,,,Delvine Bowen,8 Hill Street,Wrexham,Clwyd,LL11 1SN
1112,,grey cotton jacket mac style,4,£4.99,,,,,,
1115,,assorted mens shirts,5,£6.99,,,,,,
4302,,old nvy sq neck tunic brwn,4,£2.99,,,,,,
4303,,old nvy sq neck tunic khaki,4,£2.99,,,,,,
4700,,Green peter pan collar l/s dress,5,£7.99,,,,,,
4701,,Black peter pan collar l/s dress,5,£7.99,,,,,,
4702,,Plum linen jacket 3 button,6,£8.99,,,,,,
4708,,Rope knit round neck jumper,6,£6.99,,,,,,
4710,,Grey jumper with white lace front,9,£6.99,,,,,,
4712,,Plum strap drape tunic top,6,£3.99,,,,,,
4721,,Mens stripe shirt,5,£6.99,,,,,,
4722,,L/S baby bodysuit assorted colours,20,£1.99,,,,,,
