"Transfer # : 31,523 To Stock Point : HASLEMERE On 16/12/2013  16:37:24",Stock Point : HASLEMERE,,,,,The Manager,10/12  Petworth road ,Haslemere,,Gu27 2HR
3360,,*Red Pack of 4 Beaded Napkin Ring (12),6,£0.79,,,,,,
3361,,*Silver Pack of 4 Beaded Napkin Ring (12),12,£0.79,,,,,,
3370,,*Silver Pack of 4 Beaded Coaster (12),12,£0.79,,,,,,
3560,,Wooden Castanets Priates 4 ass(24)D,24,£0.99,,,,,,
3602,,*Activity Messy Mat,4,£0.69,,,,,,
3603,,Act Paint 4 Palm Printers,6,£0.99,,,,,,
3646,,*partyware cups 6x9 oz santa & sn,12,£0.49,,,,,,
3654,,*wrap xmas foiled sheets with tags,20,£0.49,,,,,,
3745,,asst 20 pack incense sticks (24),24,£0.39,,,,,,
3828,,icecream pen + lipgloss (24)D,24,£0.69,,,,,,
3957,,Wild Animal Figures (36) D,36,£0.99,,,,,,
4016,,*rd clear tea light holder6(D),6,£0.39,,,,,,
4074,,fragrance beads 24 (D),24,£0.79,,,,,,
4078,,*slimline traditional assorted calender,12,£0.49,,,,,,
4079,,*slimline scenery calender,12,£0.49,,,,,,
4080,,*slimline pet animal calender,12,£0.49,,,,,,
4081,,*slim nature animal calender,12,£0.49,,,,,,
4085,,*med photo flowers calender,12,£0.69,,,,,,
4088,,*slim diary on header card,12,£0.49,,,,,,
4089,,*silm photo favourites calender,12,£0.69,,,,,,
4092,,*green/pink/blue slimdiary(24)D,24,£0.69,,,,,,
4099,,*xmas pack 3 bottle bags,12,£0.49,,,,,,
4150,,*box of choc/champagne/gold string and bows,12,£0.49,,,,,,
4156,,*xmas 4 sheet wrap with 4 tag,24,£0.39,,,,,,
4159,,*santa stop here decoration,6,£0.49,,,,,,
4160,,*xmas santa letter + pouch,6,£0.49,,,,,,
4164,,*actvity M.Y.O xmas scene,6,£0.49,,,,,,
4168,,*activity count down to xmas,6,£0.49,,,,,,
4171,,spiderman scribble set,2,£1.29,,,,,,
4172,,spiderman scribble set,2,£1.29,,,,,,
4173,,spiderman large stationary set,2,£1.29,,,,,,
4176,,cars 3 stamper set,2,£1.29,,,,,,
4181,,*xmas adult santa hat + beard,6,£0.99,,,,,,
4184,,*xmas pet bandana,12,£0.39,,,,,,
4288,,morph magnets,6,£1.29,,,,,,
4289,,R. Dahl fantastic mr fox book,12,£0.99,,,,,,
4292,,fish popsicle,6,£0.89,,,,,,
4330,,sponge bob protector watch,4,£2.99,,,,,,
4348,,scratch and colour craft set,4,£0.99,,,,,,
4349,,craftset 6 assorted activities,4,£0.99,,,,,,
4350,,dot-dot 3D craftset 5 pieces PP,4,£1.19,,,,,,
4352,,watercolour paint set 18 colour in set,4,£0.99,,,,,,
4361,,disney sml teaset ast designs 7/8 pieces pp,4,£0.99,,,,,,
4362,,colander 4 assorted colours,2,£0.99,,,,,,
4363,,pack of 2 gardening gloves,4,£1.89,,,,,,
4391,,*3 piece dog stocking,12,£0.89,,,,,,
4392,,*4 piece cat stocking,12,£0.89,,,,,,
4399,,winnie the pooh stickers,4,£0.89,,,,,,
4402,,plastic neon coil,6,£0.99,,,,,,
4409,,wood pirate fairy flexi dolls,12,£1.29,,,,,,
4412,,wooden whistle train,12,£1.19,,,,,,
4413,,wooden deco stick insects,12,£0.59,,,,,,
4415,,wooden spinning tops,12,£0.59,,,,,,
4421,,earmuffs with fake fur lining,6,£0.99,,,,,,
4431,,pack 6 felt tip pens,6,£0.59,,,,,,
4432,,puzzle 3D dinosaurs,6,£0.99,,,,,,
4434,,treasure kit 9 assorted,6,£0.99,,,,,,
4435,,pom pom 2 pc pink/purple,6,£1.19,,,,,,
4439,,cup bendy straw ast designs,6,£0.99,,,,,,
4440,,quiche mould,4,£0.99,,,,,,
4442,,magic tricks 4 assorted,6,£1.19,,,,,,
4465,,so extng tke me awy travelset (send out in 6),6,£1.99,,,,,,
4466,,so what ETD 20 ml spray (send out in 6),6,£1.99,,,,,,
4473,,so brit body frangrance (send out in 6),6,£0.59,,,,,,
4476,,my love body scrub,4,£0.86,,,,,,
4477,,my love ETD 50ml spray (send out in 3),6,£3.99,,,,,,
4527,,spiderman wall clock,2,£2.99,,,,,,
4528,,spiderman table-top bskt-ball,2,£1.89,,,,,,
4529,,spiderman ring toss,2,£1.89,,,,,,
4922,,go go puzzle notebook,4,£0.99,,,,,,
4923,,Go Go creator Pack,2,£0.99,,,,,,
4926,,cars cup with straw,2,£1.49,,,,,,
4928,,chuggington wallet,4,£1.29,,,,,,
4937,,spiderman backpack,1,£5.99,,,,,,
4939,,toystory backpack,1,£5.99,,,,,,
4940,,princess lunch box,1,£4.99,,,,,,
4941,,spiderman lunch box,1,£4.99,,,,,,
9622,,Christmas Sitting Ceramic green Angels,12,£0.89,,,,,,
9698,,3x Disney Pens (5),10,£1.29,,,,,,
9708,,Chalk (4),4,£0.59,,,,,,
9754,,Power Rocket Launcher,6,£1.29,,,,,,
9996,,Angel Heart Magnet (12)in,12,£0.99,,,,,,
"Transfer # : 31,475 To Stock Point : BRIGHTON - B63 - 10 On 16/12/2013  16:36:36",Stock Point : BRIGHTON - B63 - 10,,,,,Alan Sharratt,93 Western Road,Brighton,England,BN1 2LB
2269,,*Flitter Let It Snow,4,£3.99,,,,,,
3361,,*Silver Pack of 4 Beaded Napkin Ring (12),6,£0.79,,,,,,
3400,,Photographic whiskers cat 2013,4,£2.99,,,,,,
3414,,Tartan flittered parading owls2013,10,£3.99,,,,,,
3646,,*partyware cups 6x9 oz santa & sn,6,£0.49,,,,,,
3654,,*wrap xmas foiled sheets with tags,14,£0.49,,,,,,
3745,,asst 20 pack incense sticks (24),24,£0.39,,,,,,
4015,,*square glass tea light holder(6) D,6,£0.39,,,,,,
4016,,*rd clear tea light holder6(D),6,£0.39,,,,,,
4065,,*gold pack 4 beaded coaster (12),3,£0.79,,,,,,
4080,,*slimline pet animal calender,12,£0.49,,,,,,
4081,,*slim nature animal calender,4,£0.49,,,,,,
4085,,*med photo flowers calender,4,£0.69,,,,,,
4088,,*slim diary on header card,4,£0.49,,,,,,
4089,,*silm photo favourites calender,12,£0.69,,,,,,
4099,,*xmas pack 3 bottle bags,4,£0.49,,,,,,
4150,,*box of choc/champagne/gold string and bows,12,£0.49,,,,,,
4156,,*xmas 4 sheet wrap with 4 tag,24,£0.39,,,,,,
4159,,*santa stop here decoration,4,£0.49,,,,,,
4160,,*xmas santa letter + pouch,8,£0.49,,,,,,
4181,,*xmas adult santa hat + beard,10,£0.99,,,,,,
4184,,*xmas pet bandana,10,£0.39,,,,,,
4327,,*oval meat platter,2,£1.49,,,,,,
4351,,bag of marbles galaxy theme 6 ast  colours,3,£0.99,,,,,,
4352,,watercolour paint set 18 colour in set,4,£0.99,,,,,,
4361,,disney sml teaset ast designs 7/8 pieces pp,4,£0.99,,,,,,
4391,,*3 piece dog stocking,8,£0.89,,,,,,
4392,,*4 piece cat stocking,8,£0.89,,,,,,
4434,,treasure kit 9 assorted,4,£0.99,,,,,,
4435,,pom pom 2 pc pink/purple,4,£1.19,,,,,,
4442,,magic tricks 4 assorted,4,£1.19,,,,,,
4493,,Star Wars ballpoint pen (24)d,24,£0.39,,,,,,
4494,,Miffy mechanical pencil (40)d,40,£0.39,,,,,,
4528,,spiderman table-top bskt-ball,2,£1.89,,,,,,
4564,,malva brown printed blouse,2,£6.99,,,,,,
9622,,Christmas Sitting Ceramic green Angels,12,£0.89,,,,,,
9698,,3x Disney Pens (5),5,£1.29,,,,,,
9996,,Angel Heart Magnet (12)in,12,£0.99,,,,,,
"Transfer # : 31,476 To Stock Point : BRISTOL CLIFTON On 16/12/2013  16:36:39",Stock Point : BRISTOL CLIFTON,,,,,The Manager,12 Regent St,Clifton,Bristol ,BS8 4HG
2269,,*Flitter Let It Snow,4,£3.99,,,,,,
3361,,*Silver Pack of 4 Beaded Napkin Ring (12),4,£0.79,,,,,,
3369,,*Red Pack of 4 Beaded Coaster (12),4,£0.79,,,,,,
3654,,*wrap xmas foiled sheets with tags,14,£0.49,,,,,,
4065,,*gold pack 4 beaded coaster (12),3,£0.79,,,,,,
4078,,*slimline traditional assorted calender,4,£0.49,,,,,,
4079,,*slimline scenery calender,4,£0.49,,,,,,
4080,,*slimline pet animal calender,4,£0.49,,,,,,
4081,,*slim nature animal calender,4,£0.49,,,,,,
4085,,*med photo flowers calender,4,£0.69,,,,,,
4088,,*slim diary on header card,4,£0.49,,,,,,
4089,,*silm photo favourites calender,4,£0.69,,,,,,
4099,,*xmas pack 3 bottle bags,4,£0.49,,,,,,
4150,,*box of choc/champagne/gold string and bows,8,£0.49,,,,,,
4156,,*xmas 4 sheet wrap with 4 tag,12,£0.39,,,,,,
4159,,*santa stop here decoration,4,£0.49,,,,,,
4160,,*xmas santa letter + pouch,8,£0.49,,,,,,
4164,,*actvity M.Y.O xmas scene,6,£0.49,,,,,,
4168,,*activity count down to xmas,4,£0.49,,,,,,
4181,,*xmas adult santa hat + beard,10,£0.99,,,,,,
4184,,*xmas pet bandana,10,£0.39,,,,,,
4335,,*ast colour star tree deco 4 pk,4,£0.69,,,,,,
4349,,craftset 6 assorted activities,4,£0.99,,,,,,
4351,,bag of marbles galaxy theme 6 ast  colours,3,£0.99,,,,,,
4361,,disney sml teaset ast designs 7/8 pieces pp,4,£0.99,,,,,,
4391,,*3 piece dog stocking,8,£0.89,,,,,,
4392,,*4 piece cat stocking,8,£0.89,,,,,,
4412,,wooden whistle train,12,£1.19,,,,,,
4413,,wooden deco stick insects,12,£0.59,,,,,,
4415,,wooden spinning tops,12,£0.59,,,,,,
4421,,earmuffs with fake fur lining,6,£0.99,,,,,,
4431,,pack 6 felt tip pens,2,£0.59,,,,,,
4432,,puzzle 3D dinosaurs,4,£0.99,,,,,,
4434,,treasure kit 9 assorted,2,£0.99,,,,,,
4435,,pom pom 2 pc pink/purple,2,£1.19,,,,,,
4439,,cup bendy straw ast designs,2,£0.99,,,,,,
4440,,quiche mould,2,£0.99,,,,,,
4442,,magic tricks 4 assorted,2,£1.19,,,,,,
4564,,malva brown printed blouse,1,£6.99,,,,,,
9622,,Christmas Sitting Ceramic green Angels,12,£0.89,,,,,,
9698,,3x Disney Pens (5),5,£1.29,,,,,,
9996,,Angel Heart Magnet (12)in,12,£0.99,,,,,,
"Transfer # : 31,477 To Stock Point : CAMDEN - C05 - 10 On 16/12/2013  16:36:41",Stock Point : CAMDEN - C05 - 10,,,,,Naila,71 Camden High Street,London,London,NW1 7JL
2271,,London Tower Bridge,10,£3.99,,,,,,
3358,,Metal Tealight Latern (12)in,12,£1.49,,,,,,
3369,,*Red Pack of 4 Beaded Coaster (12),4,£0.79,,,,,,
3370,,*Silver Pack of 4 Beaded Coaster (12),4,£0.79,,,,,,
3414,,Tartan flittered parading owls2013,4,£3.99,,,,,,
3546,,Polyresin Pictureframe Baby 5x7 cm (12)d,18,£0.99,,,,,,
3549,,Polyresin Baby in Basket 8x8cm 3 ass. (3)d,6,£0.99,,,,,,
3646,,*partyware cups 6x9 oz santa & sn,6,£0.49,,,,,,
3653,,*tags xmas 12 double layer,10,£0.49,,,,,,
3654,,*wrap xmas foiled sheets with tags,14,£0.49,,,,,,
3952,,Ben 10 Glider (24) D,24,£0.29,,,,,,
4016,,*rd clear tea light holder6(D),12,£0.39,,,,,,
4065,,*gold pack 4 beaded coaster (12),3,£0.79,,,,,,
4078,,*slimline traditional assorted calender,6,£0.49,,,,,,
4079,,*slimline scenery calender,6,£0.49,,,,,,
4080,,*slimline pet animal calender,6,£0.49,,,,,,
4081,,*slim nature animal calender,6,£0.49,,,,,,
4085,,*med photo flowers calender,6,£0.69,,,,,,
4088,,*slim diary on header card,6,£0.49,,,,,,
4089,,*silm photo favourites calender,6,£0.69,,,,,,
4099,,*xmas pack 3 bottle bags,6,£0.49,,,,,,
4150,,*box of choc/champagne/gold string and bows,8,£0.49,,,,,,
4156,,*xmas 4 sheet wrap with 4 tag,12,£0.39,,,,,,
4160,,*xmas santa letter + pouch,6,£0.49,,,,,,
4164,,*actvity M.Y.O xmas scene,6,£0.49,,,,,,
4168,,*activity count down to xmas,6,£0.49,,,,,,
4181,,*xmas adult santa hat + beard,10,£0.99,,,,,,
4184,,*xmas pet bandana,10,£0.39,,,,,,
4335,,*ast colour star tree deco 4 pk,4,£0.69,,,,,,
4348,,scratch and colour craft set,2,£0.99,,,,,,
4349,,craftset 6 assorted activities,2,£0.99,,,,,,
4350,,dot-dot 3D craftset 5 pieces PP,2,£1.19,,,,,,
4352,,watercolour paint set 18 colour in set,2,£0.99,,,,,,
4359,,baking forms 6 ast shapes,2,£0.99,,,,,,
4361,,disney sml teaset ast designs 7/8 pieces pp,2,£0.99,,,,,,
4362,,colander 4 assorted colours,2,£0.99,,,,,,
4363,,pack of 2 gardening gloves,2,£1.89,,,,,,
4391,,*3 piece dog stocking,6,£0.89,,,,,,
4392,,*4 piece cat stocking,8,£0.89,,,,,,
4402,,plastic neon coil,6,£0.99,,,,,,
4409,,wood pirate fairy flexi dolls,12,£1.29,,,,,,
4412,,wooden whistle train,12,£1.19,,,,,,
4413,,wooden deco stick insects,12,£0.59,,,,,,
4415,,wooden spinning tops,12,£0.59,,,,,,
4450,,'So on the beach' body spray(send out in 6),3,£0.59,,,,,,
4451,,shp till you drp bdy fragrance (SEND IN 6`S),3,£0.59,,,,,,
4454,,so des take me away travel set (send out in 3),3,£1.99,,,,,,
4457,,so kiss me all over ETD100ml spray (send out in 4`,3,£5.29,,,,,,
4459,,so exciting body spray (send out in 6),3,£0.59,,,,,,
4465,,so extng tke me awy travelset (send out in 6),3,£1.99,,,,,,
4466,,so what ETD 20 ml spray (send out in 6),3,£1.99,,,,,,
4470,,so him max shower gel (send out in 6),3,£0.86,,,,,,
4473,,so brit body frangrance (send out in 6),3,£0.59,,,,,,
4476,,my love body scrub,2,£0.86,,,,,,
4477,,my love ETD 50ml spray (send out in 3),3,£3.99,,,,,,
4478,,you and me body fragrance (send out in 6),3,£0.59,,,,,,
4489,,lost in love 50ml ETD spray (send out in 3),3,£3.29,,,,,,
4496,,Lee Stafford pink 50ml edt (6),6,£3.99,,,,,,
4504,,Bullyland disney cars sally model,6,£0.99,,,,,,
4506,,Chuggington bubble bath (12)d,6,£0.59,,,,,,
9698,,3x Disney Pens (5),5,£1.29,,,,,,
9975,,Silver/Gold Butterfly Canvas 20x20cm (4),4,£0.49,,,,,,
"Transfer # : 31,478 To Stock Point : CROUCH END - C47 - 10 On 16/12/2013  16:36:42",Stock Point : CROUCH END - C47 - 10,,,,,The Manager,19 topsfield parade,London,England,N8 8TP
2269,,*Flitter Let It Snow,6,£3.99,,,,,,
2271,,London Tower Bridge,10,£3.99,,,,,,
2576,,Assorted Boxed Jewellery (1),12,£2.99,,,,,,
3358,,Metal Tealight Latern (12)in,12,£1.49,,,,,,
3360,,*Red Pack of 4 Beaded Napkin Ring (12),12,£0.79,,,,,,
3361,,*Silver Pack of 4 Beaded Napkin Ring (12),6,£0.79,,,,,,
3369,,*Red Pack of 4 Beaded Coaster (12),3,£0.79,,,,,,
3370,,*Silver Pack of 4 Beaded Coaster (12),6,£0.79,,,,,,
3414,,Tartan flittered parading owls2013,20,£3.99,,,,,,
3646,,*partyware cups 6x9 oz santa & sn,12,£0.49,,,,,,
3653,,*tags xmas 12 double layer,12,£0.49,,,,,,
3828,,icecream pen + lipgloss (24)D,24,£0.69,,,,,,
4016,,*rd clear tea light holder6(D),24,£0.39,,,,,,
4092,,*green/pink/blue slimdiary(24)D,24,£0.69,,,,,,
4093,,*blu/red/pur croc diary(24)D,24,£0.69,,,,,,
4098,,*xmas 3 mixed size gift bag,8,£0.69,,,,,,
4150,,*box of choc/champagne/gold string and bows,26,£0.49,,,,,,
4159,,*santa stop here decoration,6,£0.49,,,,,,
4160,,*xmas santa letter + pouch,8,£0.49,,,,,,
4164,,*actvity M.Y.O xmas scene,14,£0.49,,,,,,
4168,,*activity count down to xmas,6,£0.49,,,,,,
4181,,*xmas adult santa hat + beard,10,£0.99,,,,,,
4184,,*xmas pet bandana,10,£0.39,,,,,,
4330,,sponge bob protector watch,6,£2.99,,,,,,
4348,,scratch and colour craft set,3,£0.99,,,,,,
4349,,craftset 6 assorted activities,3,£0.99,,,,,,
4350,,dot-dot 3D craftset 5 pieces PP,3,£1.19,,,,,,
4352,,watercolour paint set 18 colour in set,3,£0.99,,,,,,
4361,,disney sml teaset ast designs 7/8 pieces pp,4,£0.99,,,,,,
4391,,*3 piece dog stocking,6,£0.89,,,,,,
4392,,*4 piece cat stocking,8,£0.89,,,,,,
4402,,plastic neon coil,8,£0.99,,,,,,
4409,,wood pirate fairy flexi dolls,12,£1.29,,,,,,
4412,,wooden whistle train,12,£1.19,,,,,,
4413,,wooden deco stick insects,12,£0.59,,,,,,
4415,,wooden spinning tops,12,£0.59,,,,,,
4432,,puzzle 3D dinosaurs,12,£0.99,,,,,,
4434,,treasure kit 9 assorted,4,£0.99,,,,,,
4435,,pom pom 2 pc pink/purple,4,£1.19,,,,,,
4494,,Miffy mechanical pencil (40)d,40,£0.39,,,,,,
4527,,spiderman wall clock,2,£2.99,,,,,,
4528,,spiderman table-top bskt-ball,2,£1.89,,,,,,
4894,,*3/4 collarless red top,2,£2.69,,,,,,
4895,,*3/4 collarless yellow top,2,£2.69,,,,,,
4922,,go go puzzle notebook,2,£0.99,,,,,,
4923,,Go Go creator Pack,2,£0.99,,,,,,
4928,,chuggington wallet,4,£1.29,,,,,,
9622,,Christmas Sitting Ceramic green Angels,12,£0.89,,,,,,
9698,,3x Disney Pens (5),5,£1.29,,,,,,
"Transfer # : 31,479 To Stock Point : EDINBURGH (STO) - E46 -10 On 16/12/2013  16:36:44",Stock Point : EDINBURGH (STO) - E46 -10,,,,,Peter Jew,104 Raeburn Place,Edinburgh,Scotland,EH4 1HH
2269,,*Flitter Let It Snow,20,£3.99,,,,,,
3369,,*Red Pack of 4 Beaded Coaster (12),4,£0.79,,,,,,
3370,,*Silver Pack of 4 Beaded Coaster (12),4,£0.79,,,,,,
3400,,Photographic whiskers cat 2013,8,£2.99,,,,,,
3646,,*partyware cups 6x9 oz santa & sn,10,£0.49,,,,,,
3653,,*tags xmas 12 double layer,13,£0.49,,,,,,
3654,,*wrap xmas foiled sheets with tags,50,£0.49,,,,,,
4016,,*rd clear tea light holder6(D),12,£0.39,,,,,,
4065,,*gold pack 4 beaded coaster (12),6,£0.79,,,,,,
4080,,*slimline pet animal calender,14,£0.49,,,,,,
4081,,*slim nature animal calender,6,£0.49,,,,,,
4082,,*slimline scotland calender,12,£0.49,,,,,,
4083,,*medium scotland calender,8,£0.69,,,,,,
4085,,*med photo flowers calender,6,£0.69,,,,,,
4088,,*slim diary on header card,6,£0.49,,,,,,
4089,,*silm photo favourites calender,6,£0.69,,,,,,
4093,,*blu/red/pur croc diary(24)D,24,£0.69,,,,,,
4098,,*xmas 3 mixed size gift bag,14,£0.69,,,,,,
4099,,*xmas pack 3 bottle bags,40,£0.49,,,,,,
4150,,*box of choc/champagne/gold string and bows,8,£0.49,,,,,,
4156,,*xmas 4 sheet wrap with 4 tag,24,£0.39,,,,,,
4160,,*xmas santa letter + pouch,6,£0.49,,,,,,
4162,,beastiez 6 stamper pads w ink,2,£0.99,,,,,,
4164,,*actvity M.Y.O xmas scene,12,£0.49,,,,,,
4181,,*xmas adult santa hat + beard,10,£0.99,,,,,,
4184,,*xmas pet bandana,10,£0.39,,,,,,
4351,,bag of marbles galaxy theme 6 ast  colours,3,£0.99,,,,,,
4391,,*3 piece dog stocking,10,£0.89,,,,,,
4392,,*4 piece cat stocking,16,£0.89,,,,,,
4432,,puzzle 3D dinosaurs,4,£0.99,,,,,,
4434,,treasure kit 9 assorted,4,£0.99,,,,,,
4435,,pom pom 2 pc pink/purple,4,£1.19,,,,,,
4442,,magic tricks 4 assorted,4,£1.19,,,,,,
9622,,Christmas Sitting Ceramic green Angels,24,£0.89,,,,,,
9698,,3x Disney Pens (5),5,£1.29,,,,,,
9996,,Angel Heart Magnet (12)in,12,£0.99,,,,,,
"Transfer # : 31,480 To Stock Point : ERDINGTON On 16/12/2013  16:36:45",Stock Point : ERDINGTON,,,,,The Manager,193/197 High Street,Erdington,West midlands,B23 6SY
3361,,*Silver Pack of 4 Beaded Napkin Ring (12),6,£0.79,,,,,,
3370,,*Silver Pack of 4 Beaded Coaster (12),12,£0.79,,,,,,
4016,,*rd clear tea light holder6(D),6,£0.39,,,,,,
4078,,*slimline traditional assorted calender,6,£0.49,,,,,,
4080,,*slimline pet animal calender,12,£0.49,,,,,,
4081,,*slim nature animal calender,6,£0.49,,,,,,
4085,,*med photo flowers calender,4,£0.69,,,,,,
4088,,*slim diary on header card,6,£0.49,,,,,,
4089,,*silm photo favourites calender,6,£0.69,,,,,,
4150,,*box of choc/champagne/gold string and bows,8,£0.49,,,,,,
4156,,*xmas 4 sheet wrap with 4 tag,6,£0.39,,,,,,
4159,,*santa stop here decoration,4,£0.49,,,,,,
4160,,*xmas santa letter + pouch,6,£0.49,,,,,,
4164,,*actvity M.Y.O xmas scene,12,£0.49,,,,,,
4168,,*activity count down to xmas,4,£0.49,,,,,,
4172,,spiderman scribble set,4,£1.29,,,,,,
4181,,*xmas adult santa hat + beard,4,£0.99,,,,,,
4184,,*xmas pet bandana,10,£0.39,,,,,,
4324,,small tin box,4,£1.29,,,,,,
4325,,medium tin box,4,£1.49,,,,,,
4335,,*ast colour star tree deco 4 pk,6,£0.69,,,,,,
4348,,scratch and colour craft set,2,£0.99,,,,,,
4349,,craftset 6 assorted activities,2,£0.99,,,,,,
4352,,watercolour paint set 18 colour in set,2,£0.99,,,,,,
4359,,baking forms 6 ast shapes,6,£0.99,,,,,,
4361,,disney sml teaset ast designs 7/8 pieces pp,4,£0.99,,,,,,
4362,,colander 4 assorted colours,6,£0.99,,,,,,
4363,,pack of 2 gardening gloves,4,£1.89,,,,,,
4391,,*3 piece dog stocking,6,£0.89,,,,,,
4392,,*4 piece cat stocking,6,£0.89,,,,,,
4399,,winnie the pooh stickers,4,£0.89,,,,,,
4431,,pack 6 felt tip pens,4,£0.59,,,,,,
4432,,puzzle 3D dinosaurs,4,£0.99,,,,,,
4434,,treasure kit 9 assorted,4,£0.99,,,,,,
4435,,pom pom 2 pc pink/purple,4,£1.19,,,,,,
4440,,quiche mould,4,£0.99,,,,,,
4504,,Bullyland disney cars sally model,6,£0.99,,,,,,
4922,,go go puzzle notebook,2,£0.99,,,,,,
4923,,Go Go creator Pack,2,£0.99,,,,,,
9622,,Christmas Sitting Ceramic green Angels,12,£0.89,,,,,,
"Transfer # : 31,481 To Stock Point : HELENSBURGH - H42 - 10 On 16/12/2013  16:36:46",Stock Point : HELENSBURGH - H42 - 10,,,,,The Manager,30 West princes Street,Helensburgh,England,G84 8TD
3360,,*Red Pack of 4 Beaded Napkin Ring (12),4,£0.79,,,,,,
3361,,*Silver Pack of 4 Beaded Napkin Ring (12),6,£0.79,,,,,,
3369,,*Red Pack of 4 Beaded Coaster (12),3,£0.79,,,,,,
3414,,Tartan flittered parading owls2013,6,£3.99,,,,,,
3545,,Ceramic Figure Russian Doll 3 Colours,6,£0.59,,,,,,
3563,,Rubber Bands Lucky Bands 4 Animal (singles),24,£0.29,,,,,,
3642,,*Access 3x Pris Curl Ribb,7,£0.49,,,,,,
3646,,*partyware cups 6x9 oz santa & sn,6,£0.49,,,,,,
3654,,*wrap xmas foiled sheets with tags,14,£0.49,,,,,,
4078,,*slimline traditional assorted calender,6,£0.49,,,,,,
4079,,*slimline scenery calender,6,£0.49,,,,,,
4080,,*slimline pet animal calender,8,£0.49,,,,,,
4081,,*slim nature animal calender,16,£0.49,,,,,,
4082,,*slimline scotland calender,4,£0.49,,,,,,
4085,,*med photo flowers calender,4,£0.69,,,,,,
4088,,*slim diary on header card,4,£0.49,,,,,,
4089,,*silm photo favourites calender,4,£0.69,,,,,,
4099,,*xmas pack 3 bottle bags,8,£0.49,,,,,,
4150,,*box of choc/champagne/gold string and bows,8,£0.49,,,,,,
4156,,*xmas 4 sheet wrap with 4 tag,12,£0.39,,,,,,
4159,,*santa stop here decoration,4,£0.49,,,,,,
4160,,*xmas santa letter + pouch,6,£0.49,,,,,,
4164,,*actvity M.Y.O xmas scene,4,£0.49,,,,,,
4168,,*activity count down to xmas,4,£0.49,,,,,,
4171,,spiderman scribble set,2,£1.29,,,,,,
4172,,spiderman scribble set,2,£1.29,,,,,,
4174,,spiderman med stationary set,2,£1.29,,,,,,
4176,,cars 3 stamper set,2,£1.29,,,,,,
4181,,*xmas adult santa hat + beard,5,£0.99,,,,,,
4184,,*xmas pet bandana,10,£0.39,,,,,,
4358,,glass jar 3 ast colours 12cm,12,£0.99,,,,,,
4391,,*3 piece dog stocking,12,£0.89,,,,,,
4392,,*4 piece cat stocking,12,£0.89,,,,,,
4476,,my love body scrub,2,£0.86,,,,,,
4503,,Chuggington liquid hand soap (12)d,6,£0.59,,,,,,
4895,,*3/4 collarless yellow top,2,£2.69,,,,,,
4923,,Go Go creator Pack,2,£0.99,,,,,,
9622,,Christmas Sitting Ceramic green Angels,12,£0.89,,,,,,
"Transfer # : 31,482 To Stock Point : LONDON (FINCH) - L40 - 10 On 16/12/2013  16:36:47",Stock Point : LONDON (FINCH) - L40 - 10,,,,,Rehana Khaliq,173a Finchley Rd,London,England,NW3 6LB.
2271,,London Tower Bridge,2,£3.99,,,,,,
3360,,*Red Pack of 4 Beaded Napkin Ring (12),6,£0.79,,,,,,
3361,,*Silver Pack of 4 Beaded Napkin Ring (12),12,£0.79,,,,,,
3370,,*Silver Pack of 4 Beaded Coaster (12),12,£0.79,,,,,,
3646,,*partyware cups 6x9 oz santa & sn,6,£0.49,,,,,,
3654,,*wrap xmas foiled sheets with tags,12,£0.49,,,,,,
3825,,pedicure kit flip flops (6),12,£0.99,,,,,,
4065,,*gold pack 4 beaded coaster (12),4,£0.79,,,,,,
4079,,*slimline scenery calender,12,£0.49,,,,,,
4080,,*slimline pet animal calender,20,£0.49,,,,,,
4081,,*slim nature animal calender,6,£0.49,,,,,,
4085,,*med photo flowers calender,24,£0.69,,,,,,
4088,,*slim diary on header card,20,£0.49,,,,,,
4099,,*xmas pack 3 bottle bags,8,£0.49,,,,,,
4150,,*box of choc/champagne/gold string and bows,12,£0.49,,,,,,
4160,,*xmas santa letter + pouch,6,£0.49,,,,,,
4164,,*actvity M.Y.O xmas scene,4,£0.49,,,,,,
4168,,*activity count down to xmas,4,£0.49,,,,,,
4181,,*xmas adult santa hat + beard,5,£0.99,,,,,,
4184,,*xmas pet bandana,10,£0.39,,,,,,
4330,,sponge bob protector watch,6,£2.99,,,,,,
4391,,*3 piece dog stocking,8,£0.89,,,,,,
4392,,*4 piece cat stocking,8,£0.89,,,,,,
4416,,mini pug dog ornament (12)d,12,£0.79,,,,,,
4493,,Star Wars ballpoint pen (24)d,24,£0.39,,,,,,
9995,,Guardian Angel in Bag (24) 1,24,£0.99,,,,,,
9996,,Angel Heart Magnet (12)in,12,£0.99,,,,,,
"Transfer # : 31,483 To Stock Point : LONDON (HOLL) - H67 - 10 On 16/12/2013  16:36:47",Stock Point : LONDON (HOLL) - H67 - 10,,,,,TBC Adama,436A Holloway Road,London,England,N7 6QA
3360,,*Red Pack of 4 Beaded Napkin Ring (12),6,£0.79,,,,,,
3361,,*Silver Pack of 4 Beaded Napkin Ring (12),4,£0.79,,,,,,
3370,,*Silver Pack of 4 Beaded Coaster (12),4,£0.79,,,,,,
3545,,Ceramic Figure Russian Doll 3 Colours,6,£0.59,,,,,,
3549,,Polyresin Baby in Basket 8x8cm 3 ass. (3)d,12,£0.99,,,,,,
3654,,*wrap xmas foiled sheets with tags,14,£0.49,,,,,,
3732,,pack of decoration roses16(D),16,£0.99,,,,,,
4079,,*slimline scenery calender,4,£0.49,,,,,,
4080,,*slimline pet animal calender,4,£0.49,,,,,,
4081,,*slim nature animal calender,4,£0.49,,,,,,
4085,,*med photo flowers calender,4,£0.69,,,,,,
4088,,*slim diary on header card,24,£0.49,,,,,,
4089,,*silm photo favourites calender,4,£0.69,,,,,,
4150,,*box of choc/champagne/gold string and bows,8,£0.49,,,,,,
4156,,*xmas 4 sheet wrap with 4 tag,12,£0.39,,,,,,
4159,,*santa stop here decoration,6,£0.49,,,,,,
4160,,*xmas santa letter + pouch,6,£0.49,,,,,,
4164,,*actvity M.Y.O xmas scene,6,£0.49,,,,,,
4168,,*activity count down to xmas,6,£0.49,,,,,,
4181,,*xmas adult santa hat + beard,5,£0.99,,,,,,
4184,,*xmas pet bandana,10,£0.39,,,,,,
4348,,scratch and colour craft set,2,£0.99,,,,,,
4349,,craftset 6 assorted activities,2,£0.99,,,,,,
4350,,dot-dot 3D craftset 5 pieces PP,2,£1.19,,,,,,
4352,,watercolour paint set 18 colour in set,2,£0.99,,,,,,
4361,,disney sml teaset ast designs 7/8 pieces pp,4,£0.99,,,,,,
4392,,*4 piece cat stocking,6,£0.89,,,,,,
4434,,treasure kit 9 assorted,4,£0.99,,,,,,
4527,,spiderman wall clock,2,£2.99,,,,,,
4528,,spiderman table-top bskt-ball,3,£1.89,,,,,,
9754,,Power Rocket Launcher,4,£1.29,,,,,,
9996,,Angel Heart Magnet (12)in,12,£0.99,,,,,,
"Transfer # : 31,484 To Stock Point : MUSWELL HILL - M90 - 10 On 16/12/2013  16:36:48",Stock Point : MUSWELL HILL - M90 - 10,,,,,Jane,44 Muswell Hill Broadway,Muswell Hill,London,N10 3RT
2269,,*Flitter Let It Snow,2,£3.99,,,,,,
3244,,Cream Mac,1,£8.99,,,,,,
3358,,Metal Tealight Latern (12)in,12,£1.49,,,,,,
3361,,*Silver Pack of 4 Beaded Napkin Ring (12),4,£0.79,,,,,,
3370,,*Silver Pack of 4 Beaded Coaster (12),4,£0.79,,,,,,
3400,,Photographic whiskers cat 2013,4,£2.99,,,,,,
3414,,Tartan flittered parading owls2013,6,£3.99,,,,,,
3646,,*partyware cups 6x9 oz santa & sn,6,£0.49,,,,,,
3654,,*wrap xmas foiled sheets with tags,14,£0.49,,,,,,
3728,,birdhouse wall dec (singles),4,£1.29,,,,,,
3744,,4 asst luxury 30 pack incense (12),12,£1.49,,,,,,
4078,,*slimline traditional assorted calender,6,£0.49,,,,,,
4079,,*slimline scenery calender,6,£0.49,,,,,,
4080,,*slimline pet animal calender,6,£0.49,,,,,,
4081,,*slim nature animal calender,6,£0.49,,,,,,
4085,,*med photo flowers calender,6,£0.69,,,,,,
4088,,*slim diary on header card,6,£0.49,,,,,,
4089,,*silm photo favourites calender,6,£0.69,,,,,,
4093,,*blu/red/pur croc diary(24)D,24,£0.69,,,,,,
4099,,*xmas pack 3 bottle bags,6,£0.49,,,,,,
4150,,*box of choc/champagne/gold string and bows,12,£0.49,,,,,,
4156,,*xmas 4 sheet wrap with 4 tag,6,£0.39,,,,,,
4160,,*xmas santa letter + pouch,6,£0.49,,,,,,
4181,,*xmas adult santa hat + beard,5,£0.99,,,,,,
4184,,*xmas pet bandana,10,£0.39,,,,,,
4330,,sponge bob protector watch,6,£2.99,,,,,,
4335,,*ast colour star tree deco 4 pk,6,£0.69,,,,,,
4392,,*4 piece cat stocking,6,£0.89,,,,,,
4399,,winnie the pooh stickers,2,£0.89,,,,,,
4402,,plastic neon coil,6,£0.99,,,,,,
4409,,wood pirate fairy flexi dolls,24,£1.29,,,,,,
4412,,wooden whistle train,24,£1.19,,,,,,
4429,,angel on cloud display (12)in,12,£0.99,,,,,,
"Transfer # : 31,485 To Stock Point : ST ANDREWS - S54 -10 On 16/12/2013  16:36:50",Stock Point : ST ANDREWS - S54 -10,,,,,Margaret Liveston,3 Logie's Lane,St Andrews,Scotland,KY16 9NL
2364,,Scotland Teabag Holder (12) D,12,£0.99,,,,,,
3360,,*Red Pack of 4 Beaded Napkin Ring (12),4,£0.79,,,,,,
3370,,*Silver Pack of 4 Beaded Coaster (12),4,£0.79,,,,,,
3414,,Tartan flittered parading owls2013,2,£3.99,,,,,,
3598,,Thai Buddha in gift bag (24),24,£1.29,,,,,,
3646,,*partyware cups 6x9 oz santa & sn,12,£0.49,,,,,,
3654,,*wrap xmas foiled sheets with tags,50,£0.49,,,,,,
4078,,*slimline traditional assorted calender,4,£0.49,,,,,,
4079,,*slimline scenery calender,4,£0.49,,,,,,
4080,,*slimline pet animal calender,4,£0.49,,,,,,
4081,,*slim nature animal calender,4,£0.49,,,,,,
4082,,*slimline scotland calender,6,£0.49,,,,,,
4083,,*medium scotland calender,12,£0.69,,,,,,
4085,,*med photo flowers calender,4,£0.69,,,,,,
4088,,*slim diary on header card,4,£0.49,,,,,,
4089,,*silm photo favourites calender,4,£0.69,,,,,,
4093,,*blu/red/pur croc diary(24)D,24,£0.69,,,,,,
4099,,*xmas pack 3 bottle bags,12,£0.49,,,,,,
4150,,*box of choc/champagne/gold string and bows,20,£0.49,,,,,,
4156,,*xmas 4 sheet wrap with 4 tag,8,£0.39,,,,,,
4159,,*santa stop here decoration,12,£0.49,,,,,,
4160,,*xmas santa letter + pouch,6,£0.49,,,,,,
4164,,*actvity M.Y.O xmas scene,8,£0.49,,,,,,
4181,,*xmas adult santa hat + beard,10,£0.99,,,,,,
4184,,*xmas pet bandana,10,£0.39,,,,,,
4348,,scratch and colour craft set,2,£0.99,,,,,,
4349,,craftset 6 assorted activities,2,£0.99,,,,,,
4350,,dot-dot 3D craftset 5 pieces PP,2,£1.19,,,,,,
4352,,watercolour paint set 18 colour in set,2,£0.99,,,,,,
4358,,glass jar 3 ast colours 12cm,2,£0.99,,,,,,
4361,,disney sml teaset ast designs 7/8 pieces pp,2,£0.99,,,,,,
4391,,*3 piece dog stocking,14,£0.89,,,,,,
4392,,*4 piece cat stocking,12,£0.89,,,,,,
4431,,pack 6 felt tip pens,2,£0.59,,,,,,
4432,,puzzle 3D dinosaurs,2,£0.99,,,,,,
4434,,treasure kit 9 assorted,2,£0.99,,,,,,
4435,,pom pom 2 pc pink/purple,2,£1.19,,,,,,
4439,,cup bendy straw ast designs,2,£0.99,,,,,,
4499,,Disney memory game (10)d,5,£0.99,,,,,,
4503,,Chuggington liquid hand soap (12)d,12,£0.59,,,,,,
4528,,spiderman table-top bskt-ball,2,£1.89,,,,,,
4529,,spiderman ring toss,2,£1.89,,,,,,
4537,,football mania sticker/transfr (48)D,48,£0.49,,,,,,
"Transfer # : 31,486 To Stock Point : WEYBRIDGE - W45 - 10 On 16/12/2013  16:36:50",Stock Point : WEYBRIDGE - W45 - 10,,,,,The Manager,"1 Church Street, ","Weybridge, ",England,KT13 8RZ
1007,,Asst Colour Ladies Handbag,2,£5.99,,,,,,
3370,,*Silver Pack of 4 Beaded Coaster (12),12,£0.79,,,,,,
3400,,Photographic whiskers cat 2013,2,£2.99,,,,,,
3646,,*partyware cups 6x9 oz santa & sn,6,£0.49,,,,,,
3654,,*wrap xmas foiled sheets with tags,14,£0.49,,,,,,
3825,,pedicure kit flip flops (6),12,£0.99,,,,,,
4016,,*rd clear tea light holder6(D),6,£0.39,,,,,,
4078,,*slimline traditional assorted calender,6,£0.49,,,,,,
4079,,*slimline scenery calender,4,£0.49,,,,,,
4080,,*slimline pet animal calender,4,£0.49,,,,,,
4081,,*slim nature animal calender,4,£0.49,,,,,,
4085,,*med photo flowers calender,4,£0.69,,,,,,
4088,,*slim diary on header card,6,£0.49,,,,,,
4092,,*green/pink/blue slimdiary(24)D,24,£0.69,,,,,,
4150,,*box of choc/champagne/gold string and bows,8,£0.49,,,,,,
4160,,*xmas santa letter + pouch,6,£0.49,,,,,,
4173,,spiderman large stationary set,2,£1.29,,,,,,
4181,,*xmas adult santa hat + beard,5,£0.99,,,,,,
4184,,*xmas pet bandana,10,£0.39,,,,,,
4392,,*4 piece cat stocking,6,£0.89,,,,,,
4402,,plastic neon coil,8,£0.99,,,,,,
4431,,pack 6 felt tip pens,2,£0.59,,,,,,
4432,,puzzle 3D dinosaurs,2,£0.99,,,,,,
4434,,treasure kit 9 assorted,2,£0.99,,,,,,
4435,,pom pom 2 pc pink/purple,2,£1.19,,,,,,
4529,,spiderman ring toss,2,£1.89,,,,,,
4920,,silver double strap pocket bag,1,£5.99,,,,,,
9975,,Silver/Gold Butterfly Canvas 20x20cm (4),2,£0.49,,,,,,
"Transfer # : 31,487 To Stock Point : WOOD GREEN - W60 - 10 On 16/12/2013  16:36:51",Stock Point : WOOD GREEN - W60 - 10,,,,,TBC Ikra/Violetta,20 High Rd,Wood Green ,London,N22 6BX
1007,,Asst Colour Ladies Handbag,2,£5.99,,,,,,
1103,,Puzzle Erasers (24) D (6),2,£0.99,,,,,,
1787,,New Small Glider (48) D,24,£0.29,,,,,,
1788,,New Large Glider (24) D,12,£1.29,,,,,,
2271,,London Tower Bridge,5,£3.99,,,,,,
2576,,Assorted Boxed Jewellery (1),8,£2.99,,,,,,
2752,,Assorted Heart  Design Umbrella,6,£2.99,,,,,,
3358,,Metal Tealight Latern (12)in,12,£1.49,,,,,,
3361,,*Silver Pack of 4 Beaded Napkin Ring (12),6,£0.79,,,,,,
3370,,*Silver Pack of 4 Beaded Coaster (12),6,£0.79,,,,,,
3414,,Tartan flittered parading owls2013,4,£3.99,,,,,,
3558,,Plastic Bracelet Zipper 10 Colours (singles),24,£0.79,,,,,,
3559,,Plastic grabber figurines 4 assorted,4,£0.79,,,,,,
3598,,Thai Buddha in gift bag (24),24,£1.29,,,,,,
3602,,*Activity Messy Mat,2,£0.69,,,,,,
3609,,*WTP 3 way scribble book,2,£0.69,,,,,,
3646,,*partyware cups 6x9 oz santa & sn,6,£0.49,,,,,,
3654,,*wrap xmas foiled sheets with tags,20,£0.49,,,,,,
3828,,icecream pen + lipgloss (24)D,24,£0.69,,,,,,
3841,,metal clasp asst shoulder bag,2,£4.99,,,,,,
3844,,jeans I phone cover,6,£0.99,,,,,,
3954,,Metallic Mini Soccer Ball (24) D,12,£0.79,,,,,,
3975,,Colour Adhesive Mirror (4),4,£0.49,,,,,,
4015,,*square glass tea light holder(6) D,6,£0.39,,,,,,
4016,,*rd clear tea light holder6(D),12,£0.39,,,,,,
4078,,*slimline traditional assorted calender,6,£0.49,,,,,,
4079,,*slimline scenery calender,12,£0.49,,,,,,
4080,,*slimline pet animal calender,12,£0.49,,,,,,
4081,,*slim nature animal calender,12,£0.49,,,,,,
4085,,*med photo flowers calender,6,£0.69,,,,,,
4088,,*slim diary on header card,6,£0.49,,,,,,
4089,,*silm photo favourites calender,6,£0.69,,,,,,
4092,,*green/pink/blue slimdiary(24)D,24,£0.69,,,,,,
4093,,*blu/red/pur croc diary(24)D,24,£0.69,,,,,,
4099,,*xmas pack 3 bottle bags,6,£0.49,,,,,,
4150,,*box of choc/champagne/gold string and bows,8,£0.49,,,,,,
4156,,*xmas 4 sheet wrap with 4 tag,12,£0.39,,,,,,
4159,,*santa stop here decoration,6,£0.49,,,,,,
4160,,*xmas santa letter + pouch,6,£0.49,,,,,,
4164,,*actvity M.Y.O xmas scene,6,£0.49,,,,,,
4168,,*activity count down to xmas,4,£0.49,,,,,,
4181,,*xmas adult santa hat + beard,5,£0.99,,,,,,
4184,,*xmas pet bandana,10,£0.39,,,,,,
4289,,R. Dahl fantastic mr fox book,4,£0.99,,,,,,
4292,,fish popsicle,4,£0.89,,,,,,
4324,,small tin box,6,£1.29,,,,,,
4325,,medium tin box,6,£1.49,,,,,,
4329,,blk bag shldr/mesngr strap zip,2,£5.99,,,,,,
4330,,sponge bob protector watch,6,£2.99,,,,,,
4335,,*ast colour star tree deco 4 pk,6,£0.69,,,,,,
4348,,scratch and colour craft set,4,£0.99,,,,,,
4349,,craftset 6 assorted activities,4,£0.99,,,,,,
4350,,dot-dot 3D craftset 5 pieces PP,4,£1.19,,,,,,
4352,,watercolour paint set 18 colour in set,4,£0.99,,,,,,
4391,,*3 piece dog stocking,10,£0.89,,,,,,
4392,,*4 piece cat stocking,10,£0.89,,,,,,
4402,,plastic neon coil,6,£0.99,,,,,,
4409,,wood pirate fairy flexi dolls,12,£1.29,,,,,,
4412,,wooden whistle train,12,£1.19,,,,,,
4413,,wooden deco stick insects,12,£0.59,,,,,,
4415,,wooden spinning tops,12,£0.59,,,,,,
4421,,earmuffs with fake fur lining,6,£0.99,,,,,,
4429,,angel on cloud display (12)in,12,£0.99,,,,,,
4454,,so des take me away travel set (send out in 3),3,£1.99,,,,,,
4457,,so kiss me all over ETD100ml spray (send out in 4`,3,£5.29,,,,,,
4460,,so exciting ETD 30 ml spray (send out in 3),3,£2.66,,,,,,
4464,,so exciting 3 peice box set lip (send in 3`s),3,£2.66,,,,,,
4465,,so extng tke me awy travelset (send out in 6),3,£1.99,,,,,,
4466,,so what ETD 20 ml spray (send out in 6),3,£1.99,,,,,,
4477,,my love ETD 50ml spray (send out in 3),3,£3.99,,,,,,
4494,,Miffy mechanical pencil (40)d,40,£0.39,,,,,,
4495,,Chugginton bath+ shower gel (12)d,6,£0.59,,,,,,
4500,,Morgan vanilla hand lotion (12)d,6,£1.29,,,,,,
4503,,Chuggington liquid hand soap (12)d,6,£0.59,,,,,,
4527,,spiderman wall clock,2,£2.99,,,,,,
4529,,spiderman ring toss,2,£1.89,,,,,,
9622,,Christmas Sitting Ceramic green Angels,12,£0.89,,,,,,
9996,,Angel Heart Magnet (12)in,12,£0.99,,,,,,
"Transfer # : 31,488 To Stock Point : ALTON On 16/12/2013  16:36:53",Stock Point : ALTON,,,,,The Manager,51 High Street,Alton,Hants,GU34 1AW
2345,,Retro Queen Teabag Holder (12) D,12,£0.69,,,,,,
3360,,*Red Pack of 4 Beaded Napkin Ring (12),6,£0.79,,,,,,
3361,,*Silver Pack of 4 Beaded Napkin Ring (12),6,£0.79,,,,,,
3370,,*Silver Pack of 4 Beaded Coaster (12),6,£0.79,,,,,,
3374,,Butterfly and Rose Wall hook (4),4,£1.49,,,,,,
3646,,*partyware cups 6x9 oz santa & sn,6,£0.49,,,,,,
3654,,*wrap xmas foiled sheets with tags,14,£0.49,,,,,,
3728,,birdhouse wall dec (singles),4,£1.29,,,,,,
3732,,pack of decoration roses16(D),16,£0.99,,,,,,
3733,,gilt floral heart wall hanger (singles),6,£1.49,,,,,,
3744,,4 asst luxury 30 pack incense (12),12,£1.49,,,,,,
3745,,asst 20 pack incense sticks (24),24,£0.39,,,,,,
4078,,*slimline traditional assorted calender,4,£0.49,,,,,,
4079,,*slimline scenery calender,4,£0.49,,,,,,
4080,,*slimline pet animal calender,12,£0.49,,,,,,
4081,,*slim nature animal calender,4,£0.49,,,,,,
4085,,*med photo flowers calender,4,£0.69,,,,,,
4088,,*slim diary on header card,4,£0.49,,,,,,
4089,,*silm photo favourites calender,12,£0.69,,,,,,
4092,,*green/pink/blue slimdiary(24)D,24,£0.69,,,,,,
4099,,*xmas pack 3 bottle bags,6,£0.49,,,,,,
4150,,*box of choc/champagne/gold string and bows,8,£0.49,,,,,,
4156,,*xmas 4 sheet wrap with 4 tag,12,£0.39,,,,,,
4159,,*santa stop here decoration,4,£0.49,,,,,,
4160,,*xmas santa letter + pouch,6,£0.49,,,,,,
4164,,*actvity M.Y.O xmas scene,12,£0.49,,,,,,
4168,,*activity count down to xmas,6,£0.49,,,,,,
4172,,spiderman scribble set,2,£1.29,,,,,,
4181,,*xmas adult santa hat + beard,12,£0.99,,,,,,
4184,,*xmas pet bandana,10,£0.39,,,,,,
4324,,small tin box,4,£1.29,,,,,,
4325,,medium tin box,4,£1.49,,,,,,
4330,,sponge bob protector watch,4,£2.99,,,,,,
4391,,*3 piece dog stocking,6,£0.89,,,,,,
4392,,*4 piece cat stocking,6,£0.89,,,,,,
4421,,earmuffs with fake fur lining,6,£0.99,,,,,,
4429,,angel on cloud display (12)in,12,£0.99,,,,,,
4430,,laying polyresin angel rose coloured headband (12),12,£1.99,,,,,,
4492,,Spiderman gel pen (42)d,42,£0.39,,,,,,
4932,,spiderman mesh gym bag,1,£1.69,,,,,,
4933,,skylanders mesh gym bag,1,£1.69,,,,,,
4943,,toystory sports cup,2,£1.49,,,,,,
9622,,Christmas Sitting Ceramic green Angels,12,£0.89,,,,,,
9996,,Angel Heart Magnet (12)in,12,£0.99,,,,,,
"Transfer # : 31,489 To Stock Point : CARLISLE - C12 - 9 On 16/12/2013  16:36:54",Stock Point : CARLISLE - C12 - 9,,,,,Roseann Dickinson,26/28 Scotch Street,Carlisle,Cumbria,CA3 8PX
3360,,*Red Pack of 4 Beaded Napkin Ring (12),6,£0.79,,,,,,
3361,,*Silver Pack of 4 Beaded Napkin Ring (12),6,£0.79,,,,,,
3369,,*Red Pack of 4 Beaded Coaster (12),5,£0.79,,,,,,
3370,,*Silver Pack of 4 Beaded Coaster (12),12,£0.79,,,,,,
3646,,*partyware cups 6x9 oz santa & sn,12,£0.49,,,,,,
3654,,*wrap xmas foiled sheets with tags,26,£0.49,,,,,,
4015,,*square glass tea light holder(6) D,12,£0.39,,,,,,
4016,,*rd clear tea light holder6(D),12,£0.39,,,,,,
4065,,*gold pack 4 beaded coaster (12),6,£0.79,,,,,,
4078,,*slimline traditional assorted calender,10,£0.49,,,,,,
4079,,*slimline scenery calender,10,£0.49,,,,,,
4080,,*slimline pet animal calender,10,£0.49,,,,,,
4081,,*slim nature animal calender,10,£0.49,,,,,,
4085,,*med photo flowers calender,10,£0.69,,,,,,
4089,,*silm photo favourites calender,10,£0.69,,,,,,
4099,,*xmas pack 3 bottle bags,16,£0.49,,,,,,
4150,,*box of choc/champagne/gold string and bows,24,£0.49,,,,,,
4156,,*xmas 4 sheet wrap with 4 tag,24,£0.39,,,,,,
4159,,*santa stop here decoration,12,£0.49,,,,,,
4160,,*xmas santa letter + pouch,12,£0.49,,,,,,
4164,,*actvity M.Y.O xmas scene,12,£0.49,,,,,,
4168,,*activity count down to xmas,12,£0.49,,,,,,
4173,,spiderman large stationary set,3,£1.29,,,,,,
4181,,*xmas adult santa hat + beard,12,£0.99,,,,,,
4184,,*xmas pet bandana,12,£0.39,,,,,,
4335,,*ast colour star tree deco 4 pk,12,£0.69,,,,,,
4352,,watercolour paint set 18 colour in set,6,£0.99,,,,,,
4391,,*3 piece dog stocking,12,£0.89,,,,,,
4392,,*4 piece cat stocking,12,£0.89,,,,,,
4416,,mini pug dog ornament (12)d,12,£0.79,,,,,,
4421,,earmuffs with fake fur lining,6,£0.99,,,,,,
4423,,polyresin buddha on display (12)in,12,£1.29,,,,,,
4429,,angel on cloud display (12)in,12,£0.99,,,,,,
4493,,Star Wars ballpoint pen (24)d,24,£0.39,,,,,,
4503,,Chuggington liquid hand soap (12)d,12,£0.59,,,,,,
4893,,3/4 collarless ryl blue top,2,£2.69,,,,,,
4894,,*3/4 collarless red top,2,£2.69,,,,,,
9622,,Christmas Sitting Ceramic green Angels,12,£0.89,,,,,,
"Transfer # : 31,490 To Stock Point : GLASGOW (POLL) - G41- 9 On 16/12/2013  16:36:55",Stock Point : GLASGOW (POLL) - G41- 9,,,,,nicola,1145 Pollockshaws Road,Glasgow,Scotland,G41 3YH
2269,,*Flitter Let It Snow,5,£3.99,,,,,,
3370,,*Silver Pack of 4 Beaded Coaster (12),4,£0.79,,,,,,
3400,,Photographic whiskers cat 2013,2,£2.99,,,,,,
3414,,Tartan flittered parading owls2013,14,£3.99,,,,,,
3646,,*partyware cups 6x9 oz santa & sn,6,£0.49,,,,,,
3654,,*wrap xmas foiled sheets with tags,14,£0.49,,,,,,
4015,,*square glass tea light holder(6) D,6,£0.39,,,,,,
4016,,*rd clear tea light holder6(D),12,£0.39,,,,,,
4078,,*slimline traditional assorted calender,6,£0.49,,,,,,
4079,,*slimline scenery calender,6,£0.49,,,,,,
4080,,*slimline pet animal calender,6,£0.49,,,,,,
4081,,*slim nature animal calender,6,£0.49,,,,,,
4082,,*slimline scotland calender,6,£0.49,,,,,,
4083,,*medium scotland calender,6,£0.69,,,,,,
4085,,*med photo flowers calender,6,£0.69,,,,,,
4088,,*slim diary on header card,6,£0.49,,,,,,
4089,,*silm photo favourites calender,6,£0.69,,,,,,
4092,,*green/pink/blue slimdiary(24)D,24,£0.69,,,,,,
4099,,*xmas pack 3 bottle bags,6,£0.49,,,,,,
4150,,*box of choc/champagne/gold string and bows,8,£0.49,,,,,,
4156,,*xmas 4 sheet wrap with 4 tag,12,£0.39,,,,,,
4159,,*santa stop here decoration,4,£0.49,,,,,,
4160,,*xmas santa letter + pouch,6,£0.49,,,,,,
4164,,*actvity M.Y.O xmas scene,6,£0.49,,,,,,
4168,,*activity count down to xmas,4,£0.49,,,,,,
4171,,spiderman scribble set,2,£1.29,,,,,,
4181,,*xmas adult santa hat + beard,5,£0.99,,,,,,
4184,,*xmas pet bandana,10,£0.39,,,,,,
4335,,*ast colour star tree deco 4 pk,4,£0.69,,,,,,
4348,,scratch and colour craft set,4,£0.99,,,,,,
4349,,craftset 6 assorted activities,4,£0.99,,,,,,
4358,,glass jar 3 ast colours 12cm,6,£0.99,,,,,,
4362,,colander 4 assorted colours,4,£0.99,,,,,,
4391,,*3 piece dog stocking,6,£0.89,,,,,,
4392,,*4 piece cat stocking,6,£0.89,,,,,,
4431,,pack 6 felt tip pens,4,£0.59,,,,,,
4432,,puzzle 3D dinosaurs,4,£0.99,,,,,,
4434,,treasure kit 9 assorted,4,£0.99,,,,,,
4435,,pom pom 2 pc pink/purple,4,£1.19,,,,,,
4442,,magic tricks 4 assorted,4,£1.19,,,,,,
4895,,*3/4 collarless yellow top,2,£2.69,,,,,,
9996,,Angel Heart Magnet (12)in,12,£0.99,,,,,,
"Transfer # : 31,491 To Stock Point : HASTINGS - H20 - 9 On 16/12/2013  16:36:56",Stock Point : HASTINGS - H20 - 9,,,,,Linda Harcourt Smith,17 Queens Road,Hastings,East Sussex,TN34 1QY
3361,,*Silver Pack of 4 Beaded Napkin Ring (12),6,£0.79,,,,,,
3370,,*Silver Pack of 4 Beaded Coaster (12),6,£0.79,,,,,,
3559,,Plastic grabber figurines 4 assorted,4,£0.79,,,,,,
3654,,*wrap xmas foiled sheets with tags,14,£0.49,,,,,,
4078,,*slimline traditional assorted calender,4,£0.49,,,,,,
4079,,*slimline scenery calender,4,£0.49,,,,,,
4080,,*slimline pet animal calender,4,£0.49,,,,,,
4081,,*slim nature animal calender,4,£0.49,,,,,,
4085,,*med photo flowers calender,4,£0.69,,,,,,
4088,,*slim diary on header card,6,£0.49,,,,,,
4089,,*silm photo favourites calender,4,£0.69,,,,,,
4150,,*box of choc/champagne/gold string and bows,8,£0.49,,,,,,
4160,,*xmas santa letter + pouch,6,£0.49,,,,,,
4171,,spiderman scribble set,4,£1.29,,,,,,
4181,,*xmas adult santa hat + beard,5,£0.99,,,,,,
4184,,*xmas pet bandana,12,£0.39,,,,,,
4305,,floral canvas drawstring bag,1,£6.99,,,,,,
4391,,*3 piece dog stocking,8,£0.89,,,,,,
4392,,*4 piece cat stocking,12,£0.89,,,,,,
4399,,winnie the pooh stickers,12,£0.89,,,,,,
4937,,spiderman backpack,2,£5.99,,,,,,
4940,,princess lunch box,2,£4.99,,,,,,
4941,,spiderman lunch box,1,£4.99,,,,,,
4946,,minnie sports cup,2,£1.49,,,,,,
9996,,Angel Heart Magnet (12)in,12,£0.99,,,,,,
"Transfer # : 31,492 To Stock Point : STREATHAM - S85 - 9 On 16/12/2013  16:36:57",Stock Point : STREATHAM - S85 - 9,,,,,The Manager,242 Streatham High Road,London,England,SW16 1BB
3654,,*wrap xmas foiled sheets with tags,14,£0.49,,,,,,
3981,,Home Sweet Home Canvas (4),4,£1.49,,,,,,
4015,,*square glass tea light holder(6) D,6,£0.39,,,,,,
4016,,*rd clear tea light holder6(D),24,£0.39,,,,,,
4085,,*med photo flowers calender,12,£0.69,,,,,,
4088,,*slim diary on header card,12,£0.49,,,,,,
4093,,*blu/red/pur croc diary(24)D,24,£0.69,,,,,,
4150,,*box of choc/champagne/gold string and bows,8,£0.49,,,,,,
4160,,*xmas santa letter + pouch,6,£0.49,,,,,,
4164,,*actvity M.Y.O xmas scene,6,£0.49,,,,,,
4168,,*activity count down to xmas,6,£0.49,,,,,,
4181,,*xmas adult santa hat + beard,5,£0.99,,,,,,
4184,,*xmas pet bandana,10,£0.39,,,,,,
4335,,*ast colour star tree deco 4 pk,6,£0.69,,,,,,
4358,,glass jar 3 ast colours 12cm,6,£0.99,,,,,,
4391,,*3 piece dog stocking,12,£0.89,,,,,,
4392,,*4 piece cat stocking,4,£0.89,,,,,,
4409,,wood pirate fairy flexi dolls,24,£1.29,,,,,,
4412,,wooden whistle train,12,£1.19,,,,,,
4421,,earmuffs with fake fur lining,6,£0.99,,,,,,
4431,,pack 6 felt tip pens,2,£0.59,,,,,,
4432,,puzzle 3D dinosaurs,2,£0.99,,,,,,
4434,,treasure kit 9 assorted,2,£0.99,,,,,,
4435,,pom pom 2 pc pink/purple,2,£1.19,,,,,,
4439,,cup bendy straw ast designs,2,£0.99,,,,,,
4494,,Miffy mechanical pencil (40)d,40,£0.39,,,,,,
4503,,Chuggington liquid hand soap (12)d,12,£0.59,,,,,,
4527,,spiderman wall clock,2,£2.99,,,,,,
4529,,spiderman ring toss,2,£1.89,,,,,,
4537,,football mania sticker/transfr (48)D,6,£0.49,,,,,,
4946,,minnie sports cup,2,£1.49,,,,,,
"Transfer # : 31,493 To Stock Point : FAVERSHAM - F18 - 8 On 16/12/2013  16:36:58",Stock Point : FAVERSHAM - F18 - 8,,,,,Lisa West,41/41A Court Street,Faversham,Kent,ME13 7AL
1787,,New Small Glider (48) D,24,£0.29,,,,,,
1788,,New Large Glider (24) D,12,£1.29,,,,,,
2271,,London Tower Bridge,2,£3.99,,,,,,
3646,,*partyware cups 6x9 oz santa & sn,12,£0.49,,,,,,
3654,,*wrap xmas foiled sheets with tags,20,£0.49,,,,,,
3741,,wooden incense box 10 incense (singles),4,£1.49,,,,,,
3981,,Home Sweet Home Canvas (4),4,£1.49,,,,,,
4016,,*rd clear tea light holder6(D),12,£0.39,,,,,,
4079,,*slimline scenery calender,4,£0.49,,,,,,
4080,,*slimline pet animal calender,20,£0.49,,,,,,
4088,,*slim diary on header card,14,£0.49,,,,,,
4099,,*xmas pack 3 bottle bags,6,£0.49,,,,,,
4150,,*box of choc/champagne/gold string and bows,8,£0.49,,,,,,
4160,,*xmas santa letter + pouch,6,£0.49,,,,,,
4164,,*actvity M.Y.O xmas scene,6,£0.49,,,,,,
4168,,*activity count down to xmas,6,£0.49,,,,,,
4181,,*xmas adult santa hat + beard,5,£0.99,,,,,,
4184,,*xmas pet bandana,20,£0.39,,,,,,
4289,,R. Dahl fantastic mr fox book,8,£0.99,,,,,,
4311,,Tinkerbell back pack,1,£5.99,,,,,,
4352,,watercolour paint set 18 colour in set,2,£0.99,,,,,,
4391,,*3 piece dog stocking,6,£0.89,,,,,,
4392,,*4 piece cat stocking,3,£0.89,,,,,,
4432,,puzzle 3D dinosaurs,4,£0.99,,,,,,
4528,,spiderman table-top bskt-ball,2,£1.89,,,,,,
4529,,spiderman ring toss,2,£1.89,,,,,,
4922,,go go puzzle notebook,2,£0.99,,,,,,
9996,,Angel Heart Magnet (12)in,12,£0.99,,,,,,
"Transfer # : 31,494 To Stock Point : HEBDEN BRIDGE - H38 - 8 On 16/12/2013  16:36:58",Stock Point : HEBDEN BRIDGE - H38 - 8,,,,,Matthew O'Hara,32 Bridge Gate,Hebden Bridge,West Yorks,HX7 8EX
2358,,Rooster Red and White Home Sweet Home Canvas (4),4,£0.89,,,,,,
3360,,*Red Pack of 4 Beaded Napkin Ring (12),4,£0.79,,,,,,
3414,,Tartan flittered parading owls2013,4,£3.99,,,,,,
3654,,*wrap xmas foiled sheets with tags,14,£0.49,,,,,,
4015,,*square glass tea light holder(6) D,7,£0.39,,,,,,
4016,,*rd clear tea light holder6(D),6,£0.39,,,,,,
4080,,*slimline pet animal calender,8,£0.49,,,,,,
4081,,*slim nature animal calender,4,£0.49,,,,,,
4085,,*med photo flowers calender,4,£0.69,,,,,,
4088,,*slim diary on header card,4,£0.49,,,,,,
4089,,*silm photo favourites calender,12,£0.69,,,,,,
4092,,*green/pink/blue slimdiary(24)D,24,£0.69,,,,,,
4099,,*xmas pack 3 bottle bags,6,£0.49,,,,,,
4150,,*box of choc/champagne/gold string and bows,10,£0.49,,,,,,
4156,,*xmas 4 sheet wrap with 4 tag,12,£0.39,,,,,,
4159,,*santa stop here decoration,4,£0.49,,,,,,
4160,,*xmas santa letter + pouch,6,£0.49,,,,,,
4164,,*actvity M.Y.O xmas scene,4,£0.49,,,,,,
4168,,*activity count down to xmas,4,£0.49,,,,,,
4174,,spiderman med stationary set,4,£1.29,,,,,,
4181,,*xmas adult santa hat + beard,5,£0.99,,,,,,
4184,,*xmas pet bandana,10,£0.39,,,,,,
4335,,*ast colour star tree deco 4 pk,6,£0.69,,,,,,
4350,,dot-dot 3D craftset 5 pieces PP,4,£1.19,,,,,,
4527,,spiderman wall clock,2,£2.99,,,,,,
4528,,spiderman table-top bskt-ball,2,£1.89,,,,,,
4926,,cars cup with straw,2,£1.49,,,,,,
9996,,Angel Heart Magnet (12)in,12,£0.99,,,,,,
"Transfer # : 31,495 To Stock Point : PAISLEY - P07 - 8 On 16/12/2013  16:36:59",Stock Point : PAISLEY - P07 - 8,,,,,Margaret Aitken,36 High Street,Paisley,Scotland,PA1 2DQ
3360,,*Red Pack of 4 Beaded Napkin Ring (12),4,£0.79,,,,,,
3370,,*Silver Pack of 4 Beaded Coaster (12),4,£0.79,,,,,,
3646,,*partyware cups 6x9 oz santa & sn,6,£0.49,,,,,,
3654,,*wrap xmas foiled sheets with tags,12,£0.49,,,,,,
3825,,pedicure kit flip flops (6),6,£0.99,,,,,,
4016,,*rd clear tea light holder6(D),6,£0.39,,,,,,
4078,,*slimline traditional assorted calender,6,£0.49,,,,,,
4079,,*slimline scenery calender,6,£0.49,,,,,,
4080,,*slimline pet animal calender,12,£0.49,,,,,,
4081,,*slim nature animal calender,6,£0.49,,,,,,
4088,,*slim diary on header card,12,£0.49,,,,,,
4093,,*blu/red/pur croc diary(24)D,24,£0.69,,,,,,
4150,,*box of choc/champagne/gold string and bows,8,£0.49,,,,,,
4156,,*xmas 4 sheet wrap with 4 tag,12,£0.39,,,,,,
4159,,*santa stop here decoration,8,£0.49,,,,,,
4160,,*xmas santa letter + pouch,6,£0.49,,,,,,
4181,,*xmas adult santa hat + beard,5,£0.99,,,,,,
4184,,*xmas pet bandana,10,£0.39,,,,,,
4358,,glass jar 3 ast colours 12cm,12,£0.99,,,,,,
4402,,plastic neon coil,6,£0.99,,,,,,
4409,,wood pirate fairy flexi dolls,6,£1.29,,,,,,
4412,,wooden whistle train,6,£1.19,,,,,,
4413,,wooden deco stick insects,6,£0.59,,,,,,
4415,,wooden spinning tops,6,£0.59,,,,,,
4429,,angel on cloud display (12)in,12,£0.99,,,,,,
4431,,pack 6 felt tip pens,2,£0.59,,,,,,
4432,,puzzle 3D dinosaurs,2,£0.99,,,,,,
4434,,treasure kit 9 assorted,2,£0.99,,,,,,
4435,,pom pom 2 pc pink/purple,2,£1.19,,,,,,
4439,,cup bendy straw ast designs,2,£0.99,,,,,,
4442,,magic tricks 4 assorted,2,£1.19,,,,,,
4527,,spiderman wall clock,2,£2.99,,,,,,
9996,,Angel Heart Magnet (12)in,12,£0.99,,,,,,
"Transfer # : 31,496 To Stock Point : WOKINGHAM - 8 On 16/12/2013  16:37:00",Stock Point : WOKINGHAM - 8,,,,,The Manager,11 Peach Street,Wokingham,Berks.,RG40 1XJ
3646,,*partyware cups 6x9 oz santa & sn,6,£0.49,,,,,,
3654,,*wrap xmas foiled sheets with tags,14,£0.49,,,,,,
4078,,*slimline traditional assorted calender,4,£0.49,,,,,,
4079,,*slimline scenery calender,4,£0.49,,,,,,
4080,,*slimline pet animal calender,4,£0.49,,,,,,
4081,,*slim nature animal calender,4,£0.49,,,,,,
4088,,*slim diary on header card,4,£0.49,,,,,,
4089,,*silm photo favourites calender,4,£0.69,,,,,,
4092,,*green/pink/blue slimdiary(24)D,24,£0.69,,,,,,
4099,,*xmas pack 3 bottle bags,4,£0.49,,,,,,
4150,,*box of choc/champagne/gold string and bows,8,£0.49,,,,,,
4156,,*xmas 4 sheet wrap with 4 tag,12,£0.39,,,,,,
4159,,*santa stop here decoration,6,£0.49,,,,,,
4160,,*xmas santa letter + pouch,6,£0.49,,,,,,
4164,,*actvity M.Y.O xmas scene,6,£0.49,,,,,,
4168,,*activity count down to xmas,6,£0.49,,,,,,
4173,,spiderman large stationary set,2,£1.29,,,,,,
4174,,spiderman med stationary set,2,£1.29,,,,,,
4181,,*xmas adult santa hat + beard,6,£0.99,,,,,,
4184,,*xmas pet bandana,10,£0.39,,,,,,
4330,,sponge bob protector watch,4,£2.99,,,,,,
4348,,scratch and colour craft set,2,£0.99,,,,,,
4349,,craftset 6 assorted activities,2,£0.99,,,,,,
4350,,dot-dot 3D craftset 5 pieces PP,2,£1.19,,,,,,
4391,,*3 piece dog stocking,6,£0.89,,,,,,
4392,,*4 piece cat stocking,6,£0.89,,,,,,
4416,,mini pug dog ornament (12)d,12,£0.79,,,,,,
4506,,Chuggington bubble bath (12)d,12,£0.59,,,,,,
4565,,Malva red printed blouse,2,£6.99,,,,,,
"Transfer # : 31,497 To Stock Point : BROUGHTY FERRY - 7 On 16/12/2013  16:37:01",Stock Point : BROUGHTY FERRY - 7,,,,,The Manager,215 Brook St,Broughty Ferry,Dundee,DD5 2AG
3360,,*Red Pack of 4 Beaded Napkin Ring (12),4,£0.79,,,,,,
3370,,*Silver Pack of 4 Beaded Coaster (12),6,£0.79,,,,,,
3374,,Butterfly and Rose Wall hook (4),4,£1.49,,,,,,
3414,,Tartan flittered parading owls2013,6,£3.99,,,,,,
3654,,*wrap xmas foiled sheets with tags,16,£0.49,,,,,,
3728,,birdhouse wall dec (singles),4,£1.29,,,,,,
3733,,gilt floral heart wall hanger (singles),4,£1.49,,,,,,
4065,,*gold pack 4 beaded coaster (12),4,£0.79,,,,,,
4078,,*slimline traditional assorted calender,6,£0.49,,,,,,
4079,,*slimline scenery calender,6,£0.49,,,,,,
4080,,*slimline pet animal calender,6,£0.49,,,,,,
4081,,*slim nature animal calender,6,£0.49,,,,,,
4085,,*med photo flowers calender,8,£0.69,,,,,,
4088,,*slim diary on header card,16,£0.49,,,,,,
4093,,*blu/red/pur croc diary(24)D,24,£0.69,,,,,,
4099,,*xmas pack 3 bottle bags,12,£0.49,,,,,,
4150,,*box of choc/champagne/gold string and bows,14,£0.49,,,,,,
4156,,*xmas 4 sheet wrap with 4 tag,24,£0.39,,,,,,
4160,,*xmas santa letter + pouch,6,£0.49,,,,,,
4164,,*actvity M.Y.O xmas scene,8,£0.49,,,,,,
4181,,*xmas adult santa hat + beard,5,£0.99,,,,,,
4184,,*xmas pet bandana,10,£0.39,,,,,,
4348,,scratch and colour craft set,2,£0.99,,,,,,
4349,,craftset 6 assorted activities,2,£0.99,,,,,,
4350,,dot-dot 3D craftset 5 pieces PP,2,£1.19,,,,,,
4352,,watercolour paint set 18 colour in set,2,£0.99,,,,,,
4361,,disney sml teaset ast designs 7/8 pieces pp,2,£0.99,,,,,,
4391,,*3 piece dog stocking,12,£0.89,,,,,,
4392,,*4 piece cat stocking,12,£0.89,,,,,,
"Transfer # : 31,498 To Stock Point : DIDSBURY - D15 - 7 On 16/12/2013  16:37:02",Stock Point : DIDSBURY - D15 - 7,,,,,The Manager,776 Wilmslow Road,Didsbury,Manchester,M20 2DR
3414,,Tartan flittered parading owls2013,9,£3.99,,,,,,
3646,,*partyware cups 6x9 oz santa & sn,6,£0.49,,,,,,
3654,,*wrap xmas foiled sheets with tags,14,£0.49,,,,,,
4078,,*slimline traditional assorted calender,6,£0.49,,,,,,
4079,,*slimline scenery calender,6,£0.49,,,,,,
4080,,*slimline pet animal calender,6,£0.49,,,,,,
4081,,*slim nature animal calender,6,£0.49,,,,,,
4088,,*slim diary on header card,6,£0.49,,,,,,
4089,,*silm photo favourites calender,6,£0.69,,,,,,
4150,,*box of choc/champagne/gold string and bows,8,£0.49,,,,,,
4156,,*xmas 4 sheet wrap with 4 tag,12,£0.39,,,,,,
4159,,*santa stop here decoration,4,£0.49,,,,,,
4160,,*xmas santa letter + pouch,6,£0.49,,,,,,
4164,,*actvity M.Y.O xmas scene,4,£0.49,,,,,,
4168,,*activity count down to xmas,4,£0.49,,,,,,
4174,,spiderman med stationary set,2,£1.29,,,,,,
4181,,*xmas adult santa hat + beard,4,£0.99,,,,,,
4184,,*xmas pet bandana,10,£0.39,,,,,,
4335,,*ast colour star tree deco 4 pk,4,£0.69,,,,,,
4348,,scratch and colour craft set,2,£0.99,,,,,,
4349,,craftset 6 assorted activities,2,£0.99,,,,,,
4350,,dot-dot 3D craftset 5 pieces PP,2,£1.19,,,,,,
4352,,watercolour paint set 18 colour in set,2,£0.99,,,,,,
4361,,disney sml teaset ast designs 7/8 pieces pp,2,£0.99,,,,,,
4391,,*3 piece dog stocking,8,£0.89,,,,,,
4392,,*4 piece cat stocking,8,£0.89,,,,,,
4416,,mini pug dog ornament (12)d,12,£0.79,,,,,,
4434,,treasure kit 9 assorted,4,£0.99,,,,,,
4493,,Star Wars ballpoint pen (24)d,24,£0.39,,,,,,
4495,,Chugginton bath+ shower gel (12)d,6,£0.59,,,,,,
4923,,Go Go creator Pack,2,£0.99,,,,,,
4926,,cars cup with straw,2,£1.49,,,,,,
"Transfer # : 31,499 To Stock Point : PRESTWICK - P82 - 7 On 16/12/2013  16:37:02",Stock Point : PRESTWICK - P82 - 7,,,,,Denise Ramage,107 Main Street,Prestwick,Ayrshire,KA9 1JS
3360,,*Red Pack of 4 Beaded Napkin Ring (12),4,£0.79,,,,,,
3361,,*Silver Pack of 4 Beaded Napkin Ring (12),6,£0.79,,,,,,
3370,,*Silver Pack of 4 Beaded Coaster (12),6,£0.79,,,,,,
3414,,Tartan flittered parading owls2013,6,£3.99,,,,,,
4078,,*slimline traditional assorted calender,6,£0.49,,,,,,
4079,,*slimline scenery calender,6,£0.49,,,,,,
4080,,*slimline pet animal calender,6,£0.49,,,,,,
4081,,*slim nature animal calender,6,£0.49,,,,,,
4082,,*slimline scotland calender,6,£0.49,,,,,,
4088,,*slim diary on header card,6,£0.49,,,,,,
4089,,*silm photo favourites calender,6,£0.69,,,,,,
4099,,*xmas pack 3 bottle bags,6,£0.49,,,,,,
4150,,*box of choc/champagne/gold string and bows,8,£0.49,,,,,,
4156,,*xmas 4 sheet wrap with 4 tag,12,£0.39,,,,,,
4159,,*santa stop here decoration,4,£0.49,,,,,,
4160,,*xmas santa letter + pouch,6,£0.49,,,,,,
4164,,*actvity M.Y.O xmas scene,4,£0.49,,,,,,
4168,,*activity count down to xmas,4,£0.49,,,,,,
4181,,*xmas adult santa hat + beard,4,£0.99,,,,,,
4184,,*xmas pet bandana,10,£0.39,,,,,,
4352,,watercolour paint set 18 colour in set,4,£0.99,,,,,,
4391,,*3 piece dog stocking,10,£0.89,,,,,,
4493,,Star Wars ballpoint pen (24)d,24,£0.39,,,,,,
4503,,Chuggington liquid hand soap (12)d,6,£0.59,,,,,,
4506,,Chuggington bubble bath (12)d,6,£0.59,,,,,,
4527,,spiderman wall clock,4,£2.99,,,,,,
4528,,spiderman table-top bskt-ball,2,£1.89,,,,,,
4926,,cars cup with straw,2,£1.49,,,,,,
9698,,3x Disney Pens (5),5,£1.29,,,,,,
"Transfer # : 31,500 To Stock Point : TEDDINGTON - T60 - 7 On 16/12/2013  16:37:03",Stock Point : TEDDINGTON - T60 - 7,,,,,The Manager, 19 Broad Street,Teddington,England,TW11 8QZ
1007,,Asst Colour Ladies Handbag,4,£5.99,,,,,,
2271,,London Tower Bridge,4,£3.99,,,,,,
3358,,Metal Tealight Latern (12)in,12,£1.49,,,,,,
3361,,*Silver Pack of 4 Beaded Napkin Ring (12),6,£0.79,,,,,,
3370,,*Silver Pack of 4 Beaded Coaster (12),6,£0.79,,,,,,
3414,,Tartan flittered parading owls2013,9,£3.99,,,,,,
3563,,Rubber Bands Lucky Bands 4 Animal (singles),6,£0.29,,,,,,
3620,,toy story multi function pen,2,£0.69,,,,,,
3646,,*partyware cups 6x9 oz santa & sn,12,£0.49,,,,,,
3654,,*wrap xmas foiled sheets with tags,14,£0.49,,,,,,
3728,,birdhouse wall dec (singles),4,£1.29,,,,,,
3732,,pack of decoration roses16(D),8,£0.99,,,,,,
3733,,gilt floral heart wall hanger (singles),4,£1.49,,,,,,
4016,,*rd clear tea light holder6(D),12,£0.39,,,,,,
4078,,*slimline traditional assorted calender,4,£0.49,,,,,,
4079,,*slimline scenery calender,4,£0.49,,,,,,
4080,,*slimline pet animal calender,4,£0.49,,,,,,
4081,,*slim nature animal calender,6,£0.49,,,,,,
4088,,*slim diary on header card,6,£0.49,,,,,,
4089,,*silm photo favourites calender,4,£0.69,,,,,,
4093,,*blu/red/pur croc diary(24)D,24,£0.69,,,,,,
4099,,*xmas pack 3 bottle bags,12,£0.49,,,,,,
4150,,*box of choc/champagne/gold string and bows,8,£0.49,,,,,,
4156,,*xmas 4 sheet wrap with 4 tag,20,£0.39,,,,,,
4159,,*santa stop here decoration,6,£0.49,,,,,,
4160,,*xmas santa letter + pouch,6,£0.49,,,,,,
4164,,*actvity M.Y.O xmas scene,6,£0.49,,,,,,
4168,,*activity count down to xmas,6,£0.49,,,,,,
4181,,*xmas adult santa hat + beard,6,£0.99,,,,,,
4184,,*xmas pet bandana,10,£0.39,,,,,,
4288,,morph magnets,6,£1.29,,,,,,
4292,,fish popsicle,4,£0.89,,,,,,
4324,,small tin box,4,£1.29,,,,,,
4325,,medium tin box,4,£1.49,,,,,,
4330,,sponge bob protector watch,6,£2.99,,,,,,
4335,,*ast colour star tree deco 4 pk,4,£0.69,,,,,,
4348,,scratch and colour craft set,3,£0.99,,,,,,
4349,,craftset 6 assorted activities,3,£0.99,,,,,,
4350,,dot-dot 3D craftset 5 pieces PP,3,£1.19,,,,,,
4352,,watercolour paint set 18 colour in set,3,£0.99,,,,,,
4361,,disney sml teaset ast designs 7/8 pieces pp,3,£0.99,,,,,,
4391,,*3 piece dog stocking,12,£0.89,,,,,,
4392,,*4 piece cat stocking,12,£0.89,,,,,,
4402,,plastic neon coil,4,£0.99,,,,,,
4409,,wood pirate fairy flexi dolls,12,£1.29,,,,,,
4410,,wood necklace funny animals,6,£1.49,,,,,,
4411,,wood bracelet funny animals,6,£0.89,,,,,,
4412,,wooden whistle train,12,£1.19,,,,,,
4431,,pack 6 felt tip pens,2,£0.59,,,,,,
4432,,puzzle 3D dinosaurs,2,£0.99,,,,,,
4434,,treasure kit 9 assorted,2,£0.99,,,,,,
4435,,pom pom 2 pc pink/purple,2,£1.19,,,,,,
4442,,magic tricks 4 assorted,2,£1.19,,,,,,
4505,,Bullyland Disney cars Dinoco Mcqueen model,4,£0.99,,,,,,
4926,,cars cup with straw,2,£1.49,,,,,,
4940,,princess lunch box,2,£4.99,,,,,,
"Transfer # : 31,501 To Stock Point : CRYSTAL PALACE - C90 - 6 On 16/12/2013  16:37:04",Stock Point : CRYSTAL PALACE - C90 - 6,,,,,The Manager,11 Westow Hill,Crystal Palace,London,SE19 1TQ
3361,,*Silver Pack of 4 Beaded Napkin Ring (12),12,£0.79,,,,,,
3370,,*Silver Pack of 4 Beaded Coaster (12),12,£0.79,,,,,,
3374,,Butterfly and Rose Wall hook (4),4,£1.49,,,,,,
3545,,Ceramic Figure Russian Doll 3 Colours,6,£0.59,,,,,,
3834,,swiss measuring spoons,4,£0.99,,,,,,
3835,,salt + pepper cockerel set,4,£1.59,,,,,,
3977,,Wildflower Penpot (4),4,£0.49,,,,,,
3981,,Home Sweet Home Canvas (4),2,£1.49,,,,,,
3982,,Girl Figure Placemat (4),4,£0.49,,,,,,
3988,,3 Pack Neon Plates (12) D,4,£0.69,,,,,,
4016,,*rd clear tea light holder6(D),6,£0.39,,,,,,
4291,,fine china blue mug (6)  D,6,£1.69,,,,,,
4327,,*oval meat platter,2,£1.49,,,,,,
4359,,baking forms 6 ast shapes,4,£0.99,,,,,,
4362,,colander 4 assorted colours,4,£0.99,,,,,,
4363,,pack of 2 gardening gloves,4,£1.89,,,,,,
4450,,'So on the beach' body spray(send out in 6),6,£0.59,,,,,,
4451,,shp till you drp bdy fragrance (SEND IN 6`S),6,£0.59,,,,,,
4454,,so des take me away travel set (send out in 3),3,£1.99,,,,,,
4459,,so exciting body spray (send out in 6),6,£0.59,,,,,,
4460,,so exciting ETD 30 ml spray (send out in 3),3,£2.66,,,,,,
4464,,so exciting 3 peice box set lip (send in 3`s),3,£2.66,,,,,,
4465,,so extng tke me awy travelset (send out in 6),6,£1.99,,,,,,
4466,,so what ETD 20 ml spray (send out in 6),6,£1.99,,,,,,
4476,,my love body scrub,2,£0.86,,,,,,
4477,,my love ETD 50ml spray (send out in 3),3,£3.99,,,,,,
4489,,lost in love 50ml ETD spray (send out in 3),3,£3.29,,,,,,
4496,,Lee Stafford pink 50ml edt (6),3,£3.99,,,,,,
4500,,Morgan vanilla hand lotion (12)d,6,£1.29,,,,,,
4501,,Morgan vanilla body lotion (12)d,6,£1.29,,,,,,
"Transfer # : 31,502 To Stock Point : GLASGOW (BOTAN) - G38 - 6 On 16/12/2013  16:37:05",Stock Point : GLASGOW (BOTAN) - G38 - 6,,,,,Lynne Bracken,679 Great Western Rd,Glasgow,Scotland,G12 8RA
3414,,Tartan flittered parading owls2013,4,£3.99,,,,,,
3646,,*partyware cups 6x9 oz santa & sn,6,£0.49,,,,,,
3654,,*wrap xmas foiled sheets with tags,14,£0.49,,,,,,
3954,,Metallic Mini Soccer Ball (24) D,12,£0.79,,,,,,
4016,,*rd clear tea light holder6(D),6,£0.39,,,,,,
4078,,*slimline traditional assorted calender,6,£0.49,,,,,,
4079,,*slimline scenery calender,6,£0.49,,,,,,
4080,,*slimline pet animal calender,4,£0.49,,,,,,
4081,,*slim nature animal calender,4,£0.49,,,,,,
4082,,*slimline scotland calender,6,£0.49,,,,,,
4083,,*medium scotland calender,1,£0.69,,,,,,
4088,,*slim diary on header card,4,£0.49,,,,,,
4089,,*silm photo favourites calender,4,£0.69,,,,,,
4093,,*blu/red/pur croc diary(24)D,24,£0.69,,,,,,
4099,,*xmas pack 3 bottle bags,6,£0.49,,,,,,
4150,,*box of choc/champagne/gold string and bows,8,£0.49,,,,,,
4156,,*xmas 4 sheet wrap with 4 tag,14,£0.39,,,,,,
4159,,*santa stop here decoration,6,£0.49,,,,,,
4160,,*xmas santa letter + pouch,6,£0.49,,,,,,
4164,,*actvity M.Y.O xmas scene,6,£0.49,,,,,,
4168,,*activity count down to xmas,6,£0.49,,,,,,
4172,,spiderman scribble set,2,£1.29,,,,,,
4181,,*xmas adult santa hat + beard,6,£0.99,,,,,,
4184,,*xmas pet bandana,10,£0.39,,,,,,
4292,,fish popsicle,6,£0.89,,,,,,
4348,,scratch and colour craft set,2,£0.99,,,,,,
4349,,craftset 6 assorted activities,2,£0.99,,,,,,
4350,,dot-dot 3D craftset 5 pieces PP,2,£1.19,,,,,,
4352,,watercolour paint set 18 colour in set,2,£0.99,,,,,,
4361,,disney sml teaset ast designs 7/8 pieces pp,4,£0.99,,,,,,
4391,,*3 piece dog stocking,12,£0.89,,,,,,
4392,,*4 piece cat stocking,14,£0.89,,,,,,
4402,,plastic neon coil,12,£0.99,,,,,,
4528,,spiderman table-top bskt-ball,6,£1.89,,,,,,
4529,,spiderman ring toss,6,£1.89,,,,,,
"Transfer # : 31,503 To Stock Point : GLASGOW (DUKE) - D94 - 6 On 16/12/2013  16:37:06",Stock Point : GLASGOW (DUKE) - D94 - 6,,,,,The Manager,469 Duke Street,Glasgow. ,Scotland,G31 1RD
3358,,Metal Tealight Latern (12)in,12,£1.49,,,,,,
3370,,*Silver Pack of 4 Beaded Coaster (12),12,£0.79,,,,,,
3646,,*partyware cups 6x9 oz santa & sn,6,£0.49,,,,,,
3654,,*wrap xmas foiled sheets with tags,14,£0.49,,,,,,
4016,,*rd clear tea light holder6(D),6,£0.39,,,,,,
4078,,*slimline traditional assorted calender,4,£0.49,,,,,,
4079,,*slimline scenery calender,4,£0.49,,,,,,
4080,,*slimline pet animal calender,6,£0.49,,,,,,
4081,,*slim nature animal calender,4,£0.49,,,,,,
4088,,*slim diary on header card,6,£0.49,,,,,,
4089,,*silm photo favourites calender,6,£0.69,,,,,,
4099,,*xmas pack 3 bottle bags,8,£0.49,,,,,,
4150,,*box of choc/champagne/gold string and bows,8,£0.49,,,,,,
4156,,*xmas 4 sheet wrap with 4 tag,12,£0.39,,,,,,
4159,,*santa stop here decoration,6,£0.49,,,,,,
4160,,*xmas santa letter + pouch,6,£0.49,,,,,,
4164,,*actvity M.Y.O xmas scene,10,£0.49,,,,,,
4168,,*activity count down to xmas,4,£0.49,,,,,,
4181,,*xmas adult santa hat + beard,4,£0.99,,,,,,
4184,,*xmas pet bandana,14,£0.39,,,,,,
4348,,scratch and colour craft set,2,£0.99,,,,,,
4349,,craftset 6 assorted activities,2,£0.99,,,,,,
4350,,dot-dot 3D craftset 5 pieces PP,2,£1.19,,,,,,
4352,,watercolour paint set 18 colour in set,2,£0.99,,,,,,
4361,,disney sml teaset ast designs 7/8 pieces pp,2,£0.99,,,,,,
4391,,*3 piece dog stocking,12,£0.89,,,,,,
4392,,*4 piece cat stocking,12,£0.89,,,,,,
4431,,pack 6 felt tip pens,2,£0.59,,,,,,
4432,,puzzle 3D dinosaurs,2,£0.99,,,,,,
4434,,treasure kit 9 assorted,2,£0.99,,,,,,
4435,,pom pom 2 pc pink/purple,2,£1.19,,,,,,
4439,,cup bendy straw ast designs,2,£0.99,,,,,,
4442,,magic tricks 4 assorted,2,£1.19,,,,,,
4495,,Chugginton bath+ shower gel (12)d,6,£0.59,,,,,,
4529,,spiderman ring toss,2,£1.89,,,,,,
"Transfer # : 31,504 To Stock Point : HALESOWEN - H08 - 6 On 16/12/2013  16:37:07",Stock Point : HALESOWEN - H08 - 6,,,,,The Manager,3 Hagley Street,Halesowen,West Midlands,B63 3AS
3370,,*Silver Pack of 4 Beaded Coaster (12),6,£0.79,,,,,,
3646,,*partyware cups 6x9 oz santa & sn,6,£0.49,,,,,,
3654,,*wrap xmas foiled sheets with tags,14,£0.49,,,,,,
4016,,*rd clear tea light holder6(D),6,£0.39,,,,,,
4078,,*slimline traditional assorted calender,6,£0.49,,,,,,
4079,,*slimline scenery calender,6,£0.49,,,,,,
4080,,*slimline pet animal calender,8,£0.49,,,,,,
4081,,*slim nature animal calender,8,£0.49,,,,,,
4088,,*slim diary on header card,6,£0.49,,,,,,
4089,,*silm photo favourites calender,6,£0.69,,,,,,
4092,,*green/pink/blue slimdiary(24)D,24,£0.69,,,,,,
4093,,*blu/red/pur croc diary(24)D,24,£0.69,,,,,,
4099,,*xmas pack 3 bottle bags,8,£0.49,,,,,,
4150,,*box of choc/champagne/gold string and bows,8,£0.49,,,,,,
4156,,*xmas 4 sheet wrap with 4 tag,12,£0.39,,,,,,
4159,,*santa stop here decoration,6,£0.49,,,,,,
4160,,*xmas santa letter + pouch,6,£0.49,,,,,,
4164,,*actvity M.Y.O xmas scene,6,£0.49,,,,,,
4168,,*activity count down to xmas,6,£0.49,,,,,,
4173,,spiderman large stationary set,2,£1.29,,,,,,
4181,,*xmas adult santa hat + beard,10,£0.99,,,,,,
4184,,*xmas pet bandana,10,£0.39,,,,,,
4330,,sponge bob protector watch,4,£2.99,,,,,,
4335,,*ast colour star tree deco 4 pk,3,£0.69,,,,,,
4348,,scratch and colour craft set,2,£0.99,,,,,,
4349,,craftset 6 assorted activities,2,£0.99,,,,,,
4350,,dot-dot 3D craftset 5 pieces PP,2,£1.19,,,,,,
4493,,Star Wars ballpoint pen (24)d,24,£0.39,,,,,,
4505,,Bullyland Disney cars Dinoco Mcqueen model,4,£0.99,,,,,,
4922,,go go puzzle notebook,4,£0.99,,,,,,
4949,,fairy mini backpack,2,£3.99,,,,,,
9996,,Angel Heart Magnet (12)in,12,£0.99,,,,,,
"Transfer # : 31,505 To Stock Point : HAMMERSMITH - H12 - 6 On 16/12/2013  16:37:08",Stock Point : HAMMERSMITH - H12 - 6,,,,,Miriam and Abigail,123c King St,Hammersmith ,London,W6 9JG
1007,,Asst Colour Ladies Handbag,2,£5.99,,,,,,
2271,,London Tower Bridge,4,£3.99,,,,,,
3358,,Metal Tealight Latern (12)in,12,£1.49,,,,,,
3361,,*Silver Pack of 4 Beaded Napkin Ring (12),6,£0.79,,,,,,
3370,,*Silver Pack of 4 Beaded Coaster (12),6,£0.79,,,,,,
3549,,Polyresin Baby in Basket 8x8cm 3 ass. (3)d,9,£0.99,,,,,,
3559,,Plastic grabber figurines 4 assorted,4,£0.79,,,,,,
3563,,Rubber Bands Lucky Bands 4 Animal (singles),24,£0.29,,,,,,
3646,,*partyware cups 6x9 oz santa & sn,12,£0.49,,,,,,
3654,,*wrap xmas foiled sheets with tags,14,£0.49,,,,,,
3741,,wooden incense box 10 incense (singles),4,£1.49,,,,,,
4016,,*rd clear tea light holder6(D),24,£0.39,,,,,,
4078,,*slimline traditional assorted calender,6,£0.49,,,,,,
4079,,*slimline scenery calender,6,£0.49,,,,,,
4080,,*slimline pet animal calender,6,£0.49,,,,,,
4081,,*slim nature animal calender,6,£0.49,,,,,,
4088,,*slim diary on header card,6,£0.49,,,,,,
4089,,*silm photo favourites calender,6,£0.69,,,,,,
4092,,*green/pink/blue slimdiary(24)D,24,£0.69,,,,,,
4099,,*xmas pack 3 bottle bags,8,£0.49,,,,,,
4150,,*box of choc/champagne/gold string and bows,12,£0.49,,,,,,
4156,,*xmas 4 sheet wrap with 4 tag,18,£0.39,,,,,,
4159,,*santa stop here decoration,6,£0.49,,,,,,
4160,,*xmas santa letter + pouch,6,£0.49,,,,,,
4164,,*actvity M.Y.O xmas scene,6,£0.49,,,,,,
4168,,*activity count down to xmas,6,£0.49,,,,,,
4181,,*xmas adult santa hat + beard,10,£0.99,,,,,,
4184,,*xmas pet bandana,10,£0.39,,,,,,
4361,,disney sml teaset ast designs 7/8 pieces pp,2,£0.99,,,,,,
4429,,angel on cloud display (12)in,12,£0.99,,,,,,
4430,,laying polyresin angel rose coloured headband (12),12,£1.99,,,,,,
4505,,Bullyland Disney cars Dinoco Mcqueen model,6,£0.99,,,,,,
4529,,spiderman ring toss,2,£1.89,,,,,,
4894,,*3/4 collarless red top,2,£2.69,,,,,,
9995,,Guardian Angel in Bag (24) 1,18,£0.99,,,,,,
9996,,Angel Heart Magnet (12)in,12,£0.99,,,,,,
"Transfer # : 31,506 To Stock Point : NEWCASTLE - N27 - 6 On 16/12/2013  16:37:09",Stock Point : NEWCASTLE - N27 - 6,,,,,Adam Kaluza,20 Nun Street,Newcastle/Tyne,England,NE1 5AQ
3361,,*Silver Pack of 4 Beaded Napkin Ring (12),4,£0.79,,,,,,
3370,,*Silver Pack of 4 Beaded Coaster (12),4,£0.79,,,,,,
3414,,Tartan flittered parading owls2013,4,£3.99,,,,,,
4016,,*rd clear tea light holder6(D),6,£0.39,,,,,,
4078,,*slimline traditional assorted calender,12,£0.49,,,,,,
4079,,*slimline scenery calender,6,£0.49,,,,,,
4080,,*slimline pet animal calender,6,£0.49,,,,,,
4081,,*slim nature animal calender,6,£0.49,,,,,,
4088,,*slim diary on header card,6,£0.49,,,,,,
4089,,*silm photo favourites calender,12,£0.69,,,,,,
4092,,*green/pink/blue slimdiary(24)D,24,£0.69,,,,,,
4099,,*xmas pack 3 bottle bags,14,£0.49,,,,,,
4150,,*box of choc/champagne/gold string and bows,8,£0.49,,,,,,
4156,,*xmas 4 sheet wrap with 4 tag,12,£0.39,,,,,,
4159,,*santa stop here decoration,6,£0.49,,,,,,
4160,,*xmas santa letter + pouch,6,£0.49,,,,,,
4164,,*actvity M.Y.O xmas scene,6,£0.49,,,,,,
4168,,*activity count down to xmas,6,£0.49,,,,,,
4181,,*xmas adult santa hat + beard,5,£0.99,,,,,,
4184,,*xmas pet bandana,12,£0.39,,,,,,
4358,,glass jar 3 ast colours 12cm,12,£0.99,,,,,,
4391,,*3 piece dog stocking,12,£0.89,,,,,,
4392,,*4 piece cat stocking,12,£0.89,,,,,,
4423,,polyresin buddha on display (12)in,12,£1.29,,,,,,
4527,,spiderman wall clock,2,£2.99,,,,,,
4565,,Malva red printed blouse,2,£6.99,,,,,,
9996,,Angel Heart Magnet (12)in,12,£0.99,,,,,,
"Transfer # : 31,507 To Stock Point : CROSS GATES - C81 - 5 On 16/12/2013  16:37:10",Stock Point : CROSS GATES - C81 - 5,,,,,The Manager,"Unit 2, Crossgates Shopping Centre",Crossgates,,LS15 8DX
3361,,*Silver Pack of 4 Beaded Napkin Ring (12),12,£0.79,,,,,,
3370,,*Silver Pack of 4 Beaded Coaster (12),12,£0.79,,,,,,
3545,,Ceramic Figure Russian Doll 3 Colours,6,£0.59,,,,,,
3646,,*partyware cups 6x9 oz santa & sn,12,£0.49,,,,,,
3654,,*wrap xmas foiled sheets with tags,12,£0.49,,,,,,
4078,,*slimline traditional assorted calender,6,£0.49,,,,,,
4079,,*slimline scenery calender,6,£0.49,,,,,,
4080,,*slimline pet animal calender,6,£0.49,,,,,,
4081,,*slim nature animal calender,6,£0.49,,,,,,
4088,,*slim diary on header card,6,£0.49,,,,,,
4089,,*silm photo favourites calender,6,£0.69,,,,,,
4092,,*green/pink/blue slimdiary(24)D,24,£0.69,,,,,,
4150,,*box of choc/champagne/gold string and bows,8,£0.49,,,,,,
4156,,*xmas 4 sheet wrap with 4 tag,16,£0.39,,,,,,
4159,,*santa stop here decoration,6,£0.49,,,,,,
4160,,*xmas santa letter + pouch,6,£0.49,,,,,,
4164,,*actvity M.Y.O xmas scene,6,£0.49,,,,,,
4168,,*activity count down to xmas,6,£0.49,,,,,,
4173,,spiderman large stationary set,2,£1.29,,,,,,
4184,,*xmas pet bandana,6,£0.39,,,,,,
4330,,sponge bob protector watch,4,£2.99,,,,,,
4348,,scratch and colour craft set,2,£0.99,,,,,,
4349,,craftset 6 assorted activities,2,£0.99,,,,,,
4350,,dot-dot 3D craftset 5 pieces PP,2,£1.19,,,,,,
4352,,watercolour paint set 18 colour in set,2,£0.99,,,,,,
4391,,*3 piece dog stocking,6,£0.89,,,,,,
4392,,*4 piece cat stocking,4,£0.89,,,,,,
4416,,mini pug dog ornament (12)d,12,£0.79,,,,,,
4460,,so exciting ETD 30 ml spray (send out in 3),3,£2.66,,,,,,
4464,,so exciting 3 peice box set lip (send in 3`s),3,£2.66,,,,,,
4465,,so extng tke me awy travelset (send out in 6),3,£1.99,,,,,,
4466,,so what ETD 20 ml spray (send out in 6),3,£1.99,,,,,,
4493,,Star Wars ballpoint pen (24)d,24,£0.39,,,,,,
4528,,spiderman table-top bskt-ball,2,£1.89,,,,,,
4529,,spiderman ring toss,4,£1.89,,,,,,
"Transfer # : 31,508 To Stock Point : GLASGOW (CLARK) - G42 - 5 On 16/12/2013  16:37:11",Stock Point : GLASGOW (CLARK) - G42 - 5,,,,,The Manager,"Unit 19, 21 The Toll, Busby Rd ",Clarkston ,Glasgow,G76 7BG
1788,,New Large Glider (24) D,12,£1.29,,,,,,
3361,,*Silver Pack of 4 Beaded Napkin Ring (12),6,£0.79,,,,,,
3370,,*Silver Pack of 4 Beaded Coaster (12),6,£0.79,,,,,,
3414,,Tartan flittered parading owls2013,10,£3.99,,,,,,
3607,,cars clipboard activity set,6,£1.69,,,,,,
3646,,*partyware cups 6x9 oz santa & sn,12,£0.49,,,,,,
3654,,*wrap xmas foiled sheets with tags,12,£0.49,,,,,,
4016,,*rd clear tea light holder6(D),6,£0.39,,,,,,
4078,,*slimline traditional assorted calender,4,£0.49,,,,,,
4079,,*slimline scenery calender,4,£0.49,,,,,,
4080,,*slimline pet animal calender,4,£0.49,,,,,,
4081,,*slim nature animal calender,4,£0.49,,,,,,
4082,,*slimline scotland calender,4,£0.49,,,,,,
4088,,*slim diary on header card,4,£0.49,,,,,,
4089,,*silm photo favourites calender,4,£0.69,,,,,,
4092,,*green/pink/blue slimdiary(24)D,24,£0.69,,,,,,
4099,,*xmas pack 3 bottle bags,6,£0.49,,,,,,
4150,,*box of choc/champagne/gold string and bows,8,£0.49,,,,,,
4156,,*xmas 4 sheet wrap with 4 tag,12,£0.39,,,,,,
4159,,*santa stop here decoration,6,£0.49,,,,,,
4160,,*xmas santa letter + pouch,6,£0.49,,,,,,
4164,,*actvity M.Y.O xmas scene,6,£0.49,,,,,,
4168,,*activity count down to xmas,6,£0.49,,,,,,
4184,,*xmas pet bandana,6,£0.39,,,,,,
4330,,sponge bob protector watch,4,£2.99,,,,,,
4392,,*4 piece cat stocking,12,£0.89,,,,,,
4402,,plastic neon coil,12,£0.99,,,,,,
4410,,wood necklace funny animals,12,£1.49,,,,,,
4412,,wooden whistle train,12,£1.19,,,,,,
"Transfer # : 31,509 To Stock Point : WALTON (THAMES) - W80 - 5 On 16/12/2013  16:37:12",Stock Point : WALTON (THAMES) - W80 - 5,,,,,Debby Brewer,233 County Road,Walton,Liverpool,L4 5PE
3361,,*Silver Pack of 4 Beaded Napkin Ring (12),6,£0.79,,,,,,
3370,,*Silver Pack of 4 Beaded Coaster (12),6,£0.79,,,,,,
3556,,Plastic Car Mini Racers with Pull Back (24) D,12,£0.59,,,,,,
3646,,*partyware cups 6x9 oz santa & sn,12,£0.49,,,,,,
3654,,*wrap xmas foiled sheets with tags,12,£0.49,,,,,,
4016,,*rd clear tea light holder6(D),12,£0.39,,,,,,
4078,,*slimline traditional assorted calender,6,£0.49,,,,,,
4079,,*slimline scenery calender,6,£0.49,,,,,,
4080,,*slimline pet animal calender,6,£0.49,,,,,,
4081,,*slim nature animal calender,6,£0.49,,,,,,
4088,,*slim diary on header card,6,£0.49,,,,,,
4089,,*silm photo favourites calender,6,£0.69,,,,,,
4092,,*green/pink/blue slimdiary(24)D,24,£0.69,,,,,,
4099,,*xmas pack 3 bottle bags,6,£0.49,,,,,,
4150,,*box of choc/champagne/gold string and bows,12,£0.49,,,,,,
4156,,*xmas 4 sheet wrap with 4 tag,12,£0.39,,,,,,
4159,,*santa stop here decoration,6,£0.49,,,,,,
4160,,*xmas santa letter + pouch,6,£0.49,,,,,,
4164,,*actvity M.Y.O xmas scene,6,£0.49,,,,,,
4168,,*activity count down to xmas,6,£0.49,,,,,,
4184,,*xmas pet bandana,6,£0.39,,,,,,
4348,,scratch and colour craft set,2,£0.99,,,,,,
4349,,craftset 6 assorted activities,2,£0.99,,,,,,
4350,,dot-dot 3D craftset 5 pieces PP,2,£1.19,,,,,,
4352,,watercolour paint set 18 colour in set,2,£0.99,,,,,,
4358,,glass jar 3 ast colours 12cm,6,£0.99,,,,,,
4361,,disney sml teaset ast designs 7/8 pieces pp,2,£0.99,,,,,,
4391,,*3 piece dog stocking,8,£0.89,,,,,,
4392,,*4 piece cat stocking,14,£0.89,,,,,,
4402,,plastic neon coil,6,£0.99,,,,,,
4409,,wood pirate fairy flexi dolls,12,£1.29,,,,,,
4412,,wooden whistle train,12,£1.19,,,,,,
4413,,wooden deco stick insects,12,£0.59,,,,,,
4493,,Star Wars ballpoint pen (24)d,24,£0.39,,,,,,
4505,,Bullyland Disney cars Dinoco Mcqueen model,6,£0.99,,,,,,
4506,,Chuggington bubble bath (12)d,6,£0.59,,,,,,
4527,,spiderman wall clock,4,£2.99,,,,,,
4894,,*3/4 collarless red top,2,£2.69,,,,,,
4895,,*3/4 collarless yellow top,2,£2.69,,,,,,
4922,,go go puzzle notebook,2,£0.99,,,,,,
4928,,chuggington wallet,4,£1.29,,,,,,
4944,,cars sports cup,2,£1.49,,,,,,
9996,,Angel Heart Magnet (12)in,12,£0.99,,,,,,
"Transfer # : 31,510 To Stock Point : DERBY - D14 - 5 On 16/12/2013  16:37:13",Stock Point : DERBY - D14 - 5,,,,,The Manager,105 St Peter's Street,Derby,,DE1 2AD
3361,,*Silver Pack of 4 Beaded Napkin Ring (12),6,£0.79,,,,,,
3370,,*Silver Pack of 4 Beaded Coaster (12),6,£0.79,,,,,,
3646,,*partyware cups 6x9 oz santa & sn,12,£0.49,,,,,,
3654,,*wrap xmas foiled sheets with tags,12,£0.49,,,,,,
3982,,Girl Figure Placemat (4),4,£0.49,,,,,,
4016,,*rd clear tea light holder6(D),6,£0.39,,,,,,
4078,,*slimline traditional assorted calender,6,£0.49,,,,,,
4079,,*slimline scenery calender,6,£0.49,,,,,,
4080,,*slimline pet animal calender,6,£0.49,,,,,,
4081,,*slim nature animal calender,6,£0.49,,,,,,
4088,,*slim diary on header card,6,£0.49,,,,,,
4089,,*silm photo favourites calender,6,£0.69,,,,,,
4092,,*green/pink/blue slimdiary(24)D,24,£0.69,,,,,,
4099,,*xmas pack 3 bottle bags,6,£0.49,,,,,,
4150,,*box of choc/champagne/gold string and bows,8,£0.49,,,,,,
4156,,*xmas 4 sheet wrap with 4 tag,12,£0.39,,,,,,
4160,,*xmas santa letter + pouch,6,£0.49,,,,,,
4409,,wood pirate fairy flexi dolls,12,£1.29,,,,,,
4528,,spiderman table-top bskt-ball,2,£1.89,,,,,,
4529,,spiderman ring toss,2,£1.89,,,,,,
9996,,Angel Heart Magnet (12)in,12,£0.99,,,,,,
"Transfer # : 31,511 To Stock Point : EAST SHEEN - E05 - 4 On 16/12/2013  16:37:14",Stock Point : EAST SHEEN - E05 - 4,,,,,Helen,337 Upper Richmond Road West,East Sheen,London,SW14 8QR
3361,,*Silver Pack of 4 Beaded Napkin Ring (12),12,£0.79,,,,,,
3370,,*Silver Pack of 4 Beaded Coaster (12),12,£0.79,,,,,,
3646,,*partyware cups 6x9 oz santa & sn,12,£0.49,,,,,,
3654,,*wrap xmas foiled sheets with tags,12,£0.49,,,,,,
3727,,rainbow windmill spinners24(D),24,£0.79,,,,,,
4078,,*slimline traditional assorted calender,6,£0.49,,,,,,
4079,,*slimline scenery calender,6,£0.49,,,,,,
4080,,*slimline pet animal calender,6,£0.49,,,,,,
4081,,*slim nature animal calender,6,£0.49,,,,,,
4088,,*slim diary on header card,6,£0.49,,,,,,
4089,,*silm photo favourites calender,12,£0.69,,,,,,
4092,,*green/pink/blue slimdiary(24)D,24,£0.69,,,,,,
4150,,*box of choc/champagne/gold string and bows,8,£0.49,,,,,,
4156,,*xmas 4 sheet wrap with 4 tag,12,£0.39,,,,,,
4159,,*santa stop here decoration,6,£0.49,,,,,,
4160,,*xmas santa letter + pouch,6,£0.49,,,,,,
4164,,*actvity M.Y.O xmas scene,16,£0.49,,,,,,
4168,,*activity count down to xmas,6,£0.49,,,,,,
4171,,spiderman scribble set,6,£1.29,,,,,,
4184,,*xmas pet bandana,12,£0.39,,,,,,
4330,,sponge bob protector watch,4,£2.99,,,,,,
4352,,watercolour paint set 18 colour in set,6,£0.99,,,,,,
4358,,glass jar 3 ast colours 12cm,6,£0.99,,,,,,
4392,,*4 piece cat stocking,12,£0.89,,,,,,
4429,,angel on cloud display (12)in,12,£0.99,,,,,,
4432,,puzzle 3D dinosaurs,4,£0.99,,,,,,
4434,,treasure kit 9 assorted,4,£0.99,,,,,,
4435,,pom pom 2 pc pink/purple,4,£1.19,,,,,,
4495,,Chugginton bath+ shower gel (12)d,12,£0.59,,,,,,
4505,,Bullyland Disney cars Dinoco Mcqueen model,6,£0.99,,,,,,
4506,,Chuggington bubble bath (12)d,12,£0.59,,,,,,
4527,,spiderman wall clock,4,£2.99,,,,,,
4936,,princess backpack,2,£5.99,,,,,,
"Transfer # : 31,512 To Stock Point : HAYWARDS HEATH On 16/12/2013  16:37:14",Stock Point : HAYWARDS HEATH,,,,,The manager,105 South Road,Haywards Heath,,RH16 4LR
3361,,*Silver Pack of 4 Beaded Napkin Ring (12),12,£0.79,,,,,,
3370,,*Silver Pack of 4 Beaded Coaster (12),12,£0.79,,,,,,
3414,,Tartan flittered parading owls2013,5,£3.99,,,,,,
3646,,*partyware cups 6x9 oz santa & sn,12,£0.49,,,,,,
3654,,*wrap xmas foiled sheets with tags,12,£0.49,,,,,,
4078,,*slimline traditional assorted calender,6,£0.49,,,,,,
4079,,*slimline scenery calender,6,£0.49,,,,,,
4080,,*slimline pet animal calender,6,£0.49,,,,,,
4081,,*slim nature animal calender,6,£0.49,,,,,,
4088,,*slim diary on header card,6,£0.49,,,,,,
4089,,*silm photo favourites calender,6,£0.69,,,,,,
4093,,*blu/red/pur croc diary(24)D,24,£0.69,,,,,,
4099,,*xmas pack 3 bottle bags,4,£0.49,,,,,,
4150,,*box of choc/champagne/gold string and bows,8,£0.49,,,,,,
4156,,*xmas 4 sheet wrap with 4 tag,12,£0.39,,,,,,
4159,,*santa stop here decoration,6,£0.49,,,,,,
4160,,*xmas santa letter + pouch,6,£0.49,,,,,,
4164,,*actvity M.Y.O xmas scene,6,£0.49,,,,,,
4168,,*activity count down to xmas,6,£0.49,,,,,,
4184,,*xmas pet bandana,6,£0.39,,,,,,
4358,,glass jar 3 ast colours 12cm,6,£0.99,,,,,,
4391,,*3 piece dog stocking,6,£0.89,,,,,,
4392,,*4 piece cat stocking,6,£0.89,,,,,,
4402,,plastic neon coil,6,£0.99,,,,,,
4409,,wood pirate fairy flexi dolls,12,£1.29,,,,,,
4412,,wooden whistle train,12,£1.19,,,,,,
9698,,3x Disney Pens (5),5,£1.29,,,,,,
"Transfer # : 31,513 To Stock Point : WEST BRIDGFORD - 4 On 16/12/2013  16:37:15",Stock Point : WEST BRIDGFORD - 4,,,,,The manager,25 Tudor Square,West Bridgford,Nottingham,NG2 6BT
3361,,*Silver Pack of 4 Beaded Napkin Ring (12),6,£0.79,,,,,,
3370,,*Silver Pack of 4 Beaded Coaster (12),6,£0.79,,,,,,
3414,,Tartan flittered parading owls2013,4,£3.99,,,,,,
3646,,*partyware cups 6x9 oz santa & sn,12,£0.49,,,,,,
3654,,*wrap xmas foiled sheets with tags,12,£0.49,,,,,,
4016,,*rd clear tea light holder6(D),6,£0.39,,,,,,
4080,,*slimline pet animal calender,14,£0.49,,,,,,
4081,,*slim nature animal calender,6,£0.49,,,,,,
4088,,*slim diary on header card,6,£0.49,,,,,,
4089,,*silm photo favourites calender,6,£0.69,,,,,,
4092,,*green/pink/blue slimdiary(24)D,24,£0.69,,,,,,
4150,,*box of choc/champagne/gold string and bows,8,£0.49,,,,,,
4156,,*xmas 4 sheet wrap with 4 tag,12,£0.39,,,,,,
4159,,*santa stop here decoration,6,£0.49,,,,,,
4160,,*xmas santa letter + pouch,6,£0.49,,,,,,
4164,,*actvity M.Y.O xmas scene,6,£0.49,,,,,,
4168,,*activity count down to xmas,6,£0.49,,,,,,
4176,,cars 3 stamper set,2,£1.29,,,,,,
4184,,*xmas pet bandana,6,£0.39,,,,,,
4327,,*oval meat platter,2,£1.49,,,,,,
4432,,puzzle 3D dinosaurs,2,£0.99,,,,,,
4434,,treasure kit 9 assorted,2,£0.99,,,,,,
4435,,pom pom 2 pc pink/purple,2,£1.19,,,,,,
4922,,go go puzzle notebook,2,£0.99,,,,,,
4947,,princes mini character bag,2,£3.99,,,,,,
"Transfer # : 31,514 To Stock Point : ARBROATH - A70 - 3 On 16/12/2013  16:37:16",Stock Point : ARBROATH - A70 - 3,,,,,Garry Swankie,160 High Street,Abbroath,Angus,DD11 1HW
3361,,*Silver Pack of 4 Beaded Napkin Ring (12),6,£0.79,,,,,,
3654,,*wrap xmas foiled sheets with tags,18,£0.49,,,,,,
3981,,Home Sweet Home Canvas (4),4,£1.49,,,,,,
4079,,*slimline scenery calender,12,£0.49,,,,,,
4080,,*slimline pet animal calender,12,£0.49,,,,,,
4082,,*slimline scotland calender,8,£0.49,,,,,,
4088,,*slim diary on header card,12,£0.49,,,,,,
4089,,*silm photo favourites calender,18,£0.69,,,,,,
4093,,*blu/red/pur croc diary(24)D,24,£0.69,,,,,,
4150,,*box of choc/champagne/gold string and bows,8,£0.49,,,,,,
4156,,*xmas 4 sheet wrap with 4 tag,26,£0.39,,,,,,
4159,,*santa stop here decoration,6,£0.49,,,,,,
4160,,*xmas santa letter + pouch,6,£0.49,,,,,,
4164,,*actvity M.Y.O xmas scene,8,£0.49,,,,,,
4168,,*activity count down to xmas,6,£0.49,,,,,,
4184,,*xmas pet bandana,6,£0.39,,,,,,
4391,,*3 piece dog stocking,12,£0.89,,,,,,
4392,,*4 piece cat stocking,12,£0.89,,,,,,
"Transfer # : 31,515 To Stock Point : CANTERBURY - C08 - 3 On 16/12/2013  16:37:17",Stock Point : CANTERBURY - C08 - 3,,,,,Stacey Gore,51/52 Northgate,Canterbury,Kent,CT1 1BE
3646,,*partyware cups 6x9 oz santa & sn,12,£0.49,,,,,,
3654,,*wrap xmas foiled sheets with tags,12,£0.49,,,,,,
4078,,*slimline traditional assorted calender,4,£0.49,,,,,,
4079,,*slimline scenery calender,4,£0.49,,,,,,
4080,,*slimline pet animal calender,4,£0.49,,,,,,
4081,,*slim nature animal calender,4,£0.49,,,,,,
4088,,*slim diary on header card,4,£0.49,,,,,,
4089,,*silm photo favourites calender,4,£0.69,,,,,,
4092,,*green/pink/blue slimdiary(24)D,24,£0.69,,,,,,
4150,,*box of choc/champagne/gold string and bows,8,£0.49,,,,,,
4156,,*xmas 4 sheet wrap with 4 tag,12,£0.39,,,,,,
4159,,*santa stop here decoration,6,£0.49,,,,,,
4160,,*xmas santa letter + pouch,6,£0.49,,,,,,
4164,,*actvity M.Y.O xmas scene,6,£0.49,,,,,,
4168,,*activity count down to xmas,6,£0.49,,,,,,
4173,,spiderman large stationary set,4,£1.29,,,,,,
4174,,spiderman med stationary set,2,£1.29,,,,,,
4176,,cars 3 stamper set,2,£1.29,,,,,,
4184,,*xmas pet bandana,6,£0.39,,,,,,
4288,,morph magnets,6,£1.29,,,,,,
4325,,medium tin box,6,£1.49,,,,,,
4358,,glass jar 3 ast colours 12cm,12,£0.99,,,,,,
4391,,*3 piece dog stocking,12,£0.89,,,,,,
4392,,*4 piece cat stocking,6,£0.89,,,,,,
4459,,so exciting body spray (send out in 6),6,£0.59,,,,,,
4460,,so exciting ETD 30 ml spray (send out in 3),3,£2.66,,,,,,
4464,,so exciting 3 peice box set lip (send in 3`s),3,£2.66,,,,,,
4465,,so extng tke me awy travelset (send out in 6),6,£1.99,,,,,,
4493,,Star Wars ballpoint pen (24)d,24,£0.39,,,,,,
4529,,spiderman ring toss,2,£1.89,,,,,,
"Transfer # : 31,516 To Stock Point : EASTBOURNE - E03 - 3 On 16/12/2013  16:37:17",Stock Point : EASTBOURNE - E03 - 3,,,,,Faezeh Dean,58 Terminus Road,Eastbourne,Sussex,BN21 3LX
2345,,Retro Queen Teabag Holder (12) D,12,£0.69,,,,,,
3361,,*Silver Pack of 4 Beaded Napkin Ring (12),6,£0.79,,,,,,
3370,,*Silver Pack of 4 Beaded Coaster (12),6,£0.79,,,,,,
3414,,Tartan flittered parading owls2013,2,£3.99,,,,,,
3556,,Plastic Car Mini Racers with Pull Back (24) D,24,£0.59,,,,,,
3646,,*partyware cups 6x9 oz santa & sn,6,£0.49,,,,,,
3654,,*wrap xmas foiled sheets with tags,12,£0.49,,,,,,
3741,,wooden incense box 10 incense (singles),6,£1.49,,,,,,
3745,,asst 20 pack incense sticks (24),24,£0.39,,,,,,
4078,,*slimline traditional assorted calender,12,£0.49,,,,,,
4079,,*slimline scenery calender,12,£0.49,,,,,,
4080,,*slimline pet animal calender,4,£0.49,,,,,,
4081,,*slim nature animal calender,8,£0.49,,,,,,
4088,,*slim diary on header card,6,£0.49,,,,,,
4089,,*silm photo favourites calender,6,£0.69,,,,,,
4092,,*green/pink/blue slimdiary(24)D,24,£0.69,,,,,,
4150,,*box of choc/champagne/gold string and bows,8,£0.49,,,,,,
4156,,*xmas 4 sheet wrap with 4 tag,12,£0.39,,,,,,
4159,,*santa stop here decoration,6,£0.49,,,,,,
4160,,*xmas santa letter + pouch,6,£0.49,,,,,,
4164,,*actvity M.Y.O xmas scene,6,£0.49,,,,,,
4168,,*activity count down to xmas,6,£0.49,,,,,,
4184,,*xmas pet bandana,6,£0.39,,,,,,
4288,,morph magnets,6,£1.29,,,,,,
4289,,R. Dahl fantastic mr fox book,6,£0.99,,,,,,
4348,,scratch and colour craft set,2,£0.99,,,,,,
4349,,craftset 6 assorted activities,2,£0.99,,,,,,
4350,,dot-dot 3D craftset 5 pieces PP,2,£1.19,,,,,,
4352,,watercolour paint set 18 colour in set,2,£0.99,,,,,,
4391,,*3 piece dog stocking,6,£0.89,,,,,,
4392,,*4 piece cat stocking,6,£0.89,,,,,,
4409,,wood pirate fairy flexi dolls,12,£1.29,,,,,,
4412,,wooden whistle train,12,£1.19,,,,,,
4413,,wooden deco stick insects,12,£0.59,,,,,,
4414,,wooden watch hearts/flowers/star/ladybirds,12,£1.29,,,,,,
4431,,pack 6 felt tip pens,2,£0.59,,,,,,
4432,,puzzle 3D dinosaurs,2,£0.99,,,,,,
4434,,treasure kit 9 assorted,2,£0.99,,,,,,
4435,,pom pom 2 pc pink/purple,2,£1.19,,,,,,
4439,,cup bendy straw ast designs,2,£0.99,,,,,,
4442,,magic tricks 4 assorted,2,£1.19,,,,,,
4506,,Chuggington bubble bath (12)d,6,£0.59,,,,,,
4894,,*3/4 collarless red top,2,£2.69,,,,,,
4947,,princes mini character bag,1,£3.99,,,,,,
4954,,mickey mini back pack,1,£3.99,,,,,,
9996,,Angel Heart Magnet (12)in,12,£0.99,,,,,,
"Transfer # : 31,517 To Stock Point : EGHAM - E20 - 3 On 16/12/2013  16:37:19",Stock Point : EGHAM - E20 - 3,,,,,The Manager,53/55 High street ,Egham,Surrey,TW20 9EX
3361,,*Silver Pack of 4 Beaded Napkin Ring (12),12,£0.79,,,,,,
3370,,*Silver Pack of 4 Beaded Coaster (12),12,£0.79,,,,,,
3414,,Tartan flittered parading owls2013,2,£3.99,,,,,,
3646,,*partyware cups 6x9 oz santa & sn,6,£0.49,,,,,,
3654,,*wrap xmas foiled sheets with tags,12,£0.49,,,,,,
3828,,icecream pen + lipgloss (24)D,24,£0.69,,,,,,
3976,,Teapot Penpot (4),4,£0.49,,,,,,
4016,,*rd clear tea light holder6(D),12,£0.39,,,,,,
4078,,*slimline traditional assorted calender,4,£0.49,,,,,,
4079,,*slimline scenery calender,4,£0.49,,,,,,
4080,,*slimline pet animal calender,4,£0.49,,,,,,
4081,,*slim nature animal calender,4,£0.49,,,,,,
4088,,*slim diary on header card,4,£0.49,,,,,,
4089,,*silm photo favourites calender,4,£0.69,,,,,,
4150,,*box of choc/champagne/gold string and bows,6,£0.49,,,,,,
4156,,*xmas 4 sheet wrap with 4 tag,6,£0.39,,,,,,
4159,,*santa stop here decoration,4,£0.49,,,,,,
4160,,*xmas santa letter + pouch,6,£0.49,,,,,,
4164,,*actvity M.Y.O xmas scene,4,£0.49,,,,,,
4168,,*activity count down to xmas,4,£0.49,,,,,,
4176,,cars 3 stamper set,2,£1.29,,,,,,
4184,,*xmas pet bandana,6,£0.39,,,,,,
4391,,*3 piece dog stocking,6,£0.89,,,,,,
4392,,*4 piece cat stocking,6,£0.89,,,,,,
4402,,plastic neon coil,4,£0.99,,,,,,
4409,,wood pirate fairy flexi dolls,12,£1.29,,,,,,
4412,,wooden whistle train,12,£1.19,,,,,,
4940,,princess lunch box,2,£4.99,,,,,,
4943,,toystory sports cup,2,£1.49,,,,,,
"Transfer # : 31,518 To Stock Point : MONTROSE - M61 - 3 On 16/12/2013  16:37:19",Stock Point : MONTROSE - M61 - 3,,,,,Joyce Bell,28-30 High Street,Montrose,Scotland,DD10 8LU
3602,,*Activity Messy Mat,4,£0.69,,,,,,
3646,,*partyware cups 6x9 oz santa & sn,6,£0.49,,,,,,
3654,,*wrap xmas foiled sheets with tags,20,£0.49,,,,,,
4078,,*slimline traditional assorted calender,6,£0.49,,,,,,
4079,,*slimline scenery calender,6,£0.49,,,,,,
4080,,*slimline pet animal calender,6,£0.49,,,,,,
4081,,*slim nature animal calender,6,£0.49,,,,,,
4082,,*slimline scotland calender,6,£0.49,,,,,,
4088,,*slim diary on header card,6,£0.49,,,,,,
4089,,*silm photo favourites calender,8,£0.69,,,,,,
4092,,*green/pink/blue slimdiary(24)D,24,£0.69,,,,,,
4150,,*box of choc/champagne/gold string and bows,8,£0.49,,,,,,
4156,,*xmas 4 sheet wrap with 4 tag,14,£0.39,,,,,,
4159,,*santa stop here decoration,6,£0.49,,,,,,
4160,,*xmas santa letter + pouch,6,£0.49,,,,,,
4164,,*actvity M.Y.O xmas scene,6,£0.49,,,,,,
4168,,*activity count down to xmas,6,£0.49,,,,,,
4184,,*xmas pet bandana,12,£0.39,,,,,,
4391,,*3 piece dog stocking,8,£0.89,,,,,,
4392,,*4 piece cat stocking,4,£0.89,,,,,,
"Transfer # : 31,519 To Stock Point : TONBRIDGE - T63 - 2 On 16/12/2013  16:37:20",Stock Point : TONBRIDGE - T63 - 2,,,,,Wendy Hubble,85 High Street,Tonbridge,Kent,TN9 1RX
3361,,*Silver Pack of 4 Beaded Napkin Ring (12),6,£0.79,,,,,,
3370,,*Silver Pack of 4 Beaded Coaster (12),6,£0.79,,,,,,
3607,,cars clipboard activity set,4,£1.69,,,,,,
3646,,*partyware cups 6x9 oz santa & sn,6,£0.49,,,,,,
3654,,*wrap xmas foiled sheets with tags,12,£0.49,,,,,,
4078,,*slimline traditional assorted calender,6,£0.49,,,,,,
4079,,*slimline scenery calender,6,£0.49,,,,,,
4080,,*slimline pet animal calender,6,£0.49,,,,,,
4081,,*slim nature animal calender,6,£0.49,,,,,,
4088,,*slim diary on header card,6,£0.49,,,,,,
4089,,*silm photo favourites calender,6,£0.69,,,,,,
4150,,*box of choc/champagne/gold string and bows,2,£0.49,,,,,,
4156,,*xmas 4 sheet wrap with 4 tag,12,£0.39,,,,,,
4159,,*santa stop here decoration,6,£0.49,,,,,,
4160,,*xmas santa letter + pouch,6,£0.49,,,,,,
4164,,*actvity M.Y.O xmas scene,6,£0.49,,,,,,
4168,,*activity count down to xmas,6,£0.49,,,,,,
4172,,spiderman scribble set,2,£1.29,,,,,,
4184,,*xmas pet bandana,6,£0.39,,,,,,
4358,,glass jar 3 ast colours 12cm,12,£0.99,,,,,,
4391,,*3 piece dog stocking,12,£0.89,,,,,,
4392,,*4 piece cat stocking,12,£0.89,,,,,,
4495,,Chugginton bath+ shower gel (12)d,6,£0.59,,,,,,
4503,,Chuggington liquid hand soap (12)d,6,£0.59,,,,,,
4527,,spiderman wall clock,2,£2.99,,,,,,
"Transfer # : 31,520 To Stock Point : HAMILTON - H11 - 1 On 16/12/2013  16:37:21",Stock Point : HAMILTON - H11 - 1,,,,,Helga Hone,30 Quarry Street,Hamilton,Lanarkshire,ML3 7AR
3361,,*Silver Pack of 4 Beaded Napkin Ring (12),8,£0.79,,,,,,
3370,,*Silver Pack of 4 Beaded Coaster (12),8,£0.79,,,,,,
3646,,*partyware cups 6x9 oz santa & sn,6,£0.49,,,,,,
3654,,*wrap xmas foiled sheets with tags,12,£0.49,,,,,,
3728,,birdhouse wall dec (singles),4,£1.29,,,,,,
3834,,swiss measuring spoons,4,£0.99,,,,,,
4016,,*rd clear tea light holder6(D),12,£0.39,,,,,,
4078,,*slimline traditional assorted calender,6,£0.49,,,,,,
4079,,*slimline scenery calender,6,£0.49,,,,,,
4080,,*slimline pet animal calender,6,£0.49,,,,,,
4081,,*slim nature animal calender,6,£0.49,,,,,,
4088,,*slim diary on header card,12,£0.49,,,,,,
4089,,*silm photo favourites calender,6,£0.69,,,,,,
4092,,*green/pink/blue slimdiary(24)D,24,£0.69,,,,,,
4150,,*box of choc/champagne/gold string and bows,6,£0.49,,,,,,
4156,,*xmas 4 sheet wrap with 4 tag,6,£0.39,,,,,,
4184,,*xmas pet bandana,12,£0.39,,,,,,
4348,,scratch and colour craft set,2,£0.99,,,,,,
4349,,craftset 6 assorted activities,2,£0.99,,,,,,
4350,,dot-dot 3D craftset 5 pieces PP,2,£1.19,,,,,,
4352,,watercolour paint set 18 colour in set,6,£0.99,,,,,,
4358,,glass jar 3 ast colours 12cm,6,£0.99,,,,,,
4361,,disney sml teaset ast designs 7/8 pieces pp,4,£0.99,,,,,,
4391,,*3 piece dog stocking,6,£0.89,,,,,,
4392,,*4 piece cat stocking,4,£0.89,,,,,,
4399,,winnie the pooh stickers,2,£0.89,,,,,,
4431,,pack 6 felt tip pens,2,£0.59,,,,,,
4432,,puzzle 3D dinosaurs,6,£0.99,,,,,,
4434,,treasure kit 9 assorted,2,£0.99,,,,,,
4435,,pom pom 2 pc pink/purple,2,£1.19,,,,,,
4439,,cup bendy straw ast designs,2,£0.99,,,,,,
4442,,magic tricks 4 assorted,2,£1.19,,,,,,
"Transfer # : 31,521 To Stock Point : Bristol Promenade On 16/12/2013  16:37:22",Stock Point : Bristol Promenade,,,,,The Manager,3-4 The Promenade," Gloucester Road,",Bristol,BS7 8AL
3370,,*Silver Pack of 4 Beaded Coaster (12),12,£0.79,,,,,,
3414,,Tartan flittered parading owls2013,12,£3.99,,,,,,
3646,,*partyware cups 6x9 oz santa & sn,6,£0.49,,,,,,
3654,,*wrap xmas foiled sheets with tags,12,£0.49,,,,,,
4078,,*slimline traditional assorted calender,4,£0.49,,,,,,
4079,,*slimline scenery calender,6,£0.49,,,,,,
4080,,*slimline pet animal calender,4,£0.49,,,,,,
4081,,*slim nature animal calender,4,£0.49,,,,,,
4088,,*slim diary on header card,4,£0.49,,,,,,
4089,,*silm photo favourites calender,4,£0.69,,,,,,
4150,,*box of choc/champagne/gold string and bows,11,£0.49,,,,,,
4156,,*xmas 4 sheet wrap with 4 tag,12,£0.39,,,,,,
4159,,*santa stop here decoration,6,£0.49,,,,,,
4160,,*xmas santa letter + pouch,6,£0.49,,,,,,
4164,,*actvity M.Y.O xmas scene,6,£0.49,,,,,,
4168,,*activity count down to xmas,6,£0.49,,,,,,
4184,,*xmas pet bandana,12,£0.39,,,,,,
4352,,watercolour paint set 18 colour in set,4,£0.99,,,,,,
4361,,disney sml teaset ast designs 7/8 pieces pp,4,£0.99,,,,,,
4409,,wood pirate fairy flexi dolls,12,£1.29,,,,,,
4412,,wooden whistle train,12,£1.19,,,,,,
4413,,wooden deco stick insects,12,£0.59,,,,,,
4415,,wooden spinning tops,12,£0.59,,,,,,
4432,,puzzle 3D dinosaurs,4,£0.99,,,,,,
4434,,treasure kit 9 assorted,4,£0.99,,,,,,
4442,,magic tricks 4 assorted,4,£1.19,,,,,,
4470,,so him max shower gel (send out in 6),6,£0.86,,,,,,
4473,,so brit body frangrance (send out in 6),6,£0.59,,,,,,
4477,,my love ETD 50ml spray (send out in 3),3,£3.99,,,,,,
4478,,you and me body fragrance (send out in 6),6,£0.59,,,,,,
4489,,lost in love 50ml ETD spray (send out in 3),3,£3.29,,,,,,
4505,,Bullyland Disney cars Dinoco Mcqueen model,6,£0.99,,,,,,
"Transfer # : 31,522 To Stock Point : EAST GRINSTEAD - E08 - 0 On 16/12/2013  16:37:23",Stock Point : EAST GRINSTEAD - E08 - 0,,,,,The Manager,"73 London Rd,", East Grinstead ,England,RH19 1EQ
2271,,London Tower Bridge,4,£3.99,,,,,,
3361,,*Silver Pack of 4 Beaded Napkin Ring (12),4,£0.79,,,,,,
3646,,*partyware cups 6x9 oz santa & sn,6,£0.49,,,,,,
3654,,*wrap xmas foiled sheets with tags,12,£0.49,,,,,,
4078,,*slimline traditional assorted calender,4,£0.49,,,,,,
4079,,*slimline scenery calender,4,£0.49,,,,,,
4080,,*slimline pet animal calender,4,£0.49,,,,,,
4081,,*slim nature animal calender,4,£0.49,,,,,,
4088,,*slim diary on header card,4,£0.49,,,,,,
4089,,*silm photo favourites calender,4,£0.69,,,,,,
4093,,*blu/red/pur croc diary(24)D,24,£0.69,,,,,,
4164,,*actvity M.Y.O xmas scene,6,£0.49,,,,,,
4172,,spiderman scribble set,4,£1.29,,,,,,
4176,,cars 3 stamper set,2,£1.29,,,,,,
4391,,*3 piece dog stocking,8,£0.89,,,,,,
4402,,plastic neon coil,4,£0.99,,,,,,
4409,,wood pirate fairy flexi dolls,12,£1.29,,,,,,
4412,,wooden whistle train,12,£1.19,,,,,,
4432,,puzzle 3D dinosaurs,6,£0.99,,,,,,
4434,,treasure kit 9 assorted,2,£0.99,,,,,,
4435,,pom pom 2 pc pink/purple,2,£1.19,,,,,,
4439,,cup bendy straw ast designs,4,£0.99,,,,,,
4442,,magic tricks 4 assorted,2,£1.19,,,,,,
4527,,spiderman wall clock,2,£2.99,,,,,,
4930,,princess mesh gym bag,2,£1.69,,,,,,
4947,,princes mini character bag,2,£3.99,,,,,,
4953,,spiderman mini back pack,2,£3.99,,,,,,
9698,,3x Disney Pens (5),5,£1.29,,,,,,
9754,,Power Rocket Launcher,4,£1.29,,,,,,
