"Transfer # : 31,392 To Stock Point : CRYSTAL PALACE - C90 - 6 On 10/12/2013  10:55:30",Stock Point : CRYSTAL PALACE - C90 - 6,,,,,The Manager,11 Westow Hill,Crystal Palace,London,SE19 1TQ
1103,,Puzzle Erasers (24) D (6),24,£0.99,,,,,,
1365,,clear glass sweet jar(12)D,12,£0.99,,,,,,
2269,,*Flitter Let It Snow,5,£3.99,,,,,,
2271,,London Tower Bridge,2,£3.99,,,,,,
3370,,*Silver Pack of 4 Beaded Coaster (12),6,£0.79,,,,,,
3542,,Polyresin Keyring Owl asst in Gift Bag (24),24,£1.29,,,,,,
3556,,Plastic Car Mini Racers with Pull Back (24) D,6,£0.59,,,,,,
3559,,Plastic grabber figurines 4 assorted,8,£0.79,,,,,,
3609,,*WTP 3 way scribble book,4,£0.69,,,,,,
3642,,*Access 3x Pris Curl Ribb,4,£0.49,,,,,,
3644,,*Bags Bottle Photo Kitten,6,£0.29,,,,,,
3646,,*partyware cups 6x9 oz santa & sn,8,£0.49,,,,,,
3649,,*Partyware Plates Rnd Trad,6,£0.29,,,,,,
3653,,*tags xmas 12 double layer,4,£0.49,,,,,,
3654,,*wrap xmas foiled sheets with tags,24,£0.49,,,,,,
3729,,*xmas heart dec (singles),6,£0.49,,,,,,
3744,,4 asst luxury 30 pack incense (12),12,£1.49,,,,,,
3745,,asst 20 pack incense sticks (24),12,£0.39,,,,,,
3828,,icecream pen + lipgloss (24)D,24,£0.69,,,,,,
3952,,Ben 10 Glider (24) D,24,£0.29,,,,,,
3975,,Colour Adhesive Mirror (4),4,£0.49,,,,,,
3976,,Teapot Penpot (4),4,£0.49,,,,,,
3977,,Wildflower Penpot (4),4,£0.49,,,,,,
3997,,Rimmel nailpolish (36) FB,36,£1.29,,,,,,
3999,,Zuri boxed bodybuffer exfoliator,6,£1.29,,,,,,
4008,,unisex building blocks (singles),4,£0.99,,,,,,
4015,,*square glass tea light holder(6) D,12,£0.39,,,,,,
4016,,*rd clear tea light holder6(D),12,£0.39,,,,,,
4072,,3 ass 50ml difusser in box,8,£1.49,,,,,,
4078,,*slimline traditional assorted calender,6,£0.49,,,,,,
4079,,*slimline scenery calender,6,£0.49,,,,,,
4080,,*slimline pet animal calender,6,£0.49,,,,,,
4081,,*slim nature animal calender,6,£0.49,,,,,,
4082,,*slimline scotland calender,6,£0.49,,,,,,
4083,,*medium scotland calender,6,£0.69,,,,,,
4084,,*med cupcakes baking calender,6,£0.69,,,,,,
4085,,*med photo flowers calender,6,£0.69,,,,,,
4088,,*slim diary on header card,6,£0.49,,,,,,
4089,,*silm photo favourites calender,6,£0.69,,,,,,
4095,,*xmas med blue gift bag trees,12,£0.29,,,,,,
4098,,*xmas 3 mixed size gift bag,12,£0.69,,,,,,
4099,,*xmas pack 3 bottle bags,12,£0.49,,,,,,
4148,,*xmas puppy photo bottle bag,6,£0.29,,,,,,
4150,,*box of choc/champagne/gold string and bows,8,£0.49,,,,,,
4154,,*12 gift tag joy/noel/tree/ball,12,£0.19,,,,,,
4156,,*xmas 4 sheet wrap with 4 tag,12,£0.39,,,,,,
4157,,*6 mini cracker puppy + kitten,4,£0.49,,,,,,
4158,,*xmas 6 mini cute cracker,4,£0.49,,,,,,
4159,,*santa stop here decoration,8,£0.49,,,,,,
4160,,*xmas santa letter + pouch,8,£0.49,,,,,,
4164,,*actvity M.Y.O xmas scene,6,£0.49,,,,,,
4167,,*activity stop santa sign,4,£0.49,,,,,,
4168,,*activity count down to xmas,6,£0.49,,,,,,
4178,,*xmas santa melamine dip plate,4,£0.69,,,,,,
4180,,*xmas santa belt sack,3,£1.19,,,,,,
4181,,*xmas adult santa hat + beard,6,£0.99,,,,,,
4184,,*xmas pet bandana,6,£0.39,,,,,,
4289,,R. Dahl fantastic mr fox book,8,£0.99,,,,,,
4324,,small tin box,6,£1.29,,,,,,
4325,,medium tin box,6,£1.49,,,,,,
4329,,blk bag shldr/mesngr strap zip,2,£5.99,,,,,,
4330,,sponge bob protector watch,6,£2.99,,,,,,
4333,,diamante false eyelashes (6)in,6,£0.99,,,,,,
4343,,*t-light holder silver or red,6,£0.39,,,,,,
4348,,scratch and colour craft set,4,£0.99,,,,,,
4356,,bath duck12 ast colours,4,£1.19,,,,,,
4357,,*red/wht cookie cutters 10 pk,4,£0.59,,,,,,
4358,,glass jar 3 ast colours 12cm,4,£0.99,,,,,,
4391,,*3 piece dog stocking,4,£0.89,,,,,,
4392,,*4 piece cat stocking,4,£0.89,,,,,,
4421,,earmuffs with fake fur lining,6,£0.99,,,,,,
4432,,puzzle 3D dinosaurs,4,£0.99,,,,,,
4450,,'So on the beach' body spray(send out in 6),6,£0.59,,,,,,
4451,,shp till you drp bdy fragrance (SEND IN 6`S),6,£0.59,,,,,,
4454,,so des take me away travel set (send out in 3),6,£1.99,,,,,,
4456,,so kiss me travel set (SEND IN 3`S),3,£1.99,,,,,,
4459,,so exciting body spray (send out in 6),12,£0.59,,,,,,
4463,,so excitng cute together 2 box set (send out in 3),3,£1.99,,,,,,
4464,,so exciting 3 peice box set lip (send in 3`s),6,£2.66,,,,,,
4466,,so what ETD 20 ml spray (send out in 6),12,£1.99,,,,,,
4470,,so him max shower gel (send out in 6),12,£0.86,,,,,,
4471,,so chilled shower gel mens (send out in 6),6,£0.86,,,,,,
4473,,so brit body frangrance (send out in 6),6,£0.59,,,,,,
4474,,my love ETD 30ml spray (send out in 4),4,£2.66,,,,,,
4477,,my love ETD 50ml spray (send out in 3),6,£3.99,,,,,,
4478,,you and me body fragrance (send out in 6),12,£0.59,,,,,,
4479,,you and me 30ml EDT spray (send out in 4),4,£2.66,,,,,,
4483,,you and me ETD 50ml spray (send out in 3),6,£3.99,,,,,,
4484,,first kiss body spray (send out in 6),6,£0.59,,,,,,
4485,,first kiss ETD 30ml spray (send out in 3),3,£2.66,,,,,,
4489,,lost in love 50ml ETD spray (send out in 3),6,£3.29,,,,,,
4500,,Morgan vanilla hand lotion (12)d,12,£1.29,,,,,,
4501,,Morgan vanilla body lotion (12)d,6,£1.29,,,,,,
4503,,Chuggington liquid hand soap (12)d,4,£0.59,,,,,,
4505,,Bullyland Disney cars Dinoco Mcqueen model,4,£0.99,,,,,,
4506,,Chuggington bubble bath (12)d,4,£0.59,,,,,,
4528,,spiderman table-top bskt-ball,8,£1.89,,,,,,
4529,,spiderman ring toss,4,£1.89,,,,,,
4922,,go go puzzle notebook,4,£0.99,,,,,,
9622,,Christmas Sitting Ceramic green Angels,6,£0.89,,,,,,
9623,,Christmas Wrapped Standing green  Ceramic Angel,12,£0.29,,,,,,
9698,,3x Disney Pens (5),5,£1.29,,,,,,
9708,,Chalk (4),4,£0.59,,,,,,
"Transfer # : 31,393 To Stock Point : EDINBURGH (DAL) - E19 - 6 On 10/12/2013  10:55:36",Stock Point : EDINBURGH (DAL) - E19 - 6,,,,,Susan Johnstone,27 Dalry Road,Edinburgh,Scotland,EH11 2BQ
1103,,Puzzle Erasers (24) D (6),24,£0.99,,,,,,
2269,,*Flitter Let It Snow,5,£3.99,,,,,,
2576,,Assorted Boxed Jewellery (1),4,£2.99,,,,,,
3360,,*Red Pack of 4 Beaded Napkin Ring (12),6,£0.79,,,,,,
3420,,Edinburgh painted high street2013,4,£3.99,,,,,,
3542,,Polyresin Keyring Owl asst in Gift Bag (24),24,£1.29,,,,,,
3559,,Plastic grabber figurines 4 assorted,8,£0.79,,,,,,
3609,,*WTP 3 way scribble book,4,£0.69,,,,,,
3642,,*Access 3x Pris Curl Ribb,4,£0.49,,,,,,
3644,,*Bags Bottle Photo Kitten,6,£0.29,,,,,,
3646,,*partyware cups 6x9 oz santa & sn,8,£0.49,,,,,,
3649,,*Partyware Plates Rnd Trad,12,£0.29,,,,,,
3653,,*tags xmas 12 double layer,4,£0.49,,,,,,
3654,,*wrap xmas foiled sheets with tags,24,£0.49,,,,,,
3729,,*xmas heart dec (singles),6,£0.49,,,,,,
3744,,4 asst luxury 30 pack incense (12),12,£1.49,,,,,,
3745,,asst 20 pack incense sticks (24),12,£0.39,,,,,,
3828,,icecream pen + lipgloss (24)D,24,£0.69,,,,,,
3842,,asst colour clutch bag,4,£2.99,,,,,,
3956,,Dinosaur Figures (36) D,12,£0.99,,,,,,
3999,,Zuri boxed bodybuffer exfoliator,6,£1.29,,,,,,
4016,,*rd clear tea light holder6(D),6,£0.39,,,,,,
4078,,*slimline traditional assorted calender,6,£0.49,,,,,,
4079,,*slimline scenery calender,6,£0.49,,,,,,
4080,,*slimline pet animal calender,6,£0.49,,,,,,
4081,,*slim nature animal calender,6,£0.49,,,,,,
4082,,*slimline scotland calender,6,£0.49,,,,,,
4083,,*medium scotland calender,6,£0.69,,,,,,
4084,,*med cupcakes baking calender,6,£0.69,,,,,,
4085,,*med photo flowers calender,6,£0.69,,,,,,
4088,,*slim diary on header card,6,£0.49,,,,,,
4089,,*silm photo favourites calender,6,£0.69,,,,,,
4095,,*xmas med blue gift bag trees,12,£0.29,,,,,,
4098,,*xmas 3 mixed size gift bag,12,£0.69,,,,,,
4099,,*xmas pack 3 bottle bags,12,£0.49,,,,,,
4148,,*xmas puppy photo bottle bag,6,£0.29,,,,,,
4150,,*box of choc/champagne/gold string and bows,8,£0.49,,,,,,
4154,,*12 gift tag joy/noel/tree/ball,12,£0.19,,,,,,
4156,,*xmas 4 sheet wrap with 4 tag,12,£0.39,,,,,,
4157,,*6 mini cracker puppy + kitten,4,£0.49,,,,,,
4158,,*xmas 6 mini cute cracker,4,£0.49,,,,,,
4159,,*santa stop here decoration,8,£0.49,,,,,,
4160,,*xmas santa letter + pouch,8,£0.49,,,,,,
4164,,*actvity M.Y.O xmas scene,6,£0.49,,,,,,
4167,,*activity stop santa sign,4,£0.49,,,,,,
4168,,*activity count down to xmas,6,£0.49,,,,,,
4171,,spiderman scribble set,4,£1.29,,,,,,
4178,,*xmas santa melamine dip plate,4,£0.69,,,,,,
4180,,*xmas santa belt sack,3,£1.19,,,,,,
4181,,*xmas adult santa hat + beard,6,£0.99,,,,,,
4184,,*xmas pet bandana,12,£0.39,,,,,,
4288,,morph magnets,6,£1.29,,,,,,
4289,,R. Dahl fantastic mr fox book,8,£0.99,,,,,,
4292,,fish popsicle,4,£0.89,,,,,,
4293,,bling ring popsicle,4,£0.89,,,,,,
4324,,small tin box,6,£1.29,,,,,,
4325,,medium tin box,6,£1.49,,,,,,
4330,,sponge bob protector watch,6,£2.99,,,,,,
4333,,diamante false eyelashes (6)in,6,£0.99,,,,,,
4343,,*t-light holder silver or red,6,£0.39,,,,,,
4348,,scratch and colour craft set,4,£0.99,,,,,,
4356,,bath duck12 ast colours,4,£1.19,,,,,,
4391,,*3 piece dog stocking,6,£0.89,,,,,,
4392,,*4 piece cat stocking,4,£0.89,,,,,,
4429,,angel on cloud display (12)in,12,£0.99,,,,,,
4450,,'So on the beach' body spray(send out in 6),6,£0.59,,,,,,
4451,,shp till you drp bdy fragrance (SEND IN 6`S),6,£0.59,,,,,,
4454,,so des take me away travel set (send out in 3),6,£1.99,,,,,,
4456,,so kiss me travel set (SEND IN 3`S),3,£1.99,,,,,,
4459,,so exciting body spray (send out in 6),12,£0.59,,,,,,
4463,,so excitng cute together 2 box set (send out in 3),3,£1.99,,,,,,
4464,,so exciting 3 peice box set lip (send in 3`s),6,£2.66,,,,,,
4466,,so what ETD 20 ml spray (send out in 6),12,£1.99,,,,,,
4470,,so him max shower gel (send out in 6),12,£0.86,,,,,,
4471,,so chilled shower gel mens (send out in 6),6,£0.86,,,,,,
4473,,so brit body frangrance (send out in 6),6,£0.59,,,,,,
4474,,my love ETD 30ml spray (send out in 4),4,£2.66,,,,,,
4477,,my love ETD 50ml spray (send out in 3),6,£3.99,,,,,,
4478,,you and me body fragrance (send out in 6),12,£0.59,,,,,,
4479,,you and me 30ml EDT spray (send out in 4),4,£2.66,,,,,,
4483,,you and me ETD 50ml spray (send out in 3),6,£3.99,,,,,,
4484,,first kiss body spray (send out in 6),6,£0.59,,,,,,
4485,,first kiss ETD 30ml spray (send out in 3),3,£2.66,,,,,,
4489,,lost in love 50ml ETD spray (send out in 3),6,£3.29,,,,,,
4500,,Morgan vanilla hand lotion (12)d,12,£1.29,,,,,,
4501,,Morgan vanilla body lotion (12)d,6,£1.29,,,,,,
4527,,spiderman wall clock,2,£2.99,,,,,,
4528,,spiderman table-top bskt-ball,4,£1.89,,,,,,
4529,,spiderman ring toss,2,£1.89,,,,,,
4923,,Go Go creator Pack,6,£0.99,,,,,,
9622,,Christmas Sitting Ceramic green Angels,12,£0.89,,,,,,
9623,,Christmas Wrapped Standing green  Ceramic Angel,12,£0.29,,,,,,
9995,,Guardian Angel in Bag (24) 1,24,£0.99,,,,,,
"Transfer # : 31,394 To Stock Point : GLASGOW (BOTAN) - G38 - 6 On 10/12/2013  10:55:38",Stock Point : GLASGOW (BOTAN) - G38 - 6,,,,,Lynne Bracken,679 Great Western Rd,Glasgow,Scotland,G12 8RA
1103,,Puzzle Erasers (24) D (6),24,£0.99,,,,,,
2269,,*Flitter Let It Snow,5,£3.99,,,,,,
2364,,Scotland Teabag Holder (12) D,6,£0.99,,,,,,
3039,,Assorted Animal Prints Umbrella,6,£2.99,,,,,,
3360,,*Red Pack of 4 Beaded Napkin Ring (12),8,£0.79,,,,,,
3414,,Tartan flittered parading owls2013,6,£3.99,,,,,,
3417,,Edinburgh flittered fireworks 2013,12,£3.99,,,,,,
3542,,Polyresin Keyring Owl asst in Gift Bag (24),24,£1.29,,,,,,
3545,,Ceramic Figure Russian Doll 3 Colours,4,£0.59,,,,,,
3559,,Plastic grabber figurines 4 assorted,8,£0.79,,,,,,
3607,,cars clipboard activity set,4,£1.69,,,,,,
3609,,*WTP 3 way scribble book,4,£0.69,,,,,,
3642,,*Access 3x Pris Curl Ribb,4,£0.49,,,,,,
3644,,*Bags Bottle Photo Kitten,6,£0.29,,,,,,
3646,,*partyware cups 6x9 oz santa & sn,8,£0.49,,,,,,
3649,,*Partyware Plates Rnd Trad,6,£0.29,,,,,,
3653,,*tags xmas 12 double layer,4,£0.49,,,,,,
3654,,*wrap xmas foiled sheets with tags,24,£0.49,,,,,,
3729,,*xmas heart dec (singles),6,£0.49,,,,,,
3744,,4 asst luxury 30 pack incense (12),12,£1.49,,,,,,
3745,,asst 20 pack incense sticks (24),12,£0.39,,,,,,
3828,,icecream pen + lipgloss (24)D,24,£0.69,,,,,,
3844,,jeans I phone cover,4,£0.99,,,,,,
3976,,Teapot Penpot (4),4,£0.49,,,,,,
3999,,Zuri boxed bodybuffer exfoliator,8,£1.29,,,,,,
4016,,*rd clear tea light holder6(D),6,£0.39,,,,,,
4078,,*slimline traditional assorted calender,6,£0.49,,,,,,
4079,,*slimline scenery calender,6,£0.49,,,,,,
4080,,*slimline pet animal calender,6,£0.49,,,,,,
4081,,*slim nature animal calender,6,£0.49,,,,,,
4082,,*slimline scotland calender,6,£0.49,,,,,,
4083,,*medium scotland calender,6,£0.69,,,,,,
4084,,*med cupcakes baking calender,6,£0.69,,,,,,
4085,,*med photo flowers calender,6,£0.69,,,,,,
4088,,*slim diary on header card,6,£0.49,,,,,,
4089,,*silm photo favourites calender,6,£0.69,,,,,,
4095,,*xmas med blue gift bag trees,12,£0.29,,,,,,
4098,,*xmas 3 mixed size gift bag,12,£0.69,,,,,,
4099,,*xmas pack 3 bottle bags,12,£0.49,,,,,,
4148,,*xmas puppy photo bottle bag,6,£0.29,,,,,,
4150,,*box of choc/champagne/gold string and bows,8,£0.49,,,,,,
4154,,*12 gift tag joy/noel/tree/ball,12,£0.19,,,,,,
4156,,*xmas 4 sheet wrap with 4 tag,12,£0.39,,,,,,
4157,,*6 mini cracker puppy + kitten,12,£0.49,,,,,,
4158,,*xmas 6 mini cute cracker,16,£0.49,,,,,,
4159,,*santa stop here decoration,8,£0.49,,,,,,
4160,,*xmas santa letter + pouch,8,£0.49,,,,,,
4164,,*actvity M.Y.O xmas scene,6,£0.49,,,,,,
4167,,*activity stop santa sign,4,£0.49,,,,,,
4168,,*activity count down to xmas,6,£0.49,,,,,,
4178,,*xmas santa melamine dip plate,4,£0.69,,,,,,
4180,,*xmas santa belt sack,4,£1.19,,,,,,
4181,,*xmas adult santa hat + beard,6,£0.99,,,,,,
4184,,*xmas pet bandana,6,£0.39,,,,,,
4289,,R. Dahl fantastic mr fox book,4,£0.99,,,,,,
4293,,bling ring popsicle,4,£0.89,,,,,,
4324,,small tin box,6,£1.29,,,,,,
4325,,medium tin box,6,£1.49,,,,,,
4330,,sponge bob protector watch,6,£2.99,,,,,,
4333,,diamante false eyelashes (6)in,12,£0.99,,,,,,
4343,,*t-light holder silver or red,6,£0.39,,,,,,
4348,,scratch and colour craft set,4,£0.99,,,,,,
4349,,craftset 6 assorted activities,4,£0.99,,,,,,
4350,,dot-dot 3D craftset 5 pieces PP,4,£1.19,,,,,,
4356,,bath duck12 ast colours,2,£1.19,,,,,,
4357,,*red/wht cookie cutters 10 pk,4,£0.59,,,,,,
4391,,*3 piece dog stocking,4,£0.89,,,,,,
4392,,*4 piece cat stocking,4,£0.89,,,,,,
4432,,puzzle 3D dinosaurs,8,£0.99,,,,,,
4434,,treasure kit 9 assorted,8,£0.99,,,,,,
4442,,magic tricks 4 assorted,4,£1.19,,,,,,
4450,,'So on the beach' body spray(send out in 6),6,£0.59,,,,,,
4451,,shp till you drp bdy fragrance (SEND IN 6`S),6,£0.59,,,,,,
4454,,so des take me away travel set (send out in 3),6,£1.99,,,,,,
4456,,so kiss me travel set (SEND IN 3`S),3,£1.99,,,,,,
4459,,so exciting body spray (send out in 6),12,£0.59,,,,,,
4463,,so excitng cute together 2 box set (send out in 3),3,£1.99,,,,,,
4464,,so exciting 3 peice box set lip (send in 3`s),6,£2.66,,,,,,
4466,,so what ETD 20 ml spray (send out in 6),12,£1.99,,,,,,
4470,,so him max shower gel (send out in 6),12,£0.86,,,,,,
4471,,so chilled shower gel mens (send out in 6),6,£0.86,,,,,,
4473,,so brit body frangrance (send out in 6),6,£0.59,,,,,,
4474,,my love ETD 30ml spray (send out in 4),4,£2.66,,,,,,
4477,,my love ETD 50ml spray (send out in 3),6,£3.99,,,,,,
4478,,you and me body fragrance (send out in 6),12,£0.59,,,,,,
4479,,you and me 30ml EDT spray (send out in 4),4,£2.66,,,,,,
4483,,you and me ETD 50ml spray (send out in 3),6,£3.99,,,,,,
4484,,first kiss body spray (send out in 6),6,£0.59,,,,,,
4485,,first kiss ETD 30ml spray (send out in 3),3,£2.66,,,,,,
4489,,lost in love 50ml ETD spray (send out in 3),6,£3.29,,,,,,
4500,,Morgan vanilla hand lotion (12)d,12,£1.29,,,,,,
4501,,Morgan vanilla body lotion (12)d,6,£1.29,,,,,,
4505,,Bullyland Disney cars Dinoco Mcqueen model,4,£0.99,,,,,,
4528,,spiderman table-top bskt-ball,2,£1.89,,,,,,
4529,,spiderman ring toss,4,£1.89,,,,,,
4922,,go go puzzle notebook,4,£0.99,,,,,,
9622,,Christmas Sitting Ceramic green Angels,12,£0.89,,,,,,
9623,,Christmas Wrapped Standing green  Ceramic Angel,12,£0.29,,,,,,
9698,,3x Disney Pens (5),5,£1.29,,,,,,
9996,,Angel Heart Magnet (12)in,12,£0.99,,,,,,
"Transfer # : 31,395 To Stock Point : GLASGOW (DUKE) - D94 - 6 On 10/12/2013  10:55:40",Stock Point : GLASGOW (DUKE) - D94 - 6,,,,,The Manager,469 Duke Street,Glasgow. ,Scotland,G31 1RD
1103,,Puzzle Erasers (24) D (6),24,£0.99,,,,,,
2269,,*Flitter Let It Snow,5,£3.99,,,,,,
3370,,*Silver Pack of 4 Beaded Coaster (12),4,£0.79,,,,,,
3542,,Polyresin Keyring Owl asst in Gift Bag (24),24,£1.29,,,,,,
3559,,Plastic grabber figurines 4 assorted,8,£0.79,,,,,,
3607,,cars clipboard activity set,2,£1.69,,,,,,
3609,,*WTP 3 way scribble book,4,£0.69,,,,,,
3611,,*WTP large pencil case,2,£0.69,,,,,,
3642,,*Access 3x Pris Curl Ribb,4,£0.49,,,,,,
3644,,*Bags Bottle Photo Kitten,6,£0.29,,,,,,
3646,,*partyware cups 6x9 oz santa & sn,8,£0.49,,,,,,
3649,,*Partyware Plates Rnd Trad,6,£0.29,,,,,,
3653,,*tags xmas 12 double layer,4,£0.49,,,,,,
3654,,*wrap xmas foiled sheets with tags,24,£0.49,,,,,,
3660,,*Activity craft packs,6,£0.49,,,,,,
3729,,*xmas heart dec (singles),6,£0.49,,,,,,
3732,,pack of decoration roses16(D),16,£0.99,,,,,,
3744,,4 asst luxury 30 pack incense (12),12,£1.49,,,,,,
3745,,asst 20 pack incense sticks (24),12,£0.39,,,,,,
3828,,icecream pen + lipgloss (24)D,24,£0.69,,,,,,
3999,,Zuri boxed bodybuffer exfoliator,6,£1.29,,,,,,
4016,,*rd clear tea light holder6(D),6,£0.39,,,,,,
4078,,*slimline traditional assorted calender,4,£0.49,,,,,,
4079,,*slimline scenery calender,4,£0.49,,,,,,
4080,,*slimline pet animal calender,4,£0.49,,,,,,
4081,,*slim nature animal calender,4,£0.49,,,,,,
4082,,*slimline scotland calender,4,£0.49,,,,,,
4083,,*medium scotland calender,4,£0.69,,,,,,
4084,,*med cupcakes baking calender,4,£0.69,,,,,,
4085,,*med photo flowers calender,4,£0.69,,,,,,
4088,,*slim diary on header card,4,£0.49,,,,,,
4089,,*silm photo favourites calender,4,£0.69,,,,,,
4095,,*xmas med blue gift bag trees,6,£0.29,,,,,,
4098,,*xmas 3 mixed size gift bag,6,£0.69,,,,,,
4099,,*xmas pack 3 bottle bags,6,£0.49,,,,,,
4148,,*xmas puppy photo bottle bag,4,£0.29,,,,,,
4150,,*box of choc/champagne/gold string and bows,4,£0.49,,,,,,
4154,,*12 gift tag joy/noel/tree/ball,6,£0.19,,,,,,
4156,,*xmas 4 sheet wrap with 4 tag,6,£0.39,,,,,,
4157,,*6 mini cracker puppy + kitten,4,£0.49,,,,,,
4158,,*xmas 6 mini cute cracker,4,£0.49,,,,,,
4159,,*santa stop here decoration,4,£0.49,,,,,,
4160,,*xmas santa letter + pouch,4,£0.49,,,,,,
4164,,*actvity M.Y.O xmas scene,6,£0.49,,,,,,
4167,,*activity stop santa sign,4,£0.49,,,,,,
4168,,*activity count down to xmas,6,£0.49,,,,,,
4178,,*xmas santa melamine dip plate,6,£0.69,,,,,,
4180,,*xmas santa belt sack,2,£1.19,,,,,,
4181,,*xmas adult santa hat + beard,6,£0.99,,,,,,
4184,,*xmas pet bandana,6,£0.39,,,,,,
4289,,R. Dahl fantastic mr fox book,8,£0.99,,,,,,
4293,,bling ring popsicle,4,£0.89,,,,,,
4324,,small tin box,3,£1.29,,,,,,
4325,,medium tin box,3,£1.49,,,,,,
4330,,sponge bob protector watch,4,£2.99,,,,,,
4333,,diamante false eyelashes (6)in,6,£0.99,,,,,,
4343,,*t-light holder silver or red,6,£0.39,,,,,,
4348,,scratch and colour craft set,4,£0.99,,,,,,
4349,,craftset 6 assorted activities,4,£0.99,,,,,,
4351,,bag of marbles galaxy theme 6 ast  colours,12,£0.99,,,,,,
4352,,watercolour paint set 18 colour in set,4,£0.99,,,,,,
4356,,bath duck12 ast colours,4,£1.19,,,,,,
4391,,*3 piece dog stocking,4,£0.89,,,,,,
4392,,*4 piece cat stocking,4,£0.89,,,,,,
4423,,polyresin buddha on display (12)in,12,£1.29,,,,,,
4430,,laying polyresin angel rose coloured headband (12),12,£1.99,,,,,,
4451,,shp till you drp bdy fragrance (SEND IN 6`S),6,£0.59,,,,,,
4454,,so des take me away travel set (send out in 3),6,£1.99,,,,,,
4456,,so kiss me travel set (SEND IN 3`S),3,£1.99,,,,,,
4459,,so exciting body spray (send out in 6),12,£0.59,,,,,,
4463,,so excitng cute together 2 box set (send out in 3),3,£1.99,,,,,,
4464,,so exciting 3 peice box set lip (send in 3`s),6,£2.66,,,,,,
4466,,so what ETD 20 ml spray (send out in 6),6,£1.99,,,,,,
4470,,so him max shower gel (send out in 6),6,£0.86,,,,,,
4471,,so chilled shower gel mens (send out in 6),6,£0.86,,,,,,
4473,,so brit body frangrance (send out in 6),6,£0.59,,,,,,
4474,,my love ETD 30ml spray (send out in 4),4,£2.66,,,,,,
4477,,my love ETD 50ml spray (send out in 3),3,£3.99,,,,,,
4478,,you and me body fragrance (send out in 6),6,£0.59,,,,,,
4479,,you and me 30ml EDT spray (send out in 4),4,£2.66,,,,,,
4483,,you and me ETD 50ml spray (send out in 3),3,£3.99,,,,,,
4484,,first kiss body spray (send out in 6),6,£0.59,,,,,,
4485,,first kiss ETD 30ml spray (send out in 3),3,£2.66,,,,,,
4486,,lost in love shower gel (send out in 4),4,£0.86,,,,,,
4489,,lost in love 50ml ETD spray (send out in 3),6,£3.29,,,,,,
4500,,Morgan vanilla hand lotion (12)d,12,£1.29,,,,,,
4501,,Morgan vanilla body lotion (12)d,6,£1.29,,,,,,
4527,,spiderman wall clock,6,£2.99,,,,,,
4528,,spiderman table-top bskt-ball,6,£1.89,,,,,,
4529,,spiderman ring toss,4,£1.89,,,,,,
4943,,toystory sports cup,2,£1.49,,,,,,
4945,,faries sports cup,2,£1.49,,,,,,
9622,,Christmas Sitting Ceramic green Angels,6,£0.89,,,,,,
9623,,Christmas Wrapped Standing green  Ceramic Angel,12,£0.29,,,,,,
9996,,Angel Heart Magnet (12)in,12,£0.99,,,,,,
"Transfer # : 31,396 To Stock Point : HALESOWEN - H08 - 6 On 10/12/2013  10:55:42",Stock Point : HALESOWEN - H08 - 6,,,,,The Manager,3 Hagley Street,Halesowen,West Midlands,B63 3AS
1103,,Puzzle Erasers (24) D (6),24,£0.99,,,,,,
2269,,*Flitter Let It Snow,5,£3.99,,,,,,
3370,,*Silver Pack of 4 Beaded Coaster (12),4,£0.79,,,,,,
3542,,Polyresin Keyring Owl asst in Gift Bag (24),24,£1.29,,,,,,
3545,,Ceramic Figure Russian Doll 3 Colours,4,£0.59,,,,,,
3559,,Plastic grabber figurines 4 assorted,8,£0.79,,,,,,
3609,,*WTP 3 way scribble book,4,£0.69,,,,,,
3642,,*Access 3x Pris Curl Ribb,4,£0.49,,,,,,
3644,,*Bags Bottle Photo Kitten,6,£0.29,,,,,,
3646,,*partyware cups 6x9 oz santa & sn,8,£0.49,,,,,,
3649,,*Partyware Plates Rnd Trad,6,£0.29,,,,,,
3653,,*tags xmas 12 double layer,4,£0.49,,,,,,
3654,,*wrap xmas foiled sheets with tags,24,£0.49,,,,,,
3729,,*xmas heart dec (singles),6,£0.49,,,,,,
3744,,4 asst luxury 30 pack incense (12),12,£1.49,,,,,,
3745,,asst 20 pack incense sticks (24),12,£0.39,,,,,,
3828,,icecream pen + lipgloss (24)D,24,£0.69,,,,,,
3977,,Wildflower Penpot (4),4,£0.49,,,,,,
3999,,Zuri boxed bodybuffer exfoliator,6,£1.29,,,,,,
4016,,*rd clear tea light holder6(D),6,£0.39,,,,,,
4078,,*slimline traditional assorted calender,6,£0.49,,,,,,
4079,,*slimline scenery calender,6,£0.49,,,,,,
4080,,*slimline pet animal calender,6,£0.49,,,,,,
4081,,*slim nature animal calender,6,£0.49,,,,,,
4082,,*slimline scotland calender,6,£0.49,,,,,,
4083,,*medium scotland calender,6,£0.69,,,,,,
4084,,*med cupcakes baking calender,6,£0.69,,,,,,
4085,,*med photo flowers calender,6,£0.69,,,,,,
4088,,*slim diary on header card,6,£0.49,,,,,,
4089,,*silm photo favourites calender,6,£0.69,,,,,,
4095,,*xmas med blue gift bag trees,12,£0.29,,,,,,
4098,,*xmas 3 mixed size gift bag,12,£0.69,,,,,,
4099,,*xmas pack 3 bottle bags,12,£0.49,,,,,,
4148,,*xmas puppy photo bottle bag,6,£0.29,,,,,,
4150,,*box of choc/champagne/gold string and bows,8,£0.49,,,,,,
4154,,*12 gift tag joy/noel/tree/ball,12,£0.19,,,,,,
4156,,*xmas 4 sheet wrap with 4 tag,12,£0.39,,,,,,
4157,,*6 mini cracker puppy + kitten,4,£0.49,,,,,,
4158,,*xmas 6 mini cute cracker,4,£0.49,,,,,,
4159,,*santa stop here decoration,8,£0.49,,,,,,
4160,,*xmas santa letter + pouch,8,£0.49,,,,,,
4164,,*actvity M.Y.O xmas scene,6,£0.49,,,,,,
4167,,*activity stop santa sign,4,£0.49,,,,,,
4168,,*activity count down to xmas,6,£0.49,,,,,,
4172,,spiderman scribble set,4,£1.29,,,,,,
4178,,*xmas santa melamine dip plate,4,£0.69,,,,,,
4180,,*xmas santa belt sack,3,£1.19,,,,,,
4181,,*xmas adult santa hat + beard,6,£0.99,,,,,,
4184,,*xmas pet bandana,6,£0.39,,,,,,
4289,,R. Dahl fantastic mr fox book,8,£0.99,,,,,,
4292,,fish popsicle,4,£0.89,,,,,,
4293,,bling ring popsicle,6,£0.89,,,,,,
4305,,floral canvas drawstring bag,1,£6.99,,,,,,
4324,,small tin box,6,£1.29,,,,,,
4325,,medium tin box,6,£1.49,,,,,,
4329,,blk bag shldr/mesngr strap zip,4,£5.99,,,,,,
4330,,sponge bob protector watch,6,£2.99,,,,,,
4333,,diamante false eyelashes (6)in,6,£0.99,,,,,,
4343,,*t-light holder silver or red,6,£0.39,,,,,,
4348,,scratch and colour craft set,4,£0.99,,,,,,
4356,,bath duck12 ast colours,4,£1.19,,,,,,
4391,,*3 piece dog stocking,4,£0.89,,,,,,
4392,,*4 piece cat stocking,4,£0.89,,,,,,
4411,,wood bracelet funny animals,24,£0.89,,,,,,
4414,,wooden watch hearts/flowers/star/ladybirds,24,£1.29,,,,,,
4450,,'So on the beach' body spray(send out in 6),6,£0.59,,,,,,
4451,,shp till you drp bdy fragrance (SEND IN 6`S),6,£0.59,,,,,,
4454,,so des take me away travel set (send out in 3),6,£1.99,,,,,,
4456,,so kiss me travel set (SEND IN 3`S),3,£1.99,,,,,,
4459,,so exciting body spray (send out in 6),12,£0.59,,,,,,
4460,,so exciting ETD 30 ml spray (send out in 3),3,£2.66,,,,,,
4463,,so excitng cute together 2 box set (send out in 3),3,£1.99,,,,,,
4464,,so exciting 3 peice box set lip (send in 3`s),6,£2.66,,,,,,
4466,,so what ETD 20 ml spray (send out in 6),12,£1.99,,,,,,
4470,,so him max shower gel (send out in 6),12,£0.86,,,,,,
4471,,so chilled shower gel mens (send out in 6),6,£0.86,,,,,,
4473,,so brit body frangrance (send out in 6),6,£0.59,,,,,,
4474,,my love ETD 30ml spray (send out in 4),4,£2.66,,,,,,
4477,,my love ETD 50ml spray (send out in 3),6,£3.99,,,,,,
4478,,you and me body fragrance (send out in 6),12,£0.59,,,,,,
4479,,you and me 30ml EDT spray (send out in 4),4,£2.66,,,,,,
4483,,you and me ETD 50ml spray (send out in 3),6,£3.99,,,,,,
4484,,first kiss body spray (send out in 6),6,£0.59,,,,,,
4485,,first kiss ETD 30ml spray (send out in 3),3,£2.66,,,,,,
4489,,lost in love 50ml ETD spray (send out in 3),6,£3.29,,,,,,
4500,,Morgan vanilla hand lotion (12)d,12,£1.29,,,,,,
4501,,Morgan vanilla body lotion (12)d,6,£1.29,,,,,,
4893,,3/4 collarless ryl blue top,1,£2.69,,,,,,
4944,,cars sports cup,1,£1.49,,,,,,
9622,,Christmas Sitting Ceramic green Angels,6,£0.89,,,,,,
9623,,Christmas Wrapped Standing green  Ceramic Angel,12,£0.29,,,,,,
9708,,Chalk (4),4,£0.59,,,,,,
"Transfer # : 31,397 To Stock Point : HAMMERSMITH - H12 - 6 On 10/12/2013  10:55:44",Stock Point : HAMMERSMITH - H12 - 6,,,,,Miriam and Abigail,123c King St,Hammersmith ,London,W6 9JG
1006,,assorted Men's Trilby Hat,3,£2.99,,,,,,
1103,,Puzzle Erasers (24) D (6),24,£0.99,,,,,,
2269,,*Flitter Let It Snow,5,£3.99,,,,,,
2322,,Cath Kidston Keyring (50) D,50,£0.29,,,,,,
3360,,*Red Pack of 4 Beaded Napkin Ring (12),4,£0.79,,,,,,
3369,,*Red Pack of 4 Beaded Coaster (12),4,£0.79,,,,,,
3542,,Polyresin Keyring Owl asst in Gift Bag (24),24,£1.29,,,,,,
3559,,Plastic grabber figurines 4 assorted,8,£0.79,,,,,,
3609,,*WTP 3 way scribble book,4,£0.69,,,,,,
3611,,*WTP large pencil case,2,£0.69,,,,,,
3620,,toy story multi function pen,2,£0.69,,,,,,
3642,,*Access 3x Pris Curl Ribb,4,£0.49,,,,,,
3644,,*Bags Bottle Photo Kitten,6,£0.29,,,,,,
3646,,*partyware cups 6x9 oz santa & sn,8,£0.49,,,,,,
3649,,*Partyware Plates Rnd Trad,12,£0.29,,,,,,
3653,,*tags xmas 12 double layer,4,£0.49,,,,,,
3654,,*wrap xmas foiled sheets with tags,24,£0.49,,,,,,
3729,,*xmas heart dec (singles),6,£0.49,,,,,,
3744,,4 asst luxury 30 pack incense (12),12,£1.49,,,,,,
3745,,asst 20 pack incense sticks (24),12,£0.39,,,,,,
3828,,icecream pen + lipgloss (24)D,24,£0.69,,,,,,
3997,,Rimmel nailpolish (36) FB,6,£1.29,,,,,,
4016,,*rd clear tea light holder6(D),6,£0.39,,,,,,
4065,,*gold pack 4 beaded coaster (12),6,£0.79,,,,,,
4078,,*slimline traditional assorted calender,6,£0.49,,,,,,
4079,,*slimline scenery calender,6,£0.49,,,,,,
4080,,*slimline pet animal calender,6,£0.49,,,,,,
4081,,*slim nature animal calender,6,£0.49,,,,,,
4082,,*slimline scotland calender,6,£0.49,,,,,,
4083,,*medium scotland calender,6,£0.69,,,,,,
4084,,*med cupcakes baking calender,6,£0.69,,,,,,
4085,,*med photo flowers calender,6,£0.69,,,,,,
4088,,*slim diary on header card,6,£0.49,,,,,,
4089,,*silm photo favourites calender,6,£0.69,,,,,,
4095,,*xmas med blue gift bag trees,12,£0.29,,,,,,
4098,,*xmas 3 mixed size gift bag,12,£0.69,,,,,,
4099,,*xmas pack 3 bottle bags,12,£0.49,,,,,,
4148,,*xmas puppy photo bottle bag,6,£0.29,,,,,,
4150,,*box of choc/champagne/gold string and bows,8,£0.49,,,,,,
4154,,*12 gift tag joy/noel/tree/ball,12,£0.19,,,,,,
4156,,*xmas 4 sheet wrap with 4 tag,12,£0.39,,,,,,
4157,,*6 mini cracker puppy + kitten,4,£0.49,,,,,,
4158,,*xmas 6 mini cute cracker,8,£0.49,,,,,,
4159,,*santa stop here decoration,8,£0.49,,,,,,
4160,,*xmas santa letter + pouch,8,£0.49,,,,,,
4164,,*actvity M.Y.O xmas scene,6,£0.49,,,,,,
4167,,*activity stop santa sign,12,£0.49,,,,,,
4168,,*activity count down to xmas,6,£0.49,,,,,,
4171,,spiderman scribble set,3,£1.29,,,,,,
4178,,*xmas santa melamine dip plate,4,£0.69,,,,,,
4180,,*xmas santa belt sack,3,£1.19,,,,,,
4181,,*xmas adult santa hat + beard,6,£0.99,,,,,,
4184,,*xmas pet bandana,6,£0.39,,,,,,
4289,,R. Dahl fantastic mr fox book,8,£0.99,,,,,,
4292,,fish popsicle,4,£0.89,,,,,,
4293,,bling ring popsicle,4,£0.89,,,,,,
4324,,small tin box,6,£1.29,,,,,,
4325,,medium tin box,6,£1.49,,,,,,
4330,,sponge bob protector watch,6,£2.99,,,,,,
4333,,diamante false eyelashes (6)in,6,£0.99,,,,,,
4343,,*t-light holder silver or red,6,£0.39,,,,,,
4348,,scratch and colour craft set,4,£0.99,,,,,,
4349,,craftset 6 assorted activities,2,£0.99,,,,,,
4352,,watercolour paint set 18 colour in set,4,£0.99,,,,,,
4356,,bath duck12 ast colours,4,£1.19,,,,,,
4357,,*red/wht cookie cutters 10 pk,4,£0.59,,,,,,
4391,,*3 piece dog stocking,4,£0.89,,,,,,
4392,,*4 piece cat stocking,4,£0.89,,,,,,
4409,,wood pirate fairy flexi dolls,24,£1.29,,,,,,
4421,,earmuffs with fake fur lining,4,£0.99,,,,,,
4430,,laying polyresin angel rose coloured headband (12),12,£1.99,,,,,,
4432,,puzzle 3D dinosaurs,6,£0.99,,,,,,
4450,,'So on the beach' body spray(send out in 6),6,£0.59,,,,,,
4451,,shp till you drp bdy fragrance (SEND IN 6`S),6,£0.59,,,,,,
4454,,so des take me away travel set (send out in 3),6,£1.99,,,,,,
4456,,so kiss me travel set (SEND IN 3`S),3,£1.99,,,,,,
4459,,so exciting body spray (send out in 6),12,£0.59,,,,,,
4463,,so excitng cute together 2 box set (send out in 3),3,£1.99,,,,,,
4464,,so exciting 3 peice box set lip (send in 3`s),6,£2.66,,,,,,
4466,,so what ETD 20 ml spray (send out in 6),12,£1.99,,,,,,
4470,,so him max shower gel (send out in 6),12,£0.86,,,,,,
4471,,so chilled shower gel mens (send out in 6),6,£0.86,,,,,,
4473,,so brit body frangrance (send out in 6),6,£0.59,,,,,,
4474,,my love ETD 30ml spray (send out in 4),4,£2.66,,,,,,
4477,,my love ETD 50ml spray (send out in 3),6,£3.99,,,,,,
4478,,you and me body fragrance (send out in 6),12,£0.59,,,,,,
4479,,you and me 30ml EDT spray (send out in 4),4,£2.66,,,,,,
4483,,you and me ETD 50ml spray (send out in 3),6,£3.99,,,,,,
4484,,first kiss body spray (send out in 6),6,£0.59,,,,,,
4485,,first kiss ETD 30ml spray (send out in 3),3,£2.66,,,,,,
4486,,lost in love shower gel (send out in 4),4,£0.86,,,,,,
4489,,lost in love 50ml ETD spray (send out in 3),6,£3.29,,,,,,
4500,,Morgan vanilla hand lotion (12)d,12,£1.29,,,,,,
4501,,Morgan vanilla body lotion (12)d,6,£1.29,,,,,,
4503,,Chuggington liquid hand soap (12)d,6,£0.59,,,,,,
4505,,Bullyland Disney cars Dinoco Mcqueen model,6,£0.99,,,,,,
4506,,Chuggington bubble bath (12)d,6,£0.59,,,,,,
4528,,spiderman table-top bskt-ball,4,£1.89,,,,,,
4529,,spiderman ring toss,2,£1.89,,,,,,
4895,,*3/4 collarless yellow top,4,£2.69,,,,,,
4928,,chuggington wallet,8,£1.29,,,,,,
4944,,cars sports cup,4,£1.49,,,,,,
9622,,Christmas Sitting Ceramic green Angels,6,£0.89,,,,,,
9623,,Christmas Wrapped Standing green  Ceramic Angel,12,£0.29,,,,,,
9708,,Chalk (4),4,£0.59,,,,,,
"Transfer # : 31,398 To Stock Point : HYTHE - H96 - 6 On 10/12/2013  10:55:46",Stock Point : HYTHE - H96 - 6,,,,,Karen Gower,105 High Street,Hythe,Kent,CT21 5JH
1103,,Puzzle Erasers (24) D (6),24,£0.99,,,,,,
1787,,New Small Glider (48) D,48,£0.29,,,,,,
2269,,*Flitter Let It Snow,5,£3.99,,,,,,
3542,,Polyresin Keyring Owl asst in Gift Bag (24),24,£1.29,,,,,,
3559,,Plastic grabber figurines 4 assorted,8,£0.79,,,,,,
3609,,*WTP 3 way scribble book,4,£0.69,,,,,,
3612,,*Icarly multi function pen,6,£0.69,,,,,,
3642,,*Access 3x Pris Curl Ribb,4,£0.49,,,,,,
3644,,*Bags Bottle Photo Kitten,6,£0.29,,,,,,
3646,,*partyware cups 6x9 oz santa & sn,8,£0.49,,,,,,
3649,,*Partyware Plates Rnd Trad,6,£0.29,,,,,,
3653,,*tags xmas 12 double layer,12,£0.49,,,,,,
3654,,*wrap xmas foiled sheets with tags,24,£0.49,,,,,,
3729,,*xmas heart dec (singles),6,£0.49,,,,,,
3744,,4 asst luxury 30 pack incense (12),12,£1.49,,,,,,
3745,,asst 20 pack incense sticks (24),12,£0.39,,,,,,
3825,,pedicure kit flip flops (6),6,£0.99,,,,,,
3828,,icecream pen + lipgloss (24)D,24,£0.69,,,,,,
3834,,swiss measuring spoons,4,£0.99,,,,,,
3975,,Colour Adhesive Mirror (4),4,£0.49,,,,,,
3999,,Zuri boxed bodybuffer exfoliator,6,£1.29,,,,,,
4008,,unisex building blocks (singles),4,£0.99,,,,,,
4016,,*rd clear tea light holder6(D),6,£0.39,,,,,,
4078,,*slimline traditional assorted calender,6,£0.49,,,,,,
4079,,*slimline scenery calender,6,£0.49,,,,,,
4080,,*slimline pet animal calender,6,£0.49,,,,,,
4081,,*slim nature animal calender,6,£0.49,,,,,,
4082,,*slimline scotland calender,6,£0.49,,,,,,
4083,,*medium scotland calender,6,£0.69,,,,,,
4084,,*med cupcakes baking calender,6,£0.69,,,,,,
4085,,*med photo flowers calender,6,£0.69,,,,,,
4088,,*slim diary on header card,6,£0.49,,,,,,
4089,,*silm photo favourites calender,6,£0.69,,,,,,
4095,,*xmas med blue gift bag trees,12,£0.29,,,,,,
4098,,*xmas 3 mixed size gift bag,12,£0.69,,,,,,
4099,,*xmas pack 3 bottle bags,12,£0.49,,,,,,
4148,,*xmas puppy photo bottle bag,6,£0.29,,,,,,
4150,,*box of choc/champagne/gold string and bows,8,£0.49,,,,,,
4154,,*12 gift tag joy/noel/tree/ball,12,£0.19,,,,,,
4156,,*xmas 4 sheet wrap with 4 tag,12,£0.39,,,,,,
4157,,*6 mini cracker puppy + kitten,8,£0.49,,,,,,
4158,,*xmas 6 mini cute cracker,12,£0.49,,,,,,
4159,,*santa stop here decoration,8,£0.49,,,,,,
4160,,*xmas santa letter + pouch,8,£0.49,,,,,,
4164,,*actvity M.Y.O xmas scene,6,£0.49,,,,,,
4167,,*activity stop santa sign,4,£0.49,,,,,,
4168,,*activity count down to xmas,6,£0.49,,,,,,
4171,,spiderman scribble set,4,£1.29,,,,,,
4176,,cars 3 stamper set,2,£1.29,,,,,,
4178,,*xmas santa melamine dip plate,4,£0.69,,,,,,
4180,,*xmas santa belt sack,3,£1.19,,,,,,
4181,,*xmas adult santa hat + beard,6,£0.99,,,,,,
4184,,*xmas pet bandana,6,£0.39,,,,,,
4289,,R. Dahl fantastic mr fox book,8,£0.99,,,,,,
4324,,small tin box,6,£1.29,,,,,,
4325,,medium tin box,6,£1.49,,,,,,
4330,,sponge bob protector watch,6,£2.99,,,,,,
4333,,diamante false eyelashes (6)in,6,£0.99,,,,,,
4343,,*t-light holder silver or red,6,£0.39,,,,,,
4348,,scratch and colour craft set,4,£0.99,,,,,,
4391,,*3 piece dog stocking,4,£0.89,,,,,,
4392,,*4 piece cat stocking,4,£0.89,,,,,,
4421,,earmuffs with fake fur lining,4,£0.99,,,,,,
4431,,pack 6 felt tip pens,4,£0.59,,,,,,
4434,,treasure kit 9 assorted,6,£0.99,,,,,,
4442,,magic tricks 4 assorted,2,£1.19,,,,,,
4450,,'So on the beach' body spray(send out in 6),6,£0.59,,,,,,
4451,,shp till you drp bdy fragrance (SEND IN 6`S),6,£0.59,,,,,,
4454,,so des take me away travel set (send out in 3),6,£1.99,,,,,,
4456,,so kiss me travel set (SEND IN 3`S),6,£1.99,,,,,,
4459,,so exciting body spray (send out in 6),12,£0.59,,,,,,
4460,,so exciting ETD 30 ml spray (send out in 3),3,£2.66,,,,,,
4463,,so excitng cute together 2 box set (send out in 3),3,£1.99,,,,,,
4464,,so exciting 3 peice box set lip (send in 3`s),6,£2.66,,,,,,
4466,,so what ETD 20 ml spray (send out in 6),12,£1.99,,,,,,
4470,,so him max shower gel (send out in 6),12,£0.86,,,,,,
4471,,so chilled shower gel mens (send out in 6),6,£0.86,,,,,,
4473,,so brit body frangrance (send out in 6),6,£0.59,,,,,,
4474,,my love ETD 30ml spray (send out in 4),4,£2.66,,,,,,
4477,,my love ETD 50ml spray (send out in 3),6,£3.99,,,,,,
4478,,you and me body fragrance (send out in 6),12,£0.59,,,,,,
4479,,you and me 30ml EDT spray (send out in 4),4,£2.66,,,,,,
4483,,you and me ETD 50ml spray (send out in 3),6,£3.99,,,,,,
4484,,first kiss body spray (send out in 6),6,£0.59,,,,,,
4485,,first kiss ETD 30ml spray (send out in 3),3,£2.66,,,,,,
4489,,lost in love 50ml ETD spray (send out in 3),6,£3.29,,,,,,
4495,,Chugginton bath+ shower gel (12)d,6,£0.59,,,,,,
4500,,Morgan vanilla hand lotion (12)d,12,£1.29,,,,,,
4501,,Morgan vanilla body lotion (12)d,6,£1.29,,,,,,
4506,,Chuggington bubble bath (12)d,6,£0.59,,,,,,
4527,,spiderman wall clock,4,£2.99,,,,,,
4528,,spiderman table-top bskt-ball,2,£1.89,,,,,,
4529,,spiderman ring toss,2,£1.89,,,,,,
4948,,minnie mini backpack,1,£3.99,,,,,,
9622,,Christmas Sitting Ceramic green Angels,6,£0.89,,,,,,
9623,,Christmas Wrapped Standing green  Ceramic Angel,12,£0.29,,,,,,
9708,,Chalk (4),4,£0.59,,,,,,
"Transfer # : 31,399 To Stock Point : NEWCASTLE - N27 - 6 On 10/12/2013  10:55:48",Stock Point : NEWCASTLE - N27 - 6,,,,,Adam Kaluza,20 Nun Street,Newcastle/Tyne,England,NE1 5AQ
1007,,Asst Colour Ladies Handbag,3,£5.99,,,,,,
1103,,Puzzle Erasers (24) D (6),24,£0.99,,,,,,
1365,,clear glass sweet jar(12)D,12,£0.99,,,,,,
1787,,New Small Glider (48) D,48,£0.29,,,,,,
2269,,*Flitter Let It Snow,5,£3.99,,,,,,
3370,,*Silver Pack of 4 Beaded Coaster (12),6,£0.79,,,,,,
3542,,Polyresin Keyring Owl asst in Gift Bag (24),24,£1.29,,,,,,
3549,,Polyresin Baby in Basket 8x8cm 3 ass. (3)d,3,£0.99,,,,,,
3559,,Plastic grabber figurines 4 assorted,8,£0.79,,,,,,
3609,,*WTP 3 way scribble book,4,£0.69,,,,,,
3642,,*Access 3x Pris Curl Ribb,4,£0.49,,,,,,
3644,,*Bags Bottle Photo Kitten,6,£0.29,,,,,,
3646,,*partyware cups 6x9 oz santa & sn,8,£0.49,,,,,,
3649,,*Partyware Plates Rnd Trad,20,£0.29,,,,,,
3653,,*tags xmas 12 double layer,4,£0.49,,,,,,
3654,,*wrap xmas foiled sheets with tags,24,£0.49,,,,,,
3729,,*xmas heart dec (singles),12,£0.49,,,,,,
3744,,4 asst luxury 30 pack incense (12),12,£1.49,,,,,,
3745,,asst 20 pack incense sticks (24),12,£0.39,,,,,,
3828,,icecream pen + lipgloss (24)D,24,£0.69,,,,,,
3834,,swiss measuring spoons,2,£0.99,,,,,,
3999,,Zuri boxed bodybuffer exfoliator,6,£1.29,,,,,,
4015,,*square glass tea light holder(6) D,12,£0.39,,,,,,
4016,,*rd clear tea light holder6(D),6,£0.39,,,,,,
4078,,*slimline traditional assorted calender,8,£0.49,,,,,,
4079,,*slimline scenery calender,6,£0.49,,,,,,
4080,,*slimline pet animal calender,6,£0.49,,,,,,
4081,,*slim nature animal calender,6,£0.49,,,,,,
4082,,*slimline scotland calender,6,£0.49,,,,,,
4083,,*medium scotland calender,6,£0.69,,,,,,
4084,,*med cupcakes baking calender,6,£0.69,,,,,,
4085,,*med photo flowers calender,6,£0.69,,,,,,
4088,,*slim diary on header card,6,£0.49,,,,,,
4089,,*silm photo favourites calender,6,£0.69,,,,,,
4095,,*xmas med blue gift bag trees,12,£0.29,,,,,,
4098,,*xmas 3 mixed size gift bag,12,£0.69,,,,,,
4099,,*xmas pack 3 bottle bags,12,£0.49,,,,,,
4148,,*xmas puppy photo bottle bag,8,£0.29,,,,,,
4150,,*box of choc/champagne/gold string and bows,8,£0.49,,,,,,
4154,,*12 gift tag joy/noel/tree/ball,12,£0.19,,,,,,
4156,,*xmas 4 sheet wrap with 4 tag,12,£0.39,,,,,,
4157,,*6 mini cracker puppy + kitten,12,£0.49,,,,,,
4158,,*xmas 6 mini cute cracker,4,£0.49,,,,,,
4159,,*santa stop here decoration,8,£0.49,,,,,,
4160,,*xmas santa letter + pouch,8,£0.49,,,,,,
4164,,*actvity M.Y.O xmas scene,6,£0.49,,,,,,
4167,,*activity stop santa sign,4,£0.49,,,,,,
4168,,*activity count down to xmas,6,£0.49,,,,,,
4178,,*xmas santa melamine dip plate,4,£0.69,,,,,,
4180,,*xmas santa belt sack,3,£1.19,,,,,,
4181,,*xmas adult santa hat + beard,6,£0.99,,,,,,
4184,,*xmas pet bandana,6,£0.39,,,,,,
4289,,R. Dahl fantastic mr fox book,8,£0.99,,,,,,
4324,,small tin box,6,£1.29,,,,,,
4325,,medium tin box,6,£1.49,,,,,,
4330,,sponge bob protector watch,6,£2.99,,,,,,
4333,,diamante false eyelashes (6)in,6,£0.99,,,,,,
4343,,*t-light holder silver or red,6,£0.39,,,,,,
4348,,scratch and colour craft set,4,£0.99,,,,,,
4352,,watercolour paint set 18 colour in set,4,£0.99,,,,,,
4391,,*3 piece dog stocking,4,£0.89,,,,,,
4392,,*4 piece cat stocking,4,£0.89,,,,,,
4409,,wood pirate fairy flexi dolls,4,£1.29,,,,,,
4416,,mini pug dog ornament (12)d,12,£0.79,,,,,,
4423,,polyresin buddha on display (12)in,12,£1.29,,,,,,
4432,,puzzle 3D dinosaurs,4,£0.99,,,,,,
4450,,'So on the beach' body spray(send out in 6),6,£0.59,,,,,,
4451,,shp till you drp bdy fragrance (SEND IN 6`S),6,£0.59,,,,,,
4454,,so des take me away travel set (send out in 3),6,£1.99,,,,,,
4456,,so kiss me travel set (SEND IN 3`S),6,£1.99,,,,,,
4459,,so exciting body spray (send out in 6),12,£0.59,,,,,,
4463,,so excitng cute together 2 box set (send out in 3),3,£1.99,,,,,,
4464,,so exciting 3 peice box set lip (send in 3`s),6,£2.66,,,,,,
4466,,so what ETD 20 ml spray (send out in 6),12,£1.99,,,,,,
4470,,so him max shower gel (send out in 6),12,£0.86,,,,,,
4471,,so chilled shower gel mens (send out in 6),6,£0.86,,,,,,
4473,,so brit body frangrance (send out in 6),6,£0.59,,,,,,
4474,,my love ETD 30ml spray (send out in 4),4,£2.66,,,,,,
4477,,my love ETD 50ml spray (send out in 3),6,£3.99,,,,,,
4478,,you and me body fragrance (send out in 6),12,£0.59,,,,,,
4479,,you and me 30ml EDT spray (send out in 4),4,£2.66,,,,,,
4483,,you and me ETD 50ml spray (send out in 3),6,£3.99,,,,,,
4484,,first kiss body spray (send out in 6),6,£0.59,,,,,,
4485,,first kiss ETD 30ml spray (send out in 3),3,£2.66,,,,,,
4489,,lost in love 50ml ETD spray (send out in 3),6,£3.29,,,,,,
4493,,Star Wars ballpoint pen (24)d,12,£0.39,,,,,,
4494,,Miffy mechanical pencil (40)d,12,£0.39,,,,,,
4496,,Lee Stafford pink 50ml edt (6),6,£3.99,,,,,,
4500,,Morgan vanilla hand lotion (12)d,12,£1.29,,,,,,
4501,,Morgan vanilla body lotion (12)d,6,£1.29,,,,,,
4505,,Bullyland Disney cars Dinoco Mcqueen model,6,£0.99,,,,,,
4506,,Chuggington bubble bath (12)d,6,£0.59,,,,,,
4527,,spiderman wall clock,2,£2.99,,,,,,
4528,,spiderman table-top bskt-ball,4,£1.89,,,,,,
4529,,spiderman ring toss,4,£1.89,,,,,,
4922,,go go puzzle notebook,2,£0.99,,,,,,
4923,,Go Go creator Pack,2,£0.99,,,,,,
9622,,Christmas Sitting Ceramic green Angels,12,£0.89,,,,,,
9623,,Christmas Wrapped Standing green  Ceramic Angel,12,£0.29,,,,,,
9708,,Chalk (4),4,£0.59,,,,,,
"Transfer # : 31,400 To Stock Point : ALDERSHOT - A09 - N - 5 On 10/12/2013  10:55:49",Stock Point : ALDERSHOT - A09 - N - 5,,,,,Mike,28 Union Street,Aldershot,England,GU11 1EW
2269,,*Flitter Let It Snow,5,£3.99,,,,,,
3414,,Tartan flittered parading owls2013,10,£3.99,,,,,,
3542,,Polyresin Keyring Owl asst in Gift Bag (24),24,£1.29,,,,,,
3642,,*Access 3x Pris Curl Ribb,4,£0.49,,,,,,
3644,,*Bags Bottle Photo Kitten,6,£0.29,,,,,,
3646,,*partyware cups 6x9 oz santa & sn,8,£0.49,,,,,,
3649,,*Partyware Plates Rnd Trad,6,£0.29,,,,,,
3653,,*tags xmas 12 double layer,4,£0.49,,,,,,
3654,,*wrap xmas foiled sheets with tags,24,£0.49,,,,,,
3729,,*xmas heart dec (singles),6,£0.49,,,,,,
3744,,4 asst luxury 30 pack incense (12),12,£1.49,,,,,,
3745,,asst 20 pack incense sticks (24),12,£0.39,,,,,,
3834,,swiss measuring spoons,4,£0.99,,,,,,
3985,,Rose Napkin Holder (4),1,£0.99,,,,,,
3999,,Zuri boxed bodybuffer exfoliator,6,£1.29,,,,,,
4016,,*rd clear tea light holder6(D),6,£0.39,,,,,,
4078,,*slimline traditional assorted calender,4,£0.49,,,,,,
4079,,*slimline scenery calender,4,£0.49,,,,,,
4080,,*slimline pet animal calender,4,£0.49,,,,,,
4081,,*slim nature animal calender,4,£0.49,,,,,,
4082,,*slimline scotland calender,4,£0.49,,,,,,
4083,,*medium scotland calender,4,£0.69,,,,,,
4084,,*med cupcakes baking calender,4,£0.69,,,,,,
4085,,*med photo flowers calender,4,£0.69,,,,,,
4088,,*slim diary on header card,4,£0.49,,,,,,
4089,,*silm photo favourites calender,4,£0.69,,,,,,
4095,,*xmas med blue gift bag trees,12,£0.29,,,,,,
4098,,*xmas 3 mixed size gift bag,12,£0.69,,,,,,
4099,,*xmas pack 3 bottle bags,12,£0.49,,,,,,
4148,,*xmas puppy photo bottle bag,6,£0.29,,,,,,
4150,,*box of choc/champagne/gold string and bows,8,£0.49,,,,,,
4154,,*12 gift tag joy/noel/tree/ball,12,£0.19,,,,,,
4156,,*xmas 4 sheet wrap with 4 tag,12,£0.39,,,,,,
4157,,*6 mini cracker puppy + kitten,12,£0.49,,,,,,
4158,,*xmas 6 mini cute cracker,4,£0.49,,,,,,
4159,,*santa stop here decoration,8,£0.49,,,,,,
4160,,*xmas santa letter + pouch,8,£0.49,,,,,,
4164,,*actvity M.Y.O xmas scene,4,£0.49,,,,,,
4167,,*activity stop santa sign,4,£0.49,,,,,,
4168,,*activity count down to xmas,4,£0.49,,,,,,
4178,,*xmas santa melamine dip plate,2,£0.69,,,,,,
4180,,*xmas santa belt sack,2,£1.19,,,,,,
4181,,*xmas adult santa hat + beard,6,£0.99,,,,,,
4184,,*xmas pet bandana,6,£0.39,,,,,,
4324,,small tin box,4,£1.29,,,,,,
4325,,medium tin box,4,£1.49,,,,,,
4330,,sponge bob protector watch,4,£2.99,,,,,,
4333,,diamante false eyelashes (6)in,6,£0.99,,,,,,
4343,,*t-light holder silver or red,6,£0.39,,,,,,
4450,,'So on the beach' body spray(send out in 6),6,£0.59,,,,,,
4451,,shp till you drp bdy fragrance (SEND IN 6`S),6,£0.59,,,,,,
4463,,so excitng cute together 2 box set (send out in 3),3,£1.99,,,,,,
4464,,so exciting 3 peice box set lip (send in 3`s),3,£2.66,,,,,,
4473,,so brit body frangrance (send out in 6),6,£0.59,,,,,,
4474,,my love ETD 30ml spray (send out in 4),4,£2.66,,,,,,
4483,,you and me ETD 50ml spray (send out in 3),3,£3.99,,,,,,
4484,,first kiss body spray (send out in 6),3,£0.59,,,,,,
4486,,lost in love shower gel (send out in 4),4,£0.86,,,,,,
4503,,Chuggington liquid hand soap (12)d,4,£0.59,,,,,,
4506,,Chuggington bubble bath (12)d,4,£0.59,,,,,,
9622,,Christmas Sitting Ceramic green Angels,6,£0.89,,,,,,
9623,,Christmas Wrapped Standing green  Ceramic Angel,12,£0.29,,,,,,
"Transfer # : 31,401 To Stock Point : CROSS GATES - C81 - 5 On 10/12/2013  10:55:51",Stock Point : CROSS GATES - C81 - 5,,,,,The Manager,"Unit 2, Crossgates Shopping Centre",Crossgates,,LS15 8DX
1103,,Puzzle Erasers (24) D (6),24,£0.99,,,,,,
1787,,New Small Glider (48) D,48,£0.29,,,,,,
2269,,*Flitter Let It Snow,5,£3.99,,,,,,
3542,,Polyresin Keyring Owl asst in Gift Bag (24),24,£1.29,,,,,,
3559,,Plastic grabber figurines 4 assorted,8,£0.79,,,,,,
3609,,*WTP 3 way scribble book,4,£0.69,,,,,,
3612,,*Icarly multi function pen,4,£0.69,,,,,,
3642,,*Access 3x Pris Curl Ribb,4,£0.49,,,,,,
3644,,*Bags Bottle Photo Kitten,6,£0.29,,,,,,
3646,,*partyware cups 6x9 oz santa & sn,8,£0.49,,,,,,
3649,,*Partyware Plates Rnd Trad,6,£0.29,,,,,,
3653,,*tags xmas 12 double layer,12,£0.49,,,,,,
3654,,*wrap xmas foiled sheets with tags,24,£0.49,,,,,,
3729,,*xmas heart dec (singles),6,£0.49,,,,,,
3741,,wooden incense box 10 incense (singles),4,£1.49,,,,,,
3744,,4 asst luxury 30 pack incense (12),12,£1.49,,,,,,
3745,,asst 20 pack incense sticks (24),12,£0.39,,,,,,
3828,,icecream pen + lipgloss (24)D,24,£0.69,,,,,,
3999,,Zuri boxed bodybuffer exfoliator,6,£1.29,,,,,,
4016,,*rd clear tea light holder6(D),6,£0.39,,,,,,
4065,,*gold pack 4 beaded coaster (12),6,£0.79,,,,,,
4078,,*slimline traditional assorted calender,6,£0.49,,,,,,
4079,,*slimline scenery calender,6,£0.49,,,,,,
4080,,*slimline pet animal calender,6,£0.49,,,,,,
4081,,*slim nature animal calender,6,£0.49,,,,,,
4082,,*slimline scotland calender,6,£0.49,,,,,,
4083,,*medium scotland calender,6,£0.69,,,,,,
4084,,*med cupcakes baking calender,6,£0.69,,,,,,
4085,,*med photo flowers calender,6,£0.69,,,,,,
4088,,*slim diary on header card,6,£0.49,,,,,,
4089,,*silm photo favourites calender,6,£0.69,,,,,,
4095,,*xmas med blue gift bag trees,12,£0.29,,,,,,
4098,,*xmas 3 mixed size gift bag,12,£0.69,,,,,,
4099,,*xmas pack 3 bottle bags,12,£0.49,,,,,,
4148,,*xmas puppy photo bottle bag,14,£0.29,,,,,,
4150,,*box of choc/champagne/gold string and bows,8,£0.49,,,,,,
4154,,*12 gift tag joy/noel/tree/ball,12,£0.19,,,,,,
4156,,*xmas 4 sheet wrap with 4 tag,12,£0.39,,,,,,
4157,,*6 mini cracker puppy + kitten,4,£0.49,,,,,,
4158,,*xmas 6 mini cute cracker,4,£0.49,,,,,,
4159,,*santa stop here decoration,8,£0.49,,,,,,
4160,,*xmas santa letter + pouch,8,£0.49,,,,,,
4164,,*actvity M.Y.O xmas scene,6,£0.49,,,,,,
4167,,*activity stop santa sign,4,£0.49,,,,,,
4168,,*activity count down to xmas,6,£0.49,,,,,,
4178,,*xmas santa melamine dip plate,4,£0.69,,,,,,
4180,,*xmas santa belt sack,2,£1.19,,,,,,
4181,,*xmas adult santa hat + beard,6,£0.99,,,,,,
4184,,*xmas pet bandana,6,£0.39,,,,,,
4289,,R. Dahl fantastic mr fox book,8,£0.99,,,,,,
4324,,small tin box,6,£1.29,,,,,,
4325,,medium tin box,6,£1.49,,,,,,
4330,,sponge bob protector watch,6,£2.99,,,,,,
4333,,diamante false eyelashes (6)in,6,£0.99,,,,,,
4343,,*t-light holder silver or red,6,£0.39,,,,,,
4348,,scratch and colour craft set,4,£0.99,,,,,,
4349,,craftset 6 assorted activities,2,£0.99,,,,,,
4351,,bag of marbles galaxy theme 6 ast  colours,4,£0.99,,,,,,
4358,,glass jar 3 ast colours 12cm,6,£0.99,,,,,,
4391,,*3 piece dog stocking,4,£0.89,,,,,,
4392,,*4 piece cat stocking,4,£0.89,,,,,,
4434,,treasure kit 9 assorted,12,£0.99,,,,,,
4435,,pom pom 2 pc pink/purple,4,£1.19,,,,,,
4450,,'So on the beach' body spray(send out in 6),6,£0.59,,,,,,
4451,,shp till you drp bdy fragrance (SEND IN 6`S),6,£0.59,,,,,,
4454,,so des take me away travel set (send out in 3),6,£1.99,,,,,,
4456,,so kiss me travel set (SEND IN 3`S),6,£1.99,,,,,,
4459,,so exciting body spray (send out in 6),12,£0.59,,,,,,
4463,,so excitng cute together 2 box set (send out in 3),3,£1.99,,,,,,
4464,,so exciting 3 peice box set lip (send in 3`s),6,£2.66,,,,,,
4466,,so what ETD 20 ml spray (send out in 6),12,£1.99,,,,,,
4470,,so him max shower gel (send out in 6),12,£0.86,,,,,,
4471,,so chilled shower gel mens (send out in 6),6,£0.86,,,,,,
4473,,so brit body frangrance (send out in 6),6,£0.59,,,,,,
4474,,my love ETD 30ml spray (send out in 4),4,£2.66,,,,,,
4477,,my love ETD 50ml spray (send out in 3),6,£3.99,,,,,,
4478,,you and me body fragrance (send out in 6),12,£0.59,,,,,,
4479,,you and me 30ml EDT spray (send out in 4),4,£2.66,,,,,,
4483,,you and me ETD 50ml spray (send out in 3),6,£3.99,,,,,,
4484,,first kiss body spray (send out in 6),6,£0.59,,,,,,
4485,,first kiss ETD 30ml spray (send out in 3),3,£2.66,,,,,,
4489,,lost in love 50ml ETD spray (send out in 3),6,£3.29,,,,,,
4500,,Morgan vanilla hand lotion (12)d,12,£1.29,,,,,,
4501,,Morgan vanilla body lotion (12)d,6,£1.29,,,,,,
4527,,spiderman wall clock,4,£2.99,,,,,,
4528,,spiderman table-top bskt-ball,4,£1.89,,,,,,
4571,,mens honey leathr timberland,8,£14.99,,,,,,
4894,,*3/4 collarless red top,1,£2.69,,,,,,
4922,,go go puzzle notebook,6,£0.99,,,,,,
4923,,Go Go creator Pack,12,£0.99,,,,,,
9622,,Christmas Sitting Ceramic green Angels,6,£0.89,,,,,,
9623,,Christmas Wrapped Standing green  Ceramic Angel,12,£0.29,,,,,,
"Transfer # : 31,402 To Stock Point : ELGIN - E59 - 5 On 10/12/2013  10:55:56",Stock Point : ELGIN - E59 - 5,,,,,Lorna Jack,85 High Street,Elgin,Morayshire,IV30 1EA
2269,,*Flitter Let It Snow,5,£3.99,,,,,,
3414,,Tartan flittered parading owls2013,8,£3.99,,,,,,
3542,,Polyresin Keyring Owl asst in Gift Bag (24),24,£1.29,,,,,,
3559,,Plastic grabber figurines 4 assorted,8,£0.79,,,,,,
3609,,*WTP 3 way scribble book,4,£0.69,,,,,,
3642,,*Access 3x Pris Curl Ribb,4,£0.49,,,,,,
3644,,*Bags Bottle Photo Kitten,6,£0.29,,,,,,
3646,,*partyware cups 6x9 oz santa & sn,8,£0.49,,,,,,
3649,,*Partyware Plates Rnd Trad,6,£0.29,,,,,,
3653,,*tags xmas 12 double layer,4,£0.49,,,,,,
3654,,*wrap xmas foiled sheets with tags,24,£0.49,,,,,,
3729,,*xmas heart dec (singles),6,£0.49,,,,,,
3741,,wooden incense box 10 incense (singles),4,£1.49,,,,,,
3744,,4 asst luxury 30 pack incense (12),12,£1.49,,,,,,
3745,,asst 20 pack incense sticks (24),12,£0.39,,,,,,
3828,,icecream pen + lipgloss (24)D,24,£0.69,,,,,,
3838,,chain strap shoulder bag with flap clasp,1,£5.99,,,,,,
3842,,asst colour clutch bag,1,£2.99,,,,,,
3999,,Zuri boxed bodybuffer exfoliator,6,£1.29,,,,,,
4016,,*rd clear tea light holder6(D),6,£0.39,,,,,,
4078,,*slimline traditional assorted calender,6,£0.49,,,,,,
4079,,*slimline scenery calender,6,£0.49,,,,,,
4080,,*slimline pet animal calender,6,£0.49,,,,,,
4081,,*slim nature animal calender,6,£0.49,,,,,,
4082,,*slimline scotland calender,6,£0.49,,,,,,
4083,,*medium scotland calender,6,£0.69,,,,,,
4084,,*med cupcakes baking calender,6,£0.69,,,,,,
4085,,*med photo flowers calender,6,£0.69,,,,,,
4088,,*slim diary on header card,6,£0.49,,,,,,
4089,,*silm photo favourites calender,6,£0.69,,,,,,
4095,,*xmas med blue gift bag trees,12,£0.29,,,,,,
4098,,*xmas 3 mixed size gift bag,12,£0.69,,,,,,
4099,,*xmas pack 3 bottle bags,12,£0.49,,,,,,
4148,,*xmas puppy photo bottle bag,6,£0.29,,,,,,
4150,,*box of choc/champagne/gold string and bows,8,£0.49,,,,,,
4154,,*12 gift tag joy/noel/tree/ball,12,£0.19,,,,,,
4156,,*xmas 4 sheet wrap with 4 tag,12,£0.39,,,,,,
4157,,*6 mini cracker puppy + kitten,4,£0.49,,,,,,
4158,,*xmas 6 mini cute cracker,4,£0.49,,,,,,
4159,,*santa stop here decoration,8,£0.49,,,,,,
4160,,*xmas santa letter + pouch,8,£0.49,,,,,,
4164,,*actvity M.Y.O xmas scene,6,£0.49,,,,,,
4167,,*activity stop santa sign,4,£0.49,,,,,,
4168,,*activity count down to xmas,6,£0.49,,,,,,
4178,,*xmas santa melamine dip plate,4,£0.69,,,,,,
4180,,*xmas santa belt sack,2,£1.19,,,,,,
4181,,*xmas adult santa hat + beard,6,£0.99,,,,,,
4184,,*xmas pet bandana,6,£0.39,,,,,,
4289,,R. Dahl fantastic mr fox book,8,£0.99,,,,,,
4324,,small tin box,6,£1.29,,,,,,
4325,,medium tin box,6,£1.49,,,,,,
4327,,*oval meat platter,2,£1.49,,,,,,
4330,,sponge bob protector watch,6,£2.99,,,,,,
4333,,diamante false eyelashes (6)in,6,£0.99,,,,,,
4343,,*t-light holder silver or red,6,£0.39,,,,,,
4348,,scratch and colour craft set,4,£0.99,,,,,,
4350,,dot-dot 3D craftset 5 pieces PP,2,£1.19,,,,,,
4391,,*3 piece dog stocking,4,£0.89,,,,,,
4392,,*4 piece cat stocking,4,£0.89,,,,,,
4421,,earmuffs with fake fur lining,2,£0.99,,,,,,
4450,,'So on the beach' body spray(send out in 6),6,£0.59,,,,,,
4451,,shp till you drp bdy fragrance (SEND IN 6`S),6,£0.59,,,,,,
4454,,so des take me away travel set (send out in 3),6,£1.99,,,,,,
4456,,so kiss me travel set (SEND IN 3`S),3,£1.99,,,,,,
4459,,so exciting body spray (send out in 6),12,£0.59,,,,,,
4463,,so excitng cute together 2 box set (send out in 3),3,£1.99,,,,,,
4464,,so exciting 3 peice box set lip (send in 3`s),6,£2.66,,,,,,
4466,,so what ETD 20 ml spray (send out in 6),12,£1.99,,,,,,
4470,,so him max shower gel (send out in 6),12,£0.86,,,,,,
4471,,so chilled shower gel mens (send out in 6),12,£0.86,,,,,,
4473,,so brit body frangrance (send out in 6),6,£0.59,,,,,,
4474,,my love ETD 30ml spray (send out in 4),4,£2.66,,,,,,
4477,,my love ETD 50ml spray (send out in 3),6,£3.99,,,,,,
4478,,you and me body fragrance (send out in 6),12,£0.59,,,,,,
4479,,you and me 30ml EDT spray (send out in 4),4,£2.66,,,,,,
4483,,you and me ETD 50ml spray (send out in 3),6,£3.99,,,,,,
4484,,first kiss body spray (send out in 6),6,£0.59,,,,,,
4485,,first kiss ETD 30ml spray (send out in 3),3,£2.66,,,,,,
4489,,lost in love 50ml ETD spray (send out in 3),6,£3.29,,,,,,
4500,,Morgan vanilla hand lotion (12)d,12,£1.29,,,,,,
4501,,Morgan vanilla body lotion (12)d,6,£1.29,,,,,,
4923,,Go Go creator Pack,2,£0.99,,,,,,
9622,,Christmas Sitting Ceramic green Angels,6,£0.89,,,,,,
9623,,Christmas Wrapped Standing green  Ceramic Angel,12,£0.29,,,,,,
"Transfer # : 31,403 To Stock Point : GLASGOW (CLARK) - G42 - 5 On 10/12/2013  10:56:00",Stock Point : GLASGOW (CLARK) - G42 - 5,,,,,The Manager,"Unit 19, 21 The Toll, Busby Rd ",Clarkston ,Glasgow,G76 7BG
1103,,Puzzle Erasers (24) D (6),24,£0.99,,,,,,
1787,,New Small Glider (48) D,48,£0.29,,,,,,
2269,,*Flitter Let It Snow,5,£3.99,,,,,,
3370,,*Silver Pack of 4 Beaded Coaster (12),6,£0.79,,,,,,
3414,,Tartan flittered parading owls2013,4,£3.99,,,,,,
3542,,Polyresin Keyring Owl asst in Gift Bag (24),24,£1.29,,,,,,
3559,,Plastic grabber figurines 4 assorted,8,£0.79,,,,,,
3607,,cars clipboard activity set,2,£1.69,,,,,,
3609,,*WTP 3 way scribble book,4,£0.69,,,,,,
3642,,*Access 3x Pris Curl Ribb,4,£0.49,,,,,,
3644,,*Bags Bottle Photo Kitten,6,£0.29,,,,,,
3646,,*partyware cups 6x9 oz santa & sn,8,£0.49,,,,,,
3649,,*Partyware Plates Rnd Trad,6,£0.29,,,,,,
3653,,*tags xmas 12 double layer,4,£0.49,,,,,,
3654,,*wrap xmas foiled sheets with tags,24,£0.49,,,,,,
3729,,*xmas heart dec (singles),6,£0.49,,,,,,
3733,,gilt floral heart wall hanger (singles),4,£1.49,,,,,,
3744,,4 asst luxury 30 pack incense (12),12,£1.49,,,,,,
3745,,asst 20 pack incense sticks (24),12,£0.39,,,,,,
3828,,icecream pen + lipgloss (24)D,24,£0.69,,,,,,
3952,,Ben 10 Glider (24) D,12,£0.29,,,,,,
3999,,Zuri boxed bodybuffer exfoliator,6,£1.29,,,,,,
4016,,*rd clear tea light holder6(D),6,£0.39,,,,,,
4078,,*slimline traditional assorted calender,6,£0.49,,,,,,
4079,,*slimline scenery calender,6,£0.49,,,,,,
4080,,*slimline pet animal calender,6,£0.49,,,,,,
4081,,*slim nature animal calender,10,£0.49,,,,,,
4082,,*slimline scotland calender,6,£0.49,,,,,,
4083,,*medium scotland calender,6,£0.69,,,,,,
4084,,*med cupcakes baking calender,6,£0.69,,,,,,
4085,,*med photo flowers calender,6,£0.69,,,,,,
4088,,*slim diary on header card,6,£0.49,,,,,,
4089,,*silm photo favourites calender,6,£0.69,,,,,,
4095,,*xmas med blue gift bag trees,12,£0.29,,,,,,
4098,,*xmas 3 mixed size gift bag,12,£0.69,,,,,,
4099,,*xmas pack 3 bottle bags,12,£0.49,,,,,,
4148,,*xmas puppy photo bottle bag,6,£0.29,,,,,,
4150,,*box of choc/champagne/gold string and bows,8,£0.49,,,,,,
4154,,*12 gift tag joy/noel/tree/ball,12,£0.19,,,,,,
4156,,*xmas 4 sheet wrap with 4 tag,12,£0.39,,,,,,
4157,,*6 mini cracker puppy + kitten,4,£0.49,,,,,,
4158,,*xmas 6 mini cute cracker,4,£0.49,,,,,,
4159,,*santa stop here decoration,8,£0.49,,,,,,
4160,,*xmas santa letter + pouch,8,£0.49,,,,,,
4164,,*actvity M.Y.O xmas scene,6,£0.49,,,,,,
4167,,*activity stop santa sign,4,£0.49,,,,,,
4168,,*activity count down to xmas,6,£0.49,,,,,,
4176,,cars 3 stamper set,4,£1.29,,,,,,
4178,,*xmas santa melamine dip plate,4,£0.69,,,,,,
4180,,*xmas santa belt sack,2,£1.19,,,,,,
4181,,*xmas adult santa hat + beard,6,£0.99,,,,,,
4184,,*xmas pet bandana,14,£0.39,,,,,,
4288,,morph magnets,4,£1.29,,,,,,
4289,,R. Dahl fantastic mr fox book,8,£0.99,,,,,,
4292,,fish popsicle,4,£0.89,,,,,,
4293,,bling ring popsicle,4,£0.89,,,,,,
4324,,small tin box,6,£1.29,,,,,,
4325,,medium tin box,6,£1.49,,,,,,
4330,,sponge bob protector watch,6,£2.99,,,,,,
4333,,diamante false eyelashes (6)in,6,£0.99,,,,,,
4343,,*t-light holder silver or red,6,£0.39,,,,,,
4348,,scratch and colour craft set,12,£0.99,,,,,,
4357,,*red/wht cookie cutters 10 pk,2,£0.59,,,,,,
4391,,*3 piece dog stocking,4,£0.89,,,,,,
4392,,*4 piece cat stocking,4,£0.89,,,,,,
4400,,moveable plastic snake,3,£0.99,,,,,,
4432,,puzzle 3D dinosaurs,2,£0.99,,,,,,
4442,,magic tricks 4 assorted,4,£1.19,,,,,,
4450,,'So on the beach' body spray(send out in 6),6,£0.59,,,,,,
4451,,shp till you drp bdy fragrance (SEND IN 6`S),6,£0.59,,,,,,
4454,,so des take me away travel set (send out in 3),6,£1.99,,,,,,
4456,,so kiss me travel set (SEND IN 3`S),3,£1.99,,,,,,
4459,,so exciting body spray (send out in 6),12,£0.59,,,,,,
4463,,so excitng cute together 2 box set (send out in 3),3,£1.99,,,,,,
4464,,so exciting 3 peice box set lip (send in 3`s),6,£2.66,,,,,,
4466,,so what ETD 20 ml spray (send out in 6),12,£1.99,,,,,,
4470,,so him max shower gel (send out in 6),12,£0.86,,,,,,
4471,,so chilled shower gel mens (send out in 6),6,£0.86,,,,,,
4473,,so brit body frangrance (send out in 6),6,£0.59,,,,,,
4474,,my love ETD 30ml spray (send out in 4),4,£2.66,,,,,,
4477,,my love ETD 50ml spray (send out in 3),6,£3.99,,,,,,
4478,,you and me body fragrance (send out in 6),12,£0.59,,,,,,
4479,,you and me 30ml EDT spray (send out in 4),4,£2.66,,,,,,
4483,,you and me ETD 50ml spray (send out in 3),6,£3.99,,,,,,
4484,,first kiss body spray (send out in 6),6,£0.59,,,,,,
4485,,first kiss ETD 30ml spray (send out in 3),3,£2.66,,,,,,
4489,,lost in love 50ml ETD spray (send out in 3),6,£3.29,,,,,,
4500,,Morgan vanilla hand lotion (12)d,12,£1.29,,,,,,
4501,,Morgan vanilla body lotion (12)d,6,£1.29,,,,,,
4528,,spiderman table-top bskt-ball,4,£1.89,,,,,,
4529,,spiderman ring toss,2,£1.89,,,,,,
4894,,*3/4 collarless red top,2,£2.69,,,,,,
4895,,*3/4 collarless yellow top,1,£2.69,,,,,,
4922,,go go puzzle notebook,1,£0.99,,,,,,
4936,,princess backpack,2,£5.99,,,,,,
4943,,toystory sports cup,1,£1.49,,,,,,
4954,,mickey mini back pack,1,£3.99,,,,,,
9622,,Christmas Sitting Ceramic green Angels,6,£0.89,,,,,,
9623,,Christmas Wrapped Standing green  Ceramic Angel,12,£0.29,,,,,,
9708,,Chalk (4),4,£0.59,,,,,,
9754,,Power Rocket Launcher,6,£1.29,,,,,,
"Transfer # : 31,404 To Stock Point : HEADINGLEY - H25 - 5 On 10/12/2013  10:56:06",Stock Point : HEADINGLEY - H25 - 5,,,,,The Manager,12 Otley Rd,Headingley,Leeds ,LS6 2AD
1006,,assorted Men's Trilby Hat,4,£2.99,,,,,,
1103,,Puzzle Erasers (24) D (6),48,£0.99,,,,,,
2269,,*Flitter Let It Snow,5,£3.99,,,,,,
3542,,Polyresin Keyring Owl asst in Gift Bag (24),24,£1.29,,,,,,
3558,,Plastic Bracelet Zipper 10 Colours (singles),12,£0.79,,,,,,
3559,,Plastic grabber figurines 4 assorted,8,£0.79,,,,,,
3598,,Thai Buddha in gift bag (24),24,£1.29,,,,,,
3609,,*WTP 3 way scribble book,4,£0.69,,,,,,
3642,,*Access 3x Pris Curl Ribb,4,£0.49,,,,,,
3644,,*Bags Bottle Photo Kitten,6,£0.29,,,,,,
3646,,*partyware cups 6x9 oz santa & sn,8,£0.49,,,,,,
3649,,*Partyware Plates Rnd Trad,6,£0.29,,,,,,
3653,,*tags xmas 12 double layer,12,£0.49,,,,,,
3654,,*wrap xmas foiled sheets with tags,24,£0.49,,,,,,
3729,,*xmas heart dec (singles),6,£0.49,,,,,,
3741,,wooden incense box 10 incense (singles),4,£1.49,,,,,,
3744,,4 asst luxury 30 pack incense (12),12,£1.49,,,,,,
3745,,asst 20 pack incense sticks (24),12,£0.39,,,,,,
3828,,icecream pen + lipgloss (24)D,24,£0.69,,,,,,
3956,,Dinosaur Figures (36) D,36,£0.99,,,,,,
3975,,Colour Adhesive Mirror (4),4,£0.49,,,,,,
3977,,Wildflower Penpot (4),4,£0.49,,,,,,
3999,,Zuri boxed bodybuffer exfoliator,6,£1.29,,,,,,
4016,,*rd clear tea light holder6(D),6,£0.39,,,,,,
4078,,*slimline traditional assorted calender,6,£0.49,,,,,,
4079,,*slimline scenery calender,6,£0.49,,,,,,
4080,,*slimline pet animal calender,6,£0.49,,,,,,
4081,,*slim nature animal calender,6,£0.49,,,,,,
4082,,*slimline scotland calender,6,£0.49,,,,,,
4083,,*medium scotland calender,6,£0.69,,,,,,
4084,,*med cupcakes baking calender,6,£0.69,,,,,,
4085,,*med photo flowers calender,6,£0.69,,,,,,
4088,,*slim diary on header card,6,£0.49,,,,,,
4089,,*silm photo favourites calender,6,£0.69,,,,,,
4095,,*xmas med blue gift bag trees,12,£0.29,,,,,,
4098,,*xmas 3 mixed size gift bag,12,£0.69,,,,,,
4099,,*xmas pack 3 bottle bags,12,£0.49,,,,,,
4148,,*xmas puppy photo bottle bag,6,£0.29,,,,,,
4150,,*box of choc/champagne/gold string and bows,8,£0.49,,,,,,
4154,,*12 gift tag joy/noel/tree/ball,12,£0.19,,,,,,
4156,,*xmas 4 sheet wrap with 4 tag,12,£0.39,,,,,,
4157,,*6 mini cracker puppy + kitten,6,£0.49,,,,,,
4158,,*xmas 6 mini cute cracker,4,£0.49,,,,,,
4159,,*santa stop here decoration,8,£0.49,,,,,,
4160,,*xmas santa letter + pouch,8,£0.49,,,,,,
4164,,*actvity M.Y.O xmas scene,6,£0.49,,,,,,
4167,,*activity stop santa sign,4,£0.49,,,,,,
4168,,*activity count down to xmas,6,£0.49,,,,,,
4178,,*xmas santa melamine dip plate,4,£0.69,,,,,,
4181,,*xmas adult santa hat + beard,6,£0.99,,,,,,
4184,,*xmas pet bandana,6,£0.39,,,,,,
4289,,R. Dahl fantastic mr fox book,4,£0.99,,,,,,
4324,,small tin box,6,£1.29,,,,,,
4325,,medium tin box,6,£1.49,,,,,,
4330,,sponge bob protector watch,6,£2.99,,,,,,
4333,,diamante false eyelashes (6)in,6,£0.99,,,,,,
4343,,*t-light holder silver or red,6,£0.39,,,,,,
4348,,scratch and colour craft set,4,£0.99,,,,,,
4391,,*3 piece dog stocking,4,£0.89,,,,,,
4392,,*4 piece cat stocking,4,£0.89,,,,,,
4402,,plastic neon coil,4,£0.99,,,,,,
4409,,wood pirate fairy flexi dolls,12,£1.29,,,,,,
4410,,wood necklace funny animals,12,£1.49,,,,,,
4411,,wood bracelet funny animals,12,£0.89,,,,,,
4434,,treasure kit 9 assorted,6,£0.99,,,,,,
4442,,magic tricks 4 assorted,2,£1.19,,,,,,
4450,,'So on the beach' body spray(send out in 6),6,£0.59,,,,,,
4451,,shp till you drp bdy fragrance (SEND IN 6`S),6,£0.59,,,,,,
4454,,so des take me away travel set (send out in 3),6,£1.99,,,,,,
4456,,so kiss me travel set (SEND IN 3`S),3,£1.99,,,,,,
4459,,so exciting body spray (send out in 6),12,£0.59,,,,,,
4463,,so excitng cute together 2 box set (send out in 3),3,£1.99,,,,,,
4464,,so exciting 3 peice box set lip (send in 3`s),6,£2.66,,,,,,
4466,,so what ETD 20 ml spray (send out in 6),12,£1.99,,,,,,
4470,,so him max shower gel (send out in 6),12,£0.86,,,,,,
4471,,so chilled shower gel mens (send out in 6),6,£0.86,,,,,,
4473,,so brit body frangrance (send out in 6),6,£0.59,,,,,,
4474,,my love ETD 30ml spray (send out in 4),4,£2.66,,,,,,
4477,,my love ETD 50ml spray (send out in 3),6,£3.99,,,,,,
4478,,you and me body fragrance (send out in 6),12,£0.59,,,,,,
4479,,you and me 30ml EDT spray (send out in 4),4,£2.66,,,,,,
4483,,you and me ETD 50ml spray (send out in 3),6,£3.99,,,,,,
4484,,first kiss body spray (send out in 6),6,£0.59,,,,,,
4485,,first kiss ETD 30ml spray (send out in 3),3,£2.66,,,,,,
4489,,lost in love 50ml ETD spray (send out in 3),6,£3.29,,,,,,
4494,,Miffy mechanical pencil (40)d,40,£0.39,,,,,,
4500,,Morgan vanilla hand lotion (12)d,12,£1.29,,,,,,
4501,,Morgan vanilla body lotion (12)d,6,£1.29,,,,,,
4527,,spiderman wall clock,4,£2.99,,,,,,
4944,,cars sports cup,1,£1.49,,,,,,
9622,,Christmas Sitting Ceramic green Angels,6,£0.89,,,,,,
9623,,Christmas Wrapped Standing green  Ceramic Angel,12,£0.29,,,,,,
9708,,Chalk (4),4,£0.59,,,,,,
"Transfer # : 31,405 To Stock Point : LEVEN - L22 - 5 On 10/12/2013  10:56:10",Stock Point : LEVEN - L22 - 5,,,,,April Pigdon,4 Durie Street,Leven,Fife,KY8 4HE
3642,,*Access 3x Pris Curl Ribb,4,£0.49,,,,,,
3644,,*Bags Bottle Photo Kitten,6,£0.29,,,,,,
3646,,*partyware cups 6x9 oz santa & sn,8,£0.49,,,,,,
3649,,*Partyware Plates Rnd Trad,6,£0.29,,,,,,
3653,,*tags xmas 12 double layer,4,£0.49,,,,,,
3654,,*wrap xmas foiled sheets with tags,12,£0.49,,,,,,
3729,,*xmas heart dec (singles),6,£0.49,,,,,,
3744,,4 asst luxury 30 pack incense (12),12,£1.49,,,,,,
3745,,asst 20 pack incense sticks (24),12,£0.39,,,,,,
3999,,Zuri boxed bodybuffer exfoliator,6,£1.29,,,,,,
4016,,*rd clear tea light holder6(D),6,£0.39,,,,,,
4078,,*slimline traditional assorted calender,4,£0.49,,,,,,
4079,,*slimline scenery calender,4,£0.49,,,,,,
4080,,*slimline pet animal calender,6,£0.49,,,,,,
4081,,*slim nature animal calender,4,£0.49,,,,,,
4082,,*slimline scotland calender,4,£0.49,,,,,,
4083,,*medium scotland calender,8,£0.69,,,,,,
4084,,*med cupcakes baking calender,4,£0.69,,,,,,
4085,,*med photo flowers calender,4,£0.69,,,,,,
4088,,*slim diary on header card,6,£0.49,,,,,,
4089,,*silm photo favourites calender,4,£0.69,,,,,,
4095,,*xmas med blue gift bag trees,6,£0.29,,,,,,
4098,,*xmas 3 mixed size gift bag,6,£0.69,,,,,,
4099,,*xmas pack 3 bottle bags,6,£0.49,,,,,,
4148,,*xmas puppy photo bottle bag,6,£0.29,,,,,,
4150,,*box of choc/champagne/gold string and bows,6,£0.49,,,,,,
4154,,*12 gift tag joy/noel/tree/ball,12,£0.19,,,,,,
4156,,*xmas 4 sheet wrap with 4 tag,12,£0.39,,,,,,
4157,,*6 mini cracker puppy + kitten,4,£0.49,,,,,,
4158,,*xmas 6 mini cute cracker,4,£0.49,,,,,,
4178,,*xmas santa melamine dip plate,2,£0.69,,,,,,
4181,,*xmas adult santa hat + beard,4,£0.99,,,,,,
4184,,*xmas pet bandana,6,£0.39,,,,,,
4289,,R. Dahl fantastic mr fox book,6,£0.99,,,,,,
4324,,small tin box,4,£1.29,,,,,,
4325,,medium tin box,4,£1.49,,,,,,
4330,,sponge bob protector watch,4,£2.99,,,,,,
4343,,*t-light holder silver or red,6,£0.39,,,,,,
4451,,shp till you drp bdy fragrance (SEND IN 6`S),6,£0.59,,,,,,
4454,,so des take me away travel set (send out in 3),3,£1.99,,,,,,
4456,,so kiss me travel set (SEND IN 3`S),3,£1.99,,,,,,
4459,,so exciting body spray (send out in 6),12,£0.59,,,,,,
4463,,so excitng cute together 2 box set (send out in 3),3,£1.99,,,,,,
4464,,so exciting 3 peice box set lip (send in 3`s),6,£2.66,,,,,,
4466,,so what ETD 20 ml spray (send out in 6),12,£1.99,,,,,,
4470,,so him max shower gel (send out in 6),12,£0.86,,,,,,
4471,,so chilled shower gel mens (send out in 6),6,£0.86,,,,,,
4473,,so brit body frangrance (send out in 6),6,£0.59,,,,,,
4474,,my love ETD 30ml spray (send out in 4),4,£2.66,,,,,,
4477,,my love ETD 50ml spray (send out in 3),3,£3.99,,,,,,
4478,,you and me body fragrance (send out in 6),6,£0.59,,,,,,
4479,,you and me 30ml EDT spray (send out in 4),4,£2.66,,,,,,
4922,,go go puzzle notebook,4,£0.99,,,,,,
4923,,Go Go creator Pack,3,£0.99,,,,,,
9622,,Christmas Sitting Ceramic green Angels,6,£0.89,,,,,,
9623,,Christmas Wrapped Standing green  Ceramic Angel,12,£0.29,,,,,,
"Transfer # : 31,406 To Stock Point : NANTWICH - N10 - 5 On 10/12/2013  10:56:13",Stock Point : NANTWICH - N10 - 5,,,,,Susan Davies,44 Beam Street,Nantwich,Cheshire,CW5 5LJ
1103,,Puzzle Erasers (24) D (6),24,£0.99,,,,,,
2269,,*Flitter Let It Snow,5,£3.99,,,,,,
3542,,Polyresin Keyring Owl asst in Gift Bag (24),24,£1.29,,,,,,
3559,,Plastic grabber figurines 4 assorted,4,£0.79,,,,,,
3609,,*WTP 3 way scribble book,4,£0.69,,,,,,
3642,,*Access 3x Pris Curl Ribb,4,£0.49,,,,,,
3644,,*Bags Bottle Photo Kitten,6,£0.29,,,,,,
3646,,*partyware cups 6x9 oz santa & sn,8,£0.49,,,,,,
3649,,*Partyware Plates Rnd Trad,8,£0.29,,,,,,
3653,,*tags xmas 12 double layer,6,£0.49,,,,,,
3654,,*wrap xmas foiled sheets with tags,24,£0.49,,,,,,
3729,,*xmas heart dec (singles),6,£0.49,,,,,,
3744,,4 asst luxury 30 pack incense (12),12,£1.49,,,,,,
3745,,asst 20 pack incense sticks (24),12,£0.39,,,,,,
3828,,icecream pen + lipgloss (24)D,24,£0.69,,,,,,
3999,,Zuri boxed bodybuffer exfoliator,6,£1.29,,,,,,
4016,,*rd clear tea light holder6(D),6,£0.39,,,,,,
4078,,*slimline traditional assorted calender,6,£0.49,,,,,,
4079,,*slimline scenery calender,6,£0.49,,,,,,
4080,,*slimline pet animal calender,6,£0.49,,,,,,
4081,,*slim nature animal calender,6,£0.49,,,,,,
4082,,*slimline scotland calender,6,£0.49,,,,,,
4083,,*medium scotland calender,6,£0.69,,,,,,
4084,,*med cupcakes baking calender,6,£0.69,,,,,,
4085,,*med photo flowers calender,6,£0.69,,,,,,
4088,,*slim diary on header card,6,£0.49,,,,,,
4089,,*silm photo favourites calender,6,£0.69,,,,,,
4095,,*xmas med blue gift bag trees,12,£0.29,,,,,,
4098,,*xmas 3 mixed size gift bag,12,£0.69,,,,,,
4099,,*xmas pack 3 bottle bags,12,£0.49,,,,,,
4148,,*xmas puppy photo bottle bag,6,£0.29,,,,,,
4150,,*box of choc/champagne/gold string and bows,8,£0.49,,,,,,
4154,,*12 gift tag joy/noel/tree/ball,12,£0.19,,,,,,
4156,,*xmas 4 sheet wrap with 4 tag,12,£0.39,,,,,,
4157,,*6 mini cracker puppy + kitten,4,£0.49,,,,,,
4158,,*xmas 6 mini cute cracker,12,£0.49,,,,,,
4159,,*santa stop here decoration,8,£0.49,,,,,,
4160,,*xmas santa letter + pouch,8,£0.49,,,,,,
4164,,*actvity M.Y.O xmas scene,6,£0.49,,,,,,
4167,,*activity stop santa sign,4,£0.49,,,,,,
4168,,*activity count down to xmas,6,£0.49,,,,,,
4178,,*xmas santa melamine dip plate,4,£0.69,,,,,,
4181,,*xmas adult santa hat + beard,6,£0.99,,,,,,
4184,,*xmas pet bandana,6,£0.39,,,,,,
4288,,morph magnets,6,£1.29,,,,,,
4289,,R. Dahl fantastic mr fox book,6,£0.99,,,,,,
4324,,small tin box,6,£1.29,,,,,,
4325,,medium tin box,6,£1.49,,,,,,
4330,,sponge bob protector watch,6,£2.99,,,,,,
4333,,diamante false eyelashes (6)in,6,£0.99,,,,,,
4343,,*t-light holder silver or red,6,£0.39,,,,,,
4348,,scratch and colour craft set,4,£0.99,,,,,,
4352,,watercolour paint set 18 colour in set,4,£0.99,,,,,,
4361,,disney sml teaset ast designs 7/8 pieces pp,4,£0.99,,,,,,
4391,,*3 piece dog stocking,4,£0.89,,,,,,
4392,,*4 piece cat stocking,4,£0.89,,,,,,
4450,,'So on the beach' body spray(send out in 6),6,£0.59,,,,,,
4451,,shp till you drp bdy fragrance (SEND IN 6`S),6,£0.59,,,,,,
4454,,so des take me away travel set (send out in 3),6,£1.99,,,,,,
4456,,so kiss me travel set (SEND IN 3`S),3,£1.99,,,,,,
4459,,so exciting body spray (send out in 6),12,£0.59,,,,,,
4463,,so excitng cute together 2 box set (send out in 3),3,£1.99,,,,,,
4464,,so exciting 3 peice box set lip (send in 3`s),6,£2.66,,,,,,
4466,,so what ETD 20 ml spray (send out in 6),12,£1.99,,,,,,
4470,,so him max shower gel (send out in 6),12,£0.86,,,,,,
4471,,so chilled shower gel mens (send out in 6),6,£0.86,,,,,,
4473,,so brit body frangrance (send out in 6),6,£0.59,,,,,,
4474,,my love ETD 30ml spray (send out in 4),4,£2.66,,,,,,
4477,,my love ETD 50ml spray (send out in 3),6,£3.99,,,,,,
4478,,you and me body fragrance (send out in 6),12,£0.59,,,,,,
4479,,you and me 30ml EDT spray (send out in 4),4,£2.66,,,,,,
4483,,you and me ETD 50ml spray (send out in 3),6,£3.99,,,,,,
4484,,first kiss body spray (send out in 6),6,£0.59,,,,,,
4485,,first kiss ETD 30ml spray (send out in 3),3,£2.66,,,,,,
4489,,lost in love 50ml ETD spray (send out in 3),6,£3.29,,,,,,
4494,,Miffy mechanical pencil (40)d,40,£0.39,,,,,,
4500,,Morgan vanilla hand lotion (12)d,12,£1.29,,,,,,
4501,,Morgan vanilla body lotion (12)d,6,£1.29,,,,,,
4505,,Bullyland Disney cars Dinoco Mcqueen model,8,£0.99,,,,,,
4528,,spiderman table-top bskt-ball,2,£1.89,,,,,,
4529,,spiderman ring toss,2,£1.89,,,,,,
9622,,Christmas Sitting Ceramic green Angels,6,£0.89,,,,,,
9623,,Christmas Wrapped Standing green  Ceramic Angel,12,£0.29,,,,,,
"Transfer # : 31,407 To Stock Point : PLUMSTEAD - P40 - 5 On 10/12/2013  10:56:18",Stock Point : PLUMSTEAD - P40 - 5,,,,,Debbie Edgar,43 Lakedale Road,Plumstead,London,SE18 1PR
1103,,Puzzle Erasers (24) D (6),24,£0.99,,,,,,
1365,,clear glass sweet jar(12)D,12,£0.99,,,,,,
2269,,*Flitter Let It Snow,5,£3.99,,,,,,
3542,,Polyresin Keyring Owl asst in Gift Bag (24),24,£1.29,,,,,,
3559,,Plastic grabber figurines 4 assorted,8,£0.79,,,,,,
3609,,*WTP 3 way scribble book,4,£0.69,,,,,,
3642,,*Access 3x Pris Curl Ribb,4,£0.49,,,,,,
3644,,*Bags Bottle Photo Kitten,6,£0.29,,,,,,
3646,,*partyware cups 6x9 oz santa & sn,8,£0.49,,,,,,
3649,,*Partyware Plates Rnd Trad,6,£0.29,,,,,,
3653,,*tags xmas 12 double layer,6,£0.49,,,,,,
3654,,*wrap xmas foiled sheets with tags,24,£0.49,,,,,,
3729,,*xmas heart dec (singles),6,£0.49,,,,,,
3744,,4 asst luxury 30 pack incense (12),12,£1.49,,,,,,
3745,,asst 20 pack incense sticks (24),12,£0.39,,,,,,
3828,,icecream pen + lipgloss (24)D,24,£0.69,,,,,,
3952,,Ben 10 Glider (24) D,24,£0.29,,,,,,
3999,,Zuri boxed bodybuffer exfoliator,6,£1.29,,,,,,
4016,,*rd clear tea light holder6(D),6,£0.39,,,,,,
4078,,*slimline traditional assorted calender,6,£0.49,,,,,,
4079,,*slimline scenery calender,6,£0.49,,,,,,
4080,,*slimline pet animal calender,6,£0.49,,,,,,
4081,,*slim nature animal calender,6,£0.49,,,,,,
4082,,*slimline scotland calender,6,£0.49,,,,,,
4083,,*medium scotland calender,6,£0.69,,,,,,
4084,,*med cupcakes baking calender,6,£0.69,,,,,,
4085,,*med photo flowers calender,6,£0.69,,,,,,
4088,,*slim diary on header card,6,£0.49,,,,,,
4089,,*silm photo favourites calender,6,£0.69,,,,,,
4095,,*xmas med blue gift bag trees,12,£0.29,,,,,,
4098,,*xmas 3 mixed size gift bag,12,£0.69,,,,,,
4099,,*xmas pack 3 bottle bags,12,£0.49,,,,,,
4148,,*xmas puppy photo bottle bag,6,£0.29,,,,,,
4150,,*box of choc/champagne/gold string and bows,8,£0.49,,,,,,
4154,,*12 gift tag joy/noel/tree/ball,12,£0.19,,,,,,
4156,,*xmas 4 sheet wrap with 4 tag,12,£0.39,,,,,,
4157,,*6 mini cracker puppy + kitten,4,£0.49,,,,,,
4158,,*xmas 6 mini cute cracker,4,£0.49,,,,,,
4159,,*santa stop here decoration,8,£0.49,,,,,,
4160,,*xmas santa letter + pouch,8,£0.49,,,,,,
4164,,*actvity M.Y.O xmas scene,6,£0.49,,,,,,
4167,,*activity stop santa sign,4,£0.49,,,,,,
4168,,*activity count down to xmas,6,£0.49,,,,,,
4178,,*xmas santa melamine dip plate,4,£0.69,,,,,,
4181,,*xmas adult santa hat + beard,6,£0.99,,,,,,
4184,,*xmas pet bandana,6,£0.39,,,,,,
4288,,morph magnets,6,£1.29,,,,,,
4289,,R. Dahl fantastic mr fox book,8,£0.99,,,,,,
4292,,fish popsicle,4,£0.89,,,,,,
4293,,bling ring popsicle,1,£0.89,,,,,,
4311,,Tinkerbell back pack,1,£5.99,,,,,,
4324,,small tin box,6,£1.29,,,,,,
4325,,medium tin box,6,£1.49,,,,,,
4330,,sponge bob protector watch,6,£2.99,,,,,,
4333,,diamante false eyelashes (6)in,6,£0.99,,,,,,
4343,,*t-light holder silver or red,6,£0.39,,,,,,
4348,,scratch and colour craft set,4,£0.99,,,,,,
4391,,*3 piece dog stocking,4,£0.89,,,,,,
4392,,*4 piece cat stocking,4,£0.89,,,,,,
4409,,wood pirate fairy flexi dolls,12,£1.29,,,,,,
4413,,wooden deco stick insects,12,£0.59,,,,,,
4430,,laying polyresin angel rose coloured headband (12),12,£1.99,,,,,,
4450,,'So on the beach' body spray(send out in 6),6,£0.59,,,,,,
4451,,shp till you drp bdy fragrance (SEND IN 6`S),6,£0.59,,,,,,
4454,,so des take me away travel set (send out in 3),6,£1.99,,,,,,
4456,,so kiss me travel set (SEND IN 3`S),6,£1.99,,,,,,
4459,,so exciting body spray (send out in 6),12,£0.59,,,,,,
4463,,so excitng cute together 2 box set (send out in 3),3,£1.99,,,,,,
4464,,so exciting 3 peice box set lip (send in 3`s),6,£2.66,,,,,,
4466,,so what ETD 20 ml spray (send out in 6),12,£1.99,,,,,,
4470,,so him max shower gel (send out in 6),12,£0.86,,,,,,
4471,,so chilled shower gel mens (send out in 6),6,£0.86,,,,,,
4473,,so brit body frangrance (send out in 6),6,£0.59,,,,,,
4474,,my love ETD 30ml spray (send out in 4),4,£2.66,,,,,,
4477,,my love ETD 50ml spray (send out in 3),6,£3.99,,,,,,
4478,,you and me body fragrance (send out in 6),12,£0.59,,,,,,
4479,,you and me 30ml EDT spray (send out in 4),4,£2.66,,,,,,
4483,,you and me ETD 50ml spray (send out in 3),6,£3.99,,,,,,
4484,,first kiss body spray (send out in 6),6,£0.59,,,,,,
4485,,first kiss ETD 30ml spray (send out in 3),3,£2.66,,,,,,
4489,,lost in love 50ml ETD spray (send out in 3),6,£3.29,,,,,,
4495,,Chugginton bath+ shower gel (12)d,6,£0.59,,,,,,
4496,,Lee Stafford pink 50ml edt (6),3,£3.99,,,,,,
4500,,Morgan vanilla hand lotion (12)d,12,£1.29,,,,,,
4501,,Morgan vanilla body lotion (12)d,6,£1.29,,,,,,
4505,,Bullyland Disney cars Dinoco Mcqueen model,4,£0.99,,,,,,
4506,,Chuggington bubble bath (12)d,4,£0.59,,,,,,
4527,,spiderman wall clock,4,£2.99,,,,,,
4930,,princess mesh gym bag,1,£1.69,,,,,,
4937,,spiderman backpack,2,£5.99,,,,,,
4945,,faries sports cup,2,£1.49,,,,,,
9622,,Christmas Sitting Ceramic green Angels,6,£0.89,,,,,,
9623,,Christmas Wrapped Standing green  Ceramic Angel,12,£0.29,,,,,,
9698,,3x Disney Pens (5),5,£1.29,,,,,,
9708,,Chalk (4),4,£0.59,,,,,,
"Transfer # : 31,408 To Stock Point : SEAFORD - S77 - 5 On 10/12/2013  10:56:24",Stock Point : SEAFORD - S77 - 5,,,,,The Manager,3 Shepway Parade,Broad St ,Seaford,BN25 1LZ
1103,,Puzzle Erasers (24) D (6),24,£0.99,,,,,,
2269,,*Flitter Let It Snow,5,£3.99,,,,,,
3542,,Polyresin Keyring Owl asst in Gift Bag (24),24,£1.29,,,,,,
3550,,Plastic Toy Pistol with 2 Rockets 12x12cm (24)D,12,£1.29,,,,,,
3559,,Plastic grabber figurines 4 assorted,8,£0.79,,,,,,
3602,,*Activity Messy Mat,4,£0.69,,,,,,
3609,,*WTP 3 way scribble book,4,£0.69,,,,,,
3642,,*Access 3x Pris Curl Ribb,4,£0.49,,,,,,
3644,,*Bags Bottle Photo Kitten,6,£0.29,,,,,,
3646,,*partyware cups 6x9 oz santa & sn,8,£0.49,,,,,,
3649,,*Partyware Plates Rnd Trad,6,£0.29,,,,,,
3653,,*tags xmas 12 double layer,4,£0.49,,,,,,
3654,,*wrap xmas foiled sheets with tags,24,£0.49,,,,,,
3660,,*Activity craft packs,6,£0.49,,,,,,
3729,,*xmas heart dec (singles),6,£0.49,,,,,,
3741,,wooden incense box 10 incense (singles),4,£1.49,,,,,,
3744,,4 asst luxury 30 pack incense (12),12,£1.49,,,,,,
3745,,asst 20 pack incense sticks (24),12,£0.39,,,,,,
3825,,pedicure kit flip flops (6),6,£0.99,,,,,,
3828,,icecream pen + lipgloss (24)D,24,£0.69,,,,,,
3952,,Ben 10 Glider (24) D,24,£0.29,,,,,,
3975,,Colour Adhesive Mirror (4),4,£0.49,,,,,,
3999,,Zuri boxed bodybuffer exfoliator,6,£1.29,,,,,,
4008,,unisex building blocks (singles),8,£0.99,,,,,,
4016,,*rd clear tea light holder6(D),12,£0.39,,,,,,
4078,,*slimline traditional assorted calender,6,£0.49,,,,,,
4079,,*slimline scenery calender,6,£0.49,,,,,,
4080,,*slimline pet animal calender,6,£0.49,,,,,,
4081,,*slim nature animal calender,6,£0.49,,,,,,
4082,,*slimline scotland calender,6,£0.49,,,,,,
4083,,*medium scotland calender,6,£0.69,,,,,,
4084,,*med cupcakes baking calender,6,£0.69,,,,,,
4085,,*med photo flowers calender,6,£0.69,,,,,,
4088,,*slim diary on header card,12,£0.49,,,,,,
4089,,*silm photo favourites calender,6,£0.69,,,,,,
4095,,*xmas med blue gift bag trees,12,£0.29,,,,,,
4098,,*xmas 3 mixed size gift bag,12,£0.69,,,,,,
4099,,*xmas pack 3 bottle bags,12,£0.49,,,,,,
4148,,*xmas puppy photo bottle bag,6,£0.29,,,,,,
4150,,*box of choc/champagne/gold string and bows,8,£0.49,,,,,,
4154,,*12 gift tag joy/noel/tree/ball,12,£0.19,,,,,,
4156,,*xmas 4 sheet wrap with 4 tag,12,£0.39,,,,,,
4157,,*6 mini cracker puppy + kitten,8,£0.49,,,,,,
4158,,*xmas 6 mini cute cracker,12,£0.49,,,,,,
4159,,*santa stop here decoration,8,£0.49,,,,,,
4160,,*xmas santa letter + pouch,8,£0.49,,,,,,
4164,,*actvity M.Y.O xmas scene,6,£0.49,,,,,,
4167,,*activity stop santa sign,4,£0.49,,,,,,
4168,,*activity count down to xmas,6,£0.49,,,,,,
4172,,spiderman scribble set,12,£1.29,,,,,,
4178,,*xmas santa melamine dip plate,4,£0.69,,,,,,
4181,,*xmas adult santa hat + beard,6,£0.99,,,,,,
4184,,*xmas pet bandana,6,£0.39,,,,,,
4289,,R. Dahl fantastic mr fox book,4,£0.99,,,,,,
4292,,fish popsicle,6,£0.89,,,,,,
4324,,small tin box,6,£1.29,,,,,,
4325,,medium tin box,6,£1.49,,,,,,
4330,,sponge bob protector watch,6,£2.99,,,,,,
4333,,diamante false eyelashes (6)in,6,£0.99,,,,,,
4343,,*t-light holder silver or red,6,£0.39,,,,,,
4348,,scratch and colour craft set,4,£0.99,,,,,,
4391,,*3 piece dog stocking,4,£0.89,,,,,,
4392,,*4 piece cat stocking,4,£0.89,,,,,,
4399,,winnie the pooh stickers,2,£0.89,,,,,,
4409,,wood pirate fairy flexi dolls,24,£1.29,,,,,,
4412,,wooden whistle train,24,£1.19,,,,,,
4450,,'So on the beach' body spray(send out in 6),6,£0.59,,,,,,
4451,,shp till you drp bdy fragrance (SEND IN 6`S),6,£0.59,,,,,,
4454,,so des take me away travel set (send out in 3),3,£1.99,,,,,,
4456,,so kiss me travel set (SEND IN 3`S),3,£1.99,,,,,,
4459,,so exciting body spray (send out in 6),12,£0.59,,,,,,
4463,,so excitng cute together 2 box set (send out in 3),3,£1.99,,,,,,
4464,,so exciting 3 peice box set lip (send in 3`s),6,£2.66,,,,,,
4466,,so what ETD 20 ml spray (send out in 6),12,£1.99,,,,,,
4470,,so him max shower gel (send out in 6),12,£0.86,,,,,,
4471,,so chilled shower gel mens (send out in 6),6,£0.86,,,,,,
4473,,so brit body frangrance (send out in 6),6,£0.59,,,,,,
4474,,my love ETD 30ml spray (send out in 4),4,£2.66,,,,,,
4477,,my love ETD 50ml spray (send out in 3),6,£3.99,,,,,,
4478,,you and me body fragrance (send out in 6),12,£0.59,,,,,,
4479,,you and me 30ml EDT spray (send out in 4),4,£2.66,,,,,,
4483,,you and me ETD 50ml spray (send out in 3),6,£3.99,,,,,,
4484,,first kiss body spray (send out in 6),6,£0.59,,,,,,
4485,,first kiss ETD 30ml spray (send out in 3),3,£2.66,,,,,,
4489,,lost in love 50ml ETD spray (send out in 3),6,£3.29,,,,,,
4492,,Spiderman gel pen (42)d,12,£0.39,,,,,,
4496,,Lee Stafford pink 50ml edt (6),3,£3.99,,,,,,
4499,,Disney memory game (10)d,4,£0.99,,,,,,
4500,,Morgan vanilla hand lotion (12)d,12,£1.29,,,,,,
4501,,Morgan vanilla body lotion (12)d,6,£1.29,,,,,,
4503,,Chuggington liquid hand soap (12)d,12,£0.59,,,,,,
9622,,Christmas Sitting Ceramic green Angels,6,£0.89,,,,,,
9623,,Christmas Wrapped Standing green  Ceramic Angel,12,£0.29,,,,,,
"Transfer # : 31,409 To Stock Point : SHREWSBURY - S40 - N On 10/12/2013  10:56:28",Stock Point : SHREWSBURY - S40 - N,,,,,The Manager,74 Mardol Street,Shrewsbury,,SY1 1PZ
1006,,assorted Men's Trilby Hat,4,£2.99,,,,,,
1103,,Puzzle Erasers (24) D (6),24,£0.99,,,,,,
2269,,*Flitter Let It Snow,5,£3.99,,,,,,
2576,,Assorted Boxed Jewellery (1),4,£2.99,,,,,,
3542,,Polyresin Keyring Owl asst in Gift Bag (24),24,£1.29,,,,,,
3549,,Polyresin Baby in Basket 8x8cm 3 ass. (3)d,3,£0.99,,,,,,
3558,,Plastic Bracelet Zipper 10 Colours (singles),24,£0.79,,,,,,
3559,,Plastic grabber figurines 4 assorted,8,£0.79,,,,,,
3563,,Rubber Bands Lucky Bands 4 Animal (singles),12,£0.29,,,,,,
3609,,*WTP 3 way scribble book,4,£0.69,,,,,,
3642,,*Access 3x Pris Curl Ribb,4,£0.49,,,,,,
3644,,*Bags Bottle Photo Kitten,6,£0.29,,,,,,
3646,,*partyware cups 6x9 oz santa & sn,8,£0.49,,,,,,
3649,,*Partyware Plates Rnd Trad,8,£0.29,,,,,,
3653,,*tags xmas 12 double layer,4,£0.49,,,,,,
3654,,*wrap xmas foiled sheets with tags,24,£0.49,,,,,,
3729,,*xmas heart dec (singles),6,£0.49,,,,,,
3741,,wooden incense box 10 incense (singles),12,£1.49,,,,,,
3744,,4 asst luxury 30 pack incense (12),12,£1.49,,,,,,
3745,,asst 20 pack incense sticks (24),12,£0.39,,,,,,
3828,,icecream pen + lipgloss (24)D,24,£0.69,,,,,,
3835,,salt + pepper cockerel set,2,£1.59,,,,,,
3954,,Metallic Mini Soccer Ball (24) D,24,£0.79,,,,,,
3999,,Zuri boxed bodybuffer exfoliator,6,£1.29,,,,,,
4016,,*rd clear tea light holder6(D),6,£0.39,,,,,,
4078,,*slimline traditional assorted calender,6,£0.49,,,,,,
4079,,*slimline scenery calender,6,£0.49,,,,,,
4080,,*slimline pet animal calender,6,£0.49,,,,,,
4081,,*slim nature animal calender,6,£0.49,,,,,,
4082,,*slimline scotland calender,6,£0.49,,,,,,
4083,,*medium scotland calender,6,£0.69,,,,,,
4084,,*med cupcakes baking calender,6,£0.69,,,,,,
4085,,*med photo flowers calender,6,£0.69,,,,,,
4088,,*slim diary on header card,6,£0.49,,,,,,
4089,,*silm photo favourites calender,6,£0.69,,,,,,
4095,,*xmas med blue gift bag trees,12,£0.29,,,,,,
4098,,*xmas 3 mixed size gift bag,12,£0.69,,,,,,
4099,,*xmas pack 3 bottle bags,12,£0.49,,,,,,
4148,,*xmas puppy photo bottle bag,6,£0.29,,,,,,
4150,,*box of choc/champagne/gold string and bows,8,£0.49,,,,,,
4154,,*12 gift tag joy/noel/tree/ball,12,£0.19,,,,,,
4156,,*xmas 4 sheet wrap with 4 tag,12,£0.39,,,,,,
4157,,*6 mini cracker puppy + kitten,4,£0.49,,,,,,
4158,,*xmas 6 mini cute cracker,4,£0.49,,,,,,
4159,,*santa stop here decoration,8,£0.49,,,,,,
4160,,*xmas santa letter + pouch,8,£0.49,,,,,,
4164,,*actvity M.Y.O xmas scene,12,£0.49,,,,,,
4167,,*activity stop santa sign,4,£0.49,,,,,,
4168,,*activity count down to xmas,6,£0.49,,,,,,
4171,,spiderman scribble set,2,£1.29,,,,,,
4173,,spiderman large stationary set,1,£1.29,,,,,,
4178,,*xmas santa melamine dip plate,4,£0.69,,,,,,
4181,,*xmas adult santa hat + beard,6,£0.99,,,,,,
4184,,*xmas pet bandana,6,£0.39,,,,,,
4288,,morph magnets,12,£1.29,,,,,,
4289,,R. Dahl fantastic mr fox book,4,£0.99,,,,,,
4324,,small tin box,6,£1.29,,,,,,
4325,,medium tin box,6,£1.49,,,,,,
4330,,sponge bob protector watch,6,£2.99,,,,,,
4333,,diamante false eyelashes (6)in,6,£0.99,,,,,,
4343,,*t-light holder silver or red,12,£0.39,,,,,,
4348,,scratch and colour craft set,4,£0.99,,,,,,
4391,,*3 piece dog stocking,4,£0.89,,,,,,
4392,,*4 piece cat stocking,4,£0.89,,,,,,
4450,,'So on the beach' body spray(send out in 6),5,£0.59,,,,,,
4451,,shp till you drp bdy fragrance (SEND IN 6`S),5,£0.59,,,,,,
4454,,so des take me away travel set (send out in 3),5,£1.99,,,,,,
4456,,so kiss me travel set (SEND IN 3`S),5,£1.99,,,,,,
4459,,so exciting body spray (send out in 6),12,£0.59,,,,,,
4463,,so excitng cute together 2 box set (send out in 3),3,£1.99,,,,,,
4464,,so exciting 3 peice box set lip (send in 3`s),6,£2.66,,,,,,
4466,,so what ETD 20 ml spray (send out in 6),12,£1.99,,,,,,
4470,,so him max shower gel (send out in 6),12,£0.86,,,,,,
4471,,so chilled shower gel mens (send out in 6),6,£0.86,,,,,,
4473,,so brit body frangrance (send out in 6),6,£0.59,,,,,,
4474,,my love ETD 30ml spray (send out in 4),4,£2.66,,,,,,
4477,,my love ETD 50ml spray (send out in 3),6,£3.99,,,,,,
4478,,you and me body fragrance (send out in 6),12,£0.59,,,,,,
4479,,you and me 30ml EDT spray (send out in 4),4,£2.66,,,,,,
4483,,you and me ETD 50ml spray (send out in 3),6,£3.99,,,,,,
4484,,first kiss body spray (send out in 6),6,£0.59,,,,,,
4485,,first kiss ETD 30ml spray (send out in 3),3,£2.66,,,,,,
4489,,lost in love 50ml ETD spray (send out in 3),6,£3.29,,,,,,
4493,,Star Wars ballpoint pen (24)d,12,£0.39,,,,,,
4494,,Miffy mechanical pencil (40)d,12,£0.39,,,,,,
4500,,Morgan vanilla hand lotion (12)d,12,£1.29,,,,,,
4501,,Morgan vanilla body lotion (12)d,6,£1.29,,,,,,
6884,,worry heart stone keyring (90),90,£0.79,,,,,,
9622,,Christmas Sitting Ceramic green Angels,6,£0.89,,,,,,
9623,,Christmas Wrapped Standing green  Ceramic Angel,12,£0.29,,,,,,
9708,,Chalk (4),4,£0.59,,,,,,
9975,,Silver/Gold Butterfly Canvas 20x20cm (4),4,£0.49,,,,,,
9995,,Guardian Angel in Bag (24) 1,24,£0.99,,,,,,
"Transfer # : 31,410 To Stock Point : WALTON (THAMES) - W80 - 5 On 10/12/2013  10:56:53",Stock Point : WALTON (THAMES) - W80 - 5,,,,,Debby Brewer,233 County Road,Walton,Liverpool,L4 5PE
1103,,Puzzle Erasers (24) D (6),24,£0.99,,,,,,
2269,,*Flitter Let It Snow,5,£3.99,,,,,,
2271,,London Tower Bridge,10,£3.99,,,,,,
3360,,*Red Pack of 4 Beaded Napkin Ring (12),6,£0.79,,,,,,
3369,,*Red Pack of 4 Beaded Coaster (12),6,£0.79,,,,,,
3414,,Tartan flittered parading owls2013,14,£3.99,,,,,,
3542,,Polyresin Keyring Owl asst in Gift Bag (24),24,£1.29,,,,,,
3559,,Plastic grabber figurines 4 assorted,6,£0.79,,,,,,
3609,,*WTP 3 way scribble book,4,£0.69,,,,,,
3642,,*Access 3x Pris Curl Ribb,4,£0.49,,,,,,
3644,,*Bags Bottle Photo Kitten,6,£0.29,,,,,,
3646,,*partyware cups 6x9 oz santa & sn,8,£0.49,,,,,,
3649,,*Partyware Plates Rnd Trad,12,£0.29,,,,,,
3653,,*tags xmas 12 double layer,4,£0.49,,,,,,
3654,,*wrap xmas foiled sheets with tags,24,£0.49,,,,,,
3729,,*xmas heart dec (singles),6,£0.49,,,,,,
3744,,4 asst luxury 30 pack incense (12),12,£1.49,,,,,,
3745,,asst 20 pack incense sticks (24),12,£0.39,,,,,,
3828,,icecream pen + lipgloss (24)D,24,£0.69,,,,,,
3842,,asst colour clutch bag,2,£2.99,,,,,,
3844,,jeans I phone cover,6,£0.99,,,,,,
3845,,I phone cover retro telephone,2,£0.99,,,,,,
3957,,Wild Animal Figures (36) D,12,£0.99,,,,,,
3999,,Zuri boxed bodybuffer exfoliator,6,£1.29,,,,,,
4015,,*square glass tea light holder(6) D,12,£0.39,,,,,,
4016,,*rd clear tea light holder6(D),6,£0.39,,,,,,
4072,,3 ass 50ml difusser in box,4,£1.49,,,,,,
4078,,*slimline traditional assorted calender,6,£0.49,,,,,,
4079,,*slimline scenery calender,6,£0.49,,,,,,
4080,,*slimline pet animal calender,6,£0.49,,,,,,
4081,,*slim nature animal calender,6,£0.49,,,,,,
4082,,*slimline scotland calender,6,£0.49,,,,,,
4083,,*medium scotland calender,6,£0.69,,,,,,
4084,,*med cupcakes baking calender,6,£0.69,,,,,,
4085,,*med photo flowers calender,6,£0.69,,,,,,
4088,,*slim diary on header card,6,£0.49,,,,,,
4089,,*silm photo favourites calender,6,£0.69,,,,,,
4095,,*xmas med blue gift bag trees,12,£0.29,,,,,,
4098,,*xmas 3 mixed size gift bag,12,£0.69,,,,,,
4099,,*xmas pack 3 bottle bags,12,£0.49,,,,,,
4148,,*xmas puppy photo bottle bag,6,£0.29,,,,,,
4150,,*box of choc/champagne/gold string and bows,8,£0.49,,,,,,
4154,,*12 gift tag joy/noel/tree/ball,12,£0.19,,,,,,
4156,,*xmas 4 sheet wrap with 4 tag,12,£0.39,,,,,,
4157,,*6 mini cracker puppy + kitten,12,£0.49,,,,,,
4158,,*xmas 6 mini cute cracker,8,£0.49,,,,,,
4159,,*santa stop here decoration,8,£0.49,,,,,,
4160,,*xmas santa letter + pouch,8,£0.49,,,,,,
4164,,*actvity M.Y.O xmas scene,6,£0.49,,,,,,
4167,,*activity stop santa sign,4,£0.49,,,,,,
4168,,*activity count down to xmas,6,£0.49,,,,,,
4178,,*xmas santa melamine dip plate,2,£0.69,,,,,,
4181,,*xmas adult santa hat + beard,6,£0.99,,,,,,
4184,,*xmas pet bandana,6,£0.39,,,,,,
4289,,R. Dahl fantastic mr fox book,4,£0.99,,,,,,
4292,,fish popsicle,6,£0.89,,,,,,
4324,,small tin box,4,£1.29,,,,,,
4325,,medium tin box,4,£1.49,,,,,,
4330,,sponge bob protector watch,6,£2.99,,,,,,
4333,,diamante false eyelashes (6)in,6,£0.99,,,,,,
4343,,*t-light holder silver or red,6,£0.39,,,,,,
4348,,scratch and colour craft set,4,£0.99,,,,,,
4357,,*red/wht cookie cutters 10 pk,4,£0.59,,,,,,
4391,,*3 piece dog stocking,4,£0.89,,,,,,
4392,,*4 piece cat stocking,4,£0.89,,,,,,
4402,,plastic neon coil,12,£0.99,,,,,,
4421,,earmuffs with fake fur lining,2,£0.99,,,,,,
4429,,angel on cloud display (12)in,12,£0.99,,,,,,
4434,,treasure kit 9 assorted,2,£0.99,,,,,,
4450,,'So on the beach' body spray(send out in 6),6,£0.59,,,,,,
4451,,shp till you drp bdy fragrance (SEND IN 6`S),6,£0.59,,,,,,
4454,,so des take me away travel set (send out in 3),6,£1.99,,,,,,
4456,,so kiss me travel set (SEND IN 3`S),3,£1.99,,,,,,
4459,,so exciting body spray (send out in 6),12,£0.59,,,,,,
4463,,so excitng cute together 2 box set (send out in 3),3,£1.99,,,,,,
4464,,so exciting 3 peice box set lip (send in 3`s),6,£2.66,,,,,,
4466,,so what ETD 20 ml spray (send out in 6),12,£1.99,,,,,,
4470,,so him max shower gel (send out in 6),12,£0.86,,,,,,
4471,,so chilled shower gel mens (send out in 6),6,£0.86,,,,,,
4473,,so brit body frangrance (send out in 6),6,£0.59,,,,,,
4474,,my love ETD 30ml spray (send out in 4),4,£2.66,,,,,,
4477,,my love ETD 50ml spray (send out in 3),6,£3.99,,,,,,
4478,,you and me body fragrance (send out in 6),12,£0.59,,,,,,
4479,,you and me 30ml EDT spray (send out in 4),4,£2.66,,,,,,
4483,,you and me ETD 50ml spray (send out in 3),6,£3.99,,,,,,
4484,,first kiss body spray (send out in 6),6,£0.59,,,,,,
4485,,first kiss ETD 30ml spray (send out in 3),3,£2.66,,,,,,
4489,,lost in love 50ml ETD spray (send out in 3),6,£3.29,,,,,,
4492,,Spiderman gel pen (42)d,42,£0.39,,,,,,
4494,,Miffy mechanical pencil (40)d,12,£0.39,,,,,,
4500,,Morgan vanilla hand lotion (12)d,12,£1.29,,,,,,
4501,,Morgan vanilla body lotion (12)d,6,£1.29,,,,,,
4505,,Bullyland Disney cars Dinoco Mcqueen model,4,£0.99,,,,,,
4527,,spiderman wall clock,2,£2.99,,,,,,
4564,,malva brown printed blouse,1,£6.99,,,,,,
4571,,mens honey leathr timberland,4,£14.99,,,,,,
4893,,3/4 collarless ryl blue top,3,£2.69,,,,,,
4920,,silver double strap pocket bag,2,£5.99,,,,,,
4922,,go go puzzle notebook,4,£0.99,,,,,,
4937,,spiderman backpack,1,£5.99,,,,,,
4940,,princess lunch box,1,£4.99,,,,,,
6235,,Worry Stones Marble Box Display (36),36,£0.69,,,,,,
9622,,Christmas Sitting Ceramic green Angels,6,£0.89,,,,,,
9623,,Christmas Wrapped Standing green  Ceramic Angel,12,£0.29,,,,,,
9708,,Chalk (4),4,£0.59,,,,,,
"Transfer # : 31,411 To Stock Point : WORTHING - W76 - 5 On 10/12/2013  10:56:59",Stock Point : WORTHING - W76 - 5,,,,,Melisha Martin-Lacey,131 Montague Street,Worthing,Sussex,BN11 3BP
1103,,Puzzle Erasers (24) D (6),24,£0.99,,,,,,
2269,,*Flitter Let It Snow,5,£3.99,,,,,,
3361,,*Silver Pack of 4 Beaded Napkin Ring (12),6,£0.79,,,,,,
3369,,*Red Pack of 4 Beaded Coaster (12),6,£0.79,,,,,,
3370,,*Silver Pack of 4 Beaded Coaster (12),6,£0.79,,,,,,
3414,,Tartan flittered parading owls2013,2,£3.99,,,,,,
3542,,Polyresin Keyring Owl asst in Gift Bag (24),24,£1.29,,,,,,
3549,,Polyresin Baby in Basket 8x8cm 3 ass. (3)d,4,£0.99,,,,,,
3559,,Plastic grabber figurines 4 assorted,8,£0.79,,,,,,
3563,,Rubber Bands Lucky Bands 4 Animal (singles),12,£0.29,,,,,,
3593,,Metal Tweezer trendy Girls  (24) D,24,£0.99,,,,,,
3609,,*WTP 3 way scribble book,4,£0.69,,,,,,
3642,,*Access 3x Pris Curl Ribb,4,£0.49,,,,,,
3644,,*Bags Bottle Photo Kitten,6,£0.29,,,,,,
3646,,*partyware cups 6x9 oz santa & sn,8,£0.49,,,,,,
3649,,*Partyware Plates Rnd Trad,6,£0.29,,,,,,
3653,,*tags xmas 12 double layer,4,£0.49,,,,,,
3654,,*wrap xmas foiled sheets with tags,24,£0.49,,,,,,
3727,,rainbow windmill spinners24(D),12,£0.79,,,,,,
3728,,birdhouse wall dec (singles),2,£1.29,,,,,,
3729,,*xmas heart dec (singles),6,£0.49,,,,,,
3744,,4 asst luxury 30 pack incense (12),12,£1.49,,,,,,
3745,,asst 20 pack incense sticks (24),12,£0.39,,,,,,
3828,,icecream pen + lipgloss (24)D,24,£0.69,,,,,,
3835,,salt + pepper cockerel set,2,£1.59,,,,,,
3844,,jeans I phone cover,4,£0.99,,,,,,
3999,,Zuri boxed bodybuffer exfoliator,6,£1.29,,,,,,
4016,,*rd clear tea light holder6(D),6,£0.39,,,,,,
4073,,3 assorted sachet box (36)in,36,£0.79,,,,,,
4078,,*slimline traditional assorted calender,6,£0.49,,,,,,
4079,,*slimline scenery calender,6,£0.49,,,,,,
4080,,*slimline pet animal calender,6,£0.49,,,,,,
4081,,*slim nature animal calender,6,£0.49,,,,,,
4082,,*slimline scotland calender,6,£0.49,,,,,,
4083,,*medium scotland calender,6,£0.69,,,,,,
4084,,*med cupcakes baking calender,6,£0.69,,,,,,
4085,,*med photo flowers calender,6,£0.69,,,,,,
4088,,*slim diary on header card,14,£0.49,,,,,,
4089,,*silm photo favourites calender,6,£0.69,,,,,,
4095,,*xmas med blue gift bag trees,12,£0.29,,,,,,
4098,,*xmas 3 mixed size gift bag,12,£0.69,,,,,,
4099,,*xmas pack 3 bottle bags,12,£0.49,,,,,,
4148,,*xmas puppy photo bottle bag,6,£0.29,,,,,,
4150,,*box of choc/champagne/gold string and bows,8,£0.49,,,,,,
4154,,*12 gift tag joy/noel/tree/ball,12,£0.19,,,,,,
4156,,*xmas 4 sheet wrap with 4 tag,12,£0.39,,,,,,
4157,,*6 mini cracker puppy + kitten,12,£0.49,,,,,,
4158,,*xmas 6 mini cute cracker,1,£0.49,,,,,,
4159,,*santa stop here decoration,8,£0.49,,,,,,
4160,,*xmas santa letter + pouch,8,£0.49,,,,,,
4164,,*actvity M.Y.O xmas scene,6,£0.49,,,,,,
4167,,*activity stop santa sign,4,£0.49,,,,,,
4168,,*activity count down to xmas,6,£0.49,,,,,,
4178,,*xmas santa melamine dip plate,4,£0.69,,,,,,
4181,,*xmas adult santa hat + beard,6,£0.99,,,,,,
4184,,*xmas pet bandana,6,£0.39,,,,,,
4289,,R. Dahl fantastic mr fox book,8,£0.99,,,,,,
4324,,small tin box,4,£1.29,,,,,,
4325,,medium tin box,4,£1.49,,,,,,
4330,,sponge bob protector watch,6,£2.99,,,,,,
4333,,diamante false eyelashes (6)in,6,£0.99,,,,,,
4343,,*t-light holder silver or red,6,£0.39,,,,,,
4348,,scratch and colour craft set,4,£0.99,,,,,,
4391,,*3 piece dog stocking,4,£0.89,,,,,,
4392,,*4 piece cat stocking,4,£0.89,,,,,,
4421,,earmuffs with fake fur lining,12,£0.99,,,,,,
4450,,'So on the beach' body spray(send out in 6),6,£0.59,,,,,,
4451,,shp till you drp bdy fragrance (SEND IN 6`S),6,£0.59,,,,,,
4454,,so des take me away travel set (send out in 3),6,£1.99,,,,,,
4456,,so kiss me travel set (SEND IN 3`S),3,£1.99,,,,,,
4459,,so exciting body spray (send out in 6),12,£0.59,,,,,,
4463,,so excitng cute together 2 box set (send out in 3),3,£1.99,,,,,,
4464,,so exciting 3 peice box set lip (send in 3`s),6,£2.66,,,,,,
4466,,so what ETD 20 ml spray (send out in 6),12,£1.99,,,,,,
4470,,so him max shower gel (send out in 6),12,£0.86,,,,,,
4471,,so chilled shower gel mens (send out in 6),6,£0.86,,,,,,
4473,,so brit body frangrance (send out in 6),6,£0.59,,,,,,
4474,,my love ETD 30ml spray (send out in 4),4,£2.66,,,,,,
4477,,my love ETD 50ml spray (send out in 3),6,£3.99,,,,,,
4478,,you and me body fragrance (send out in 6),12,£0.59,,,,,,
4479,,you and me 30ml EDT spray (send out in 4),4,£2.66,,,,,,
4483,,you and me ETD 50ml spray (send out in 3),6,£3.99,,,,,,
4484,,first kiss body spray (send out in 6),6,£0.59,,,,,,
4485,,first kiss ETD 30ml spray (send out in 3),3,£2.66,,,,,,
4489,,lost in love 50ml ETD spray (send out in 3),6,£3.29,,,,,,
4495,,Chugginton bath+ shower gel (12)d,6,£0.59,,,,,,
4500,,Morgan vanilla hand lotion (12)d,12,£1.29,,,,,,
4501,,Morgan vanilla body lotion (12)d,6,£1.29,,,,,,
4503,,Chuggington liquid hand soap (12)d,6,£0.59,,,,,,
4505,,Bullyland Disney cars Dinoco Mcqueen model,12,£0.99,,,,,,
4506,,Chuggington bubble bath (12)d,12,£0.59,,,,,,
4922,,go go puzzle notebook,2,£0.99,,,,,,
4923,,Go Go creator Pack,2,£0.99,,,,,,
4932,,spiderman mesh gym bag,1,£1.69,,,,,,
4953,,spiderman mini back pack,1,£3.99,,,,,,
9622,,Christmas Sitting Ceramic green Angels,6,£0.89,,,,,,
9623,,Christmas Wrapped Standing green  Ceramic Angel,12,£0.29,,,,,,
9698,,3x Disney Pens (5),10,£1.29,,,,,,
9708,,Chalk (4),4,£0.59,,,,,,
9995,,Guardian Angel in Bag (24) 1,24,£0.99,,,,,,
9996,,Angel Heart Magnet (12)in,12,£0.99,,,,,,
