"Transfer # : 31,322 To Stock Point : BRIGHTON KEMPTOWN - B65 - 9 On 03/12/2013  14:59:58",Stock Point : BRIGHTON KEMPTOWN - B65 - 9,,,,,Jan,13 St James’s Street,Brighton,England,BN2 1RE
1365,,clear glass sweet jar(12)D,12,£0.99,,,,,,
3370,,Silver Pack of 4 Beaded Coaster (12),5,£1.49,,,,,,
4015,,square glass tea light holder(6) D,6,£0.79,,,,,,
4016,,rd clear tea light holder6(D),6,£0.79,,,,,,
4078,,slimline traditional assorted calender,5,£0.99,,,,,,
4079,,slimline scenery calender,5,£0.99,,,,,,
4080,,slimline pet animal calender,5,£0.99,,,,,,
4081,,slim nature animal calender,5,£0.99,,,,,,
4084,,med cupcakes baking calender,5,£1.29,,,,,,
4085,,med photo flowers calender,5,£1.29,,,,,,
4087,,medium organiser diary,5,£1.89,,,,,,
4088,,slim diary on header card,5,£0.99,,,,,,
4157,,6 mini cracker puppy + kitten,5,£0.99,,,,,,
4158,,xmas 6 mini cute cracker,5,£0.99,,,,,,
4177,,xmas apron,4,£1.29,,,,,,
4182,,xmas girls santa dress,5,£4.99,,,,,,
4184,,xmas pet bandana,6,£0.69,,,,,,
4185,,xmas adult santa outfit,5,£5.99,,,,,,
4391,,3 piece dog stocking,5,£1.69,,,,,,
4392,,4 piece cat stocking,5,£1.69,,,,,,
9622,,Christmas Sitting Ceramic green Angels,12,£0.89,,,,,,
9623,,Christmas Wrapped Standing green  Ceramic Angel,12,£0.29,,,,,,
"Transfer # : 31,323 To Stock Point : GLASGOW (POLL) - G41- 9 On 03/12/2013  15:00:01",Stock Point : GLASGOW (POLL) - G41- 9,,,,,nicola,1145 Pollockshaws Road,Glasgow,Scotland,G41 3YH
3368,,Grey Pack of 4 Beaded Napkin ring (12),5,£1.49,,,,,,
3369,,Red Pack of 4 Beaded Coaster (12),12,£1.49,,,,,,
3370,,Silver Pack of 4 Beaded Coaster (12),12,£1.49,,,,,,
3623,,Access 3x thistle bows gold,5,£0.99,,,,,,
3660,,Activity craft packs,5,£0.99,,,,,,
3729,,xmas heart dec (singles),6,£0.99,,,,,,
4015,,square glass tea light holder(6) D,6,£0.79,,,,,,
4065,,gold pack 4 beaded coaster (12),5,£1.49,,,,,,
4079,,slimline scenery calender,4,£0.99,,,,,,
4080,,slimline pet animal calender,4,£0.99,,,,,,
4081,,slim nature animal calender,4,£0.99,,,,,,
4083,,medium scotland calender,6,£1.29,,,,,,
4085,,med photo flowers calender,4,£1.29,,,,,,
4088,,slim diary on header card,8,£0.99,,,,,,
4089,,silm photo favourites calender,6,£1.29,,,,,,
4098,,xmas 3 mixed size gift bag,5,£1.29,,,,,,
4099,,xmas pack 3 bottle bags,4,£0.99,,,,,,
4148,,xmas puppy photo bottle bag,5,£0.49,,,,,,
4157,,6 mini cracker puppy + kitten,5,£0.99,,,,,,
4158,,xmas 6 mini cute cracker,5,£0.99,,,,,,
4160,,xmas santa letter + pouch,5,£0.89,,,,,,
4162,,beastiez 6 stamper pads w ink,4,£0.99,,,,,,
4163,,xmas activity craft pad,5,£0.99,,,,,,
4164,,actvity M.Y.O xmas scene,4,£0.99,,,,,,
4165,,candycane/stocking stickers,6,£0.99,,,,,,
4167,,activity stop santa sign,6,£0.99,,,,,,
4168,,activity count down to xmas,5,£0.99,,,,,,
4177,,xmas apron,3,£1.29,,,,,,
4182,,xmas girls santa dress,5,£4.99,,,,,,
4335,,ast colour star tree deco 4 pk,12,£1.29,,,,,,
9622,,Christmas Sitting Ceramic green Angels,12,£0.89,,,,,,
9623,,Christmas Wrapped Standing green  Ceramic Angel,12,£0.29,,,,,,
"Transfer # : 31,324 To Stock Point : HASTINGS - H20 - 9 On 03/12/2013  15:00:03",Stock Point : HASTINGS - H20 - 9,,,,,Linda Harcourt Smith,17 Queens Road,Hastings,East Sussex,TN34 1QY
1365,,clear glass sweet jar(12)D,12,£0.99,,,,,,
2271,,London Tower Bridge,10,£3.99,,,,,,
3363,,Black Pack of 4 Beaded Napkin Ring (12),5,£1.49,,,,,,
3368,,Grey Pack of 4 Beaded Napkin ring (12),5,£1.49,,,,,,
3370,,Silver Pack of 4 Beaded Coaster (12),5,£1.49,,,,,,
3400,,Photographic whiskers cat 2013,3,£2.99,,,,,,
3414,,Tartan flittered parading owls2013,5,£3.99,,,,,,
3623,,Access 3x thistle bows gold,6,£0.99,,,,,,
3644,,Bags Bottle Photo Kitten,4,£0.49,,,,,,
3646,,partyware cups 6x9 oz santa & sn,4,£0.99,,,,,,
3660,,Activity craft packs,6,£0.99,,,,,,
3729,,xmas heart dec (singles),5,£0.99,,,,,,
4015,,square glass tea light holder(6) D,6,£0.79,,,,,,
4016,,rd clear tea light holder6(D),6,£0.79,,,,,,
4087,,medium organiser diary,5,£1.89,,,,,,
4089,,silm photo favourites calender,5,£1.29,,,,,,
4095,,xmas med blue gift bag trees,5,£0.59,,,,,,
4096,,med black gift bag happy xmas,5,£0.59,,,,,,
4099,,xmas pack 3 bottle bags,5,£0.99,,,,,,
4148,,xmas puppy photo bottle bag,5,£0.49,,,,,,
4156,,xmas 4 sheet wrap with 4 tag,5,£0.69,,,,,,
4157,,6 mini cracker puppy + kitten,5,£0.99,,,,,,
4160,,xmas santa letter + pouch,5,£0.89,,,,,,
4162,,beastiez 6 stamper pads w ink,5,£0.99,,,,,,
4163,,xmas activity craft pad,5,£0.99,,,,,,
4164,,actvity M.Y.O xmas scene,6,£0.99,,,,,,
4167,,activity stop santa sign,5,£0.99,,,,,,
4168,,activity count down to xmas,5,£0.99,,,,,,
4180,,xmas santa belt sack,5,£2.29,,,,,,
4181,,xmas adult santa hat + beard,5,£1.99,,,,,,
4182,,xmas girls santa dress,6,£4.99,,,,,,
4185,,xmas adult santa outfit,5,£5.99,,,,,,
4327,,oval meat platter,5,£2.99,,,,,,
4335,,ast colour star tree deco 4 pk,12,£1.29,,,,,,
9622,,Christmas Sitting Ceramic green Angels,12,£0.89,,,,,,
9623,,Christmas Wrapped Standing green  Ceramic Angel,12,£0.29,,,,,,
"Transfer # : 31,325 To Stock Point : ANNIESLAND - A10 - 8 On 03/12/2013  15:00:06",Stock Point : ANNIESLAND - A10 - 8,,,,,The  Manager,1623 Great Western Road,Anniesland,Glasgow,G13 1LT
3360,,Red Pack of 4 Beaded Napkin Ring (12),5,£1.49,,,,,,
3361,,Silver Pack of 4 Beaded Napkin Ring (12),5,£1.49,,,,,,
3363,,Black Pack of 4 Beaded Napkin Ring (12),5,£1.49,,,,,,
3368,,Grey Pack of 4 Beaded Napkin ring (12),5,£1.49,,,,,,
3369,,Red Pack of 4 Beaded Coaster (12),5,£1.49,,,,,,
3370,,Silver Pack of 4 Beaded Coaster (12),5,£1.49,,,,,,
3414,,Tartan flittered parading owls2013,5,£3.99,,,,,,
3623,,Access 3x thistle bows gold,5,£0.99,,,,,,
3642,,Access 3x Pris Curl Ribb,5,£0.99,,,,,,
3646,,partyware cups 6x9 oz santa & sn,5,£0.99,,,,,,
3649,,*Partyware Plates Rnd Trad,5,£0.49,,,,,,
3660,,Activity craft packs,5,£0.99,,,,,,
3729,,xmas heart dec (singles),5,£0.99,,,,,,
4015,,square glass tea light holder(6) D,6,£0.79,,,,,,
4016,,rd clear tea light holder6(D),6,£0.79,,,,,,
4065,,gold pack 4 beaded coaster (12),5,£1.49,,,,,,
4078,,slimline traditional assorted calender,5,£0.99,,,,,,
4079,,slimline scenery calender,5,£0.99,,,,,,
4080,,slimline pet animal calender,5,£0.99,,,,,,
4081,,slim nature animal calender,5,£0.99,,,,,,
4084,,med cupcakes baking calender,5,£1.29,,,,,,
4085,,med photo flowers calender,5,£1.29,,,,,,
4088,,slim diary on header card,5,£0.99,,,,,,
4089,,silm photo favourites calender,5,£1.29,,,,,,
4099,,xmas pack 3 bottle bags,5,£0.99,,,,,,
4150,,box of choc/champagne/gold string and bows,5,£0.99,,,,,,
4158,,xmas 6 mini cute cracker,5,£0.99,,,,,,
4159,,santa stop here decoration,5,£0.99,,,,,,
4160,,xmas santa letter + pouch,5,£0.89,,,,,,
4162,,beastiez 6 stamper pads w ink,5,£0.99,,,,,,
4163,,xmas activity craft pad,5,£0.99,,,,,,
4164,,actvity M.Y.O xmas scene,5,£0.99,,,,,,
4168,,activity count down to xmas,5,£0.99,,,,,,
4178,,xmas santa melamine dip plate,5,£1.29,,,,,,
4180,,xmas santa belt sack,5,£2.29,,,,,,
4181,,xmas adult santa hat + beard,5,£1.99,,,,,,
4182,,xmas girls santa dress,5,£4.99,,,,,,
4184,,xmas pet bandana,5,£0.69,,,,,,
4185,,xmas adult santa outfit,5,£5.99,,,,,,
4335,,ast colour star tree deco 4 pk,12,£1.29,,,,,,
4391,,3 piece dog stocking,5,£1.69,,,,,,
4392,,4 piece cat stocking,5,£1.69,,,,,,
9622,,Christmas Sitting Ceramic green Angels,12,£0.89,,,,,,
9623,,Christmas Wrapped Standing green  Ceramic Angel,12,£0.29,,,,,,
"Transfer # : 31,326 To Stock Point : AYR (HIGH) - A95 - N - 8 On 03/12/2013  15:00:09",Stock Point : AYR (HIGH) - A95 - N - 8,,,,,The Manager,111/113 High St,Ayr ,Scotland,KA7 1QL
3361,,Silver Pack of 4 Beaded Napkin Ring (12),5,£1.49,,,,,,
3363,,Black Pack of 4 Beaded Napkin Ring (12),5,£1.49,,,,,,
3368,,Grey Pack of 4 Beaded Napkin ring (12),5,£1.49,,,,,,
3369,,Red Pack of 4 Beaded Coaster (12),5,£1.49,,,,,,
3370,,Silver Pack of 4 Beaded Coaster (12),5,£1.49,,,,,,
3400,,Photographic whiskers cat 2013,2,£2.99,,,,,,
3417,,Edinburgh flittered fireworks 2013,5,£3.99,,,,,,
3649,,*Partyware Plates Rnd Trad,5,£0.49,,,,,,
3729,,xmas heart dec (singles),5,£0.99,,,,,,
4065,,gold pack 4 beaded coaster (12),5,£1.49,,,,,,
4080,,slimline pet animal calender,5,£0.99,,,,,,
4081,,slim nature animal calender,5,£0.99,,,,,,
4085,,med photo flowers calender,5,£1.29,,,,,,
4089,,silm photo favourites calender,5,£1.29,,,,,,
4095,,xmas med blue gift bag trees,5,£0.59,,,,,,
4098,,xmas 3 mixed size gift bag,5,£1.29,,,,,,
4160,,xmas santa letter + pouch,5,£0.89,,,,,,
4163,,xmas activity craft pad,5,£0.99,,,,,,
4164,,actvity M.Y.O xmas scene,5,£0.99,,,,,,
4167,,activity stop santa sign,5,£0.99,,,,,,
4168,,activity count down to xmas,5,£0.99,,,,,,
4178,,xmas santa melamine dip plate,5,£1.29,,,,,,
4180,,xmas santa belt sack,5,£2.29,,,,,,
4181,,xmas adult santa hat + beard,5,£1.99,,,,,,
4182,,xmas girls santa dress,5,£4.99,,,,,,
4185,,xmas adult santa outfit,5,£5.99,,,,,,
4327,,oval meat platter,5,£2.99,,,,,,
4335,,ast colour star tree deco 4 pk,12,£1.29,,,,,,
9622,,Christmas Sitting Ceramic green Angels,12,£0.89,,,,,,
9623,,Christmas Wrapped Standing green  Ceramic Angel,12,£0.29,,,,,,
"Transfer # : 31,327 To Stock Point : FAVERSHAM - F18 - 8 On 03/12/2013  15:00:11",Stock Point : FAVERSHAM - F18 - 8,,,,,Lisa West,41/41A Court Street,Faversham,Kent,ME13 7AL
3360,,Red Pack of 4 Beaded Napkin Ring (12),5,£1.49,,,,,,
3363,,Black Pack of 4 Beaded Napkin Ring (12),5,£1.49,,,,,,
3368,,Grey Pack of 4 Beaded Napkin ring (12),5,£1.49,,,,,,
3369,,Red Pack of 4 Beaded Coaster (12),8,£1.49,,,,,,
3370,,Silver Pack of 4 Beaded Coaster (12),5,£1.49,,,,,,
3660,,Activity craft packs,5,£0.99,,,,,,
3729,,xmas heart dec (singles),5,£0.99,,,,,,
4065,,gold pack 4 beaded coaster (12),5,£1.49,,,,,,
4078,,slimline traditional assorted calender,5,£0.99,,,,,,
4079,,slimline scenery calender,5,£0.99,,,,,,
4081,,slim nature animal calender,5,£0.99,,,,,,
4084,,med cupcakes baking calender,5,£1.29,,,,,,
4085,,med photo flowers calender,5,£1.29,,,,,,
4087,,medium organiser diary,5,£1.89,,,,,,
4089,,silm photo favourites calender,5,£1.29,,,,,,
4098,,xmas 3 mixed size gift bag,5,£1.29,,,,,,
4148,,xmas puppy photo bottle bag,5,£0.49,,,,,,
4154,,12 gift tag joy/noel/tree/ball,6,£0.39,,,,,,
4158,,xmas 6 mini cute cracker,6,£0.99,,,,,,
4159,,santa stop here decoration,6,£0.99,,,,,,
4160,,xmas santa letter + pouch,5,£0.89,,,,,,
4162,,beastiez 6 stamper pads w ink,5,£0.99,,,,,,
4164,,actvity M.Y.O xmas scene,5,£0.99,,,,,,
4167,,activity stop santa sign,5,£0.99,,,,,,
4168,,activity count down to xmas,5,£0.99,,,,,,
4178,,xmas santa melamine dip plate,5,£1.29,,,,,,
4180,,xmas santa belt sack,5,£2.29,,,,,,
4182,,xmas girls santa dress,5,£4.99,,,,,,
4185,,xmas adult santa outfit,5,£5.99,,,,,,
4327,,oval meat platter,5,£2.99,,,,,,
4335,,ast colour star tree deco 4 pk,12,£1.29,,,,,,
4343,,t-light holder silver or red,5,£0.79,,,,,,
9622,,Christmas Sitting Ceramic green Angels,12,£0.89,,,,,,
9623,,Christmas Wrapped Standing green  Ceramic Angel,12,£0.29,,,,,,
"Transfer # : 31,328 To Stock Point : HEBDEN BRIDGE - H38 - 8 On 03/12/2013  15:00:14",Stock Point : HEBDEN BRIDGE - H38 - 8,,,,,Matthew O'Hara,32 Bridge Gate,Hebden Bridge,West Yorks,HX7 8EX
3360,,Red Pack of 4 Beaded Napkin Ring (12),5,£1.49,,,,,,
3361,,Silver Pack of 4 Beaded Napkin Ring (12),5,£1.49,,,,,,
3363,,Black Pack of 4 Beaded Napkin Ring (12),5,£1.49,,,,,,
3368,,Grey Pack of 4 Beaded Napkin ring (12),5,£1.49,,,,,,
3369,,Red Pack of 4 Beaded Coaster (12),5,£1.49,,,,,,
3370,,Silver Pack of 4 Beaded Coaster (12),5,£1.49,,,,,,
3414,,Tartan flittered parading owls2013,6,£3.99,,,,,,
3649,,*Partyware Plates Rnd Trad,5,£0.49,,,,,,
3660,,Activity craft packs,5,£0.99,,,,,,
3729,,xmas heart dec (singles),5,£0.99,,,,,,
4015,,square glass tea light holder(6) D,6,£0.79,,,,,,
4065,,gold pack 4 beaded coaster (12),5,£1.49,,,,,,
4078,,slimline traditional assorted calender,5,£0.99,,,,,,
4080,,slimline pet animal calender,5,£0.99,,,,,,
4081,,slim nature animal calender,5,£0.99,,,,,,
4082,,slimline scotland calender,12,£0.99,,,,,,
4083,,medium scotland calender,12,£1.29,,,,,,
4084,,med cupcakes baking calender,5,£1.29,,,,,,
4085,,med photo flowers calender,5,£1.29,,,,,,
4089,,silm photo favourites calender,5,£1.29,,,,,,
4095,,xmas med blue gift bag trees,5,£0.59,,,,,,
4099,,xmas pack 3 bottle bags,5,£0.99,,,,,,
4162,,beastiez 6 stamper pads w ink,5,£0.99,,,,,,
4163,,xmas activity craft pad,4,£0.99,,,,,,
4164,,actvity M.Y.O xmas scene,5,£0.99,,,,,,
4167,,activity stop santa sign,5,£0.99,,,,,,
4168,,activity count down to xmas,5,£0.99,,,,,,
4178,,xmas santa melamine dip plate,5,£1.29,,,,,,
4180,,xmas santa belt sack,5,£2.29,,,,,,
4181,,xmas adult santa hat + beard,5,£1.99,,,,,,
4182,,xmas girls santa dress,6,£4.99,,,,,,
4185,,xmas adult santa outfit,5,£5.99,,,,,,
4327,,oval meat platter,5,£2.99,,,,,,
4335,,ast colour star tree deco 4 pk,12,£1.29,,,,,,
4343,,t-light holder silver or red,5,£0.79,,,,,,
9622,,Christmas Sitting Ceramic green Angels,12,£0.89,,,,,,
9623,,Christmas Wrapped Standing green  Ceramic Angel,12,£0.29,,,,,,
"Transfer # : 31,329 To Stock Point : ILKLEY - I31 - 8 On 03/12/2013  15:00:17",Stock Point : ILKLEY - I31 - 8,,,,,Janet Wilkinson,2 Spa Buildings,The Grove,Ilkley,LS29 9NQ
1362,,plastic lid storage jars(12) D,6,£0.79,,,,,,
3360,,Red Pack of 4 Beaded Napkin Ring (12),5,£1.49,,,,,,
3361,,Silver Pack of 4 Beaded Napkin Ring (12),5,£1.49,,,,,,
3363,,Black Pack of 4 Beaded Napkin Ring (12),5,£1.49,,,,,,
3369,,Red Pack of 4 Beaded Coaster (12),5,£1.49,,,,,,
3370,,Silver Pack of 4 Beaded Coaster (12),5,£1.49,,,,,,
3623,,Access 3x thistle bows gold,5,£0.99,,,,,,
3660,,Activity craft packs,5,£0.99,,,,,,
3729,,xmas heart dec (singles),5,£0.99,,,,,,
4015,,square glass tea light holder(6) D,6,£0.79,,,,,,
4016,,rd clear tea light holder6(D),6,£0.79,,,,,,
4065,,gold pack 4 beaded coaster (12),5,£1.49,,,,,,
4078,,slimline traditional assorted calender,5,£0.99,,,,,,
4079,,slimline scenery calender,5,£0.99,,,,,,
4080,,slimline pet animal calender,5,£0.99,,,,,,
4081,,slim nature animal calender,5,£0.99,,,,,,
4084,,med cupcakes baking calender,5,£1.29,,,,,,
4085,,med photo flowers calender,5,£1.29,,,,,,
4087,,medium organiser diary,5,£1.89,,,,,,
4088,,slim diary on header card,5,£0.99,,,,,,
4089,,silm photo favourites calender,5,£1.29,,,,,,
4148,,xmas puppy photo bottle bag,5,£0.49,,,,,,
4150,,box of choc/champagne/gold string and bows,5,£0.99,,,,,,
4157,,6 mini cracker puppy + kitten,5,£0.99,,,,,,
4158,,xmas 6 mini cute cracker,5,£0.99,,,,,,
4159,,santa stop here decoration,5,£0.99,,,,,,
4162,,beastiez 6 stamper pads w ink,5,£0.99,,,,,,
4164,,actvity M.Y.O xmas scene,5,£0.99,,,,,,
4167,,activity stop santa sign,5,£0.99,,,,,,
4178,,xmas santa melamine dip plate,5,£1.29,,,,,,
4180,,xmas santa belt sack,5,£2.29,,,,,,
4181,,xmas adult santa hat + beard,5,£1.99,,,,,,
4182,,xmas girls santa dress,6,£4.99,,,,,,
4185,,xmas adult santa outfit,5,£5.99,,,,,,
4327,,oval meat platter,5,£2.99,,,,,,
4335,,ast colour star tree deco 4 pk,12,£1.29,,,,,,
4391,,3 piece dog stocking,5,£1.69,,,,,,
9622,,Christmas Sitting Ceramic green Angels,12,£0.89,,,,,,
9623,,Christmas Wrapped Standing green  Ceramic Angel,12,£0.29,,,,,,
"Transfer # : 31,330 To Stock Point : MILNGAVIE - M55 - 8 On 03/12/2013  15:00:20",Stock Point : MILNGAVIE - M55 - 8,,,,,The Manager,12 Douglas Street,Milngavie,England,G62 6PB
1365,,clear glass sweet jar(12)D,12,£0.99,,,,,,
3360,,Red Pack of 4 Beaded Napkin Ring (12),12,£1.49,,,,,,
3361,,Silver Pack of 4 Beaded Napkin Ring (12),5,£1.49,,,,,,
3363,,Black Pack of 4 Beaded Napkin Ring (12),5,£1.49,,,,,,
3368,,Grey Pack of 4 Beaded Napkin ring (12),5,£1.49,,,,,,
3370,,Silver Pack of 4 Beaded Coaster (12),12,£1.49,,,,,,
3644,,Bags Bottle Photo Kitten,5,£0.49,,,,,,
3646,,partyware cups 6x9 oz santa & sn,5,£0.99,,,,,,
3649,,*Partyware Plates Rnd Trad,5,£0.49,,,,,,
3660,,Activity craft packs,5,£0.99,,,,,,
3729,,xmas heart dec (singles),5,£0.99,,,,,,
4015,,square glass tea light holder(6) D,6,£0.79,,,,,,
4078,,slimline traditional assorted calender,5,£0.99,,,,,,
4079,,slimline scenery calender,5,£0.99,,,,,,
4085,,med photo flowers calender,5,£1.29,,,,,,
4088,,slim diary on header card,5,£0.99,,,,,,
4095,,xmas med blue gift bag trees,12,£0.59,,,,,,
4148,,xmas puppy photo bottle bag,5,£0.49,,,,,,
4154,,12 gift tag joy/noel/tree/ball,5,£0.39,,,,,,
4157,,6 mini cracker puppy + kitten,5,£0.99,,,,,,
4160,,xmas santa letter + pouch,5,£0.89,,,,,,
4162,,beastiez 6 stamper pads w ink,5,£0.99,,,,,,
4163,,xmas activity craft pad,5,£0.99,,,,,,
4164,,actvity M.Y.O xmas scene,8,£0.99,,,,,,
4167,,activity stop santa sign,5,£0.99,,,,,,
4168,,activity count down to xmas,5,£0.99,,,,,,
4180,,xmas santa belt sack,5,£2.29,,,,,,
4181,,xmas adult santa hat + beard,8,£1.99,,,,,,
4182,,xmas girls santa dress,8,£4.99,,,,,,
4184,,xmas pet bandana,5,£0.69,,,,,,
4327,,oval meat platter,5,£2.99,,,,,,
4335,,ast colour star tree deco 4 pk,12,£1.29,,,,,,
4343,,t-light holder silver or red,6,£0.79,,,,,,
4391,,3 piece dog stocking,5,£1.69,,,,,,
4392,,4 piece cat stocking,5,£1.69,,,,,,
9622,,Christmas Sitting Ceramic green Angels,12,£0.89,,,,,,
9623,,Christmas Wrapped Standing green  Ceramic Angel,12,£0.29,,,,,,
"Transfer # : 31,331 To Stock Point : PAISLEY - P07 - 8 On 03/12/2013  15:00:23",Stock Point : PAISLEY - P07 - 8,,,,,Margaret Aitken,36 High Street,Paisley,Scotland,PA1 2DQ
3360,,Red Pack of 4 Beaded Napkin Ring (12),5,£1.49,,,,,,
3368,,Grey Pack of 4 Beaded Napkin ring (12),5,£1.49,,,,,,
3369,,Red Pack of 4 Beaded Coaster (12),5,£1.49,,,,,,
3653,,tags xmas 12 double layer,5,£0.99,,,,,,
3660,,Activity craft packs,5,£0.99,,,,,,
3729,,xmas heart dec (singles),8,£0.99,,,,,,
4078,,slimline traditional assorted calender,5,£0.99,,,,,,
4079,,slimline scenery calender,5,£0.99,,,,,,
4080,,slimline pet animal calender,5,£0.99,,,,,,
4081,,slim nature animal calender,5,£0.99,,,,,,
4082,,slimline scotland calender,5,£0.99,,,,,,
4083,,medium scotland calender,5,£1.29,,,,,,
4084,,med cupcakes baking calender,5,£1.29,,,,,,
4085,,med photo flowers calender,5,£1.29,,,,,,
4158,,xmas 6 mini cute cracker,5,£0.99,,,,,,
4159,,santa stop here decoration,5,£0.99,,,,,,
4162,,beastiez 6 stamper pads w ink,5,£0.99,,,,,,
4163,,xmas activity craft pad,5,£0.99,,,,,,
4164,,actvity M.Y.O xmas scene,5,£0.99,,,,,,
4167,,activity stop santa sign,5,£0.99,,,,,,
4168,,activity count down to xmas,5,£0.99,,,,,,
4180,,xmas santa belt sack,5,£2.29,,,,,,
4184,,xmas pet bandana,5,£0.69,,,,,,
4185,,xmas adult santa outfit,5,£5.99,,,,,,
4327,,oval meat platter,5,£2.99,,,,,,
4335,,ast colour star tree deco 4 pk,12,£1.29,,,,,,
9622,,Christmas Sitting Ceramic green Angels,12,£0.89,,,,,,
9623,,Christmas Wrapped Standing green  Ceramic Angel,12,£0.29,,,,,,
"Transfer # : 31,332 To Stock Point : BROUGHTY FERRY - 7 On 03/12/2013  15:00:26",Stock Point : BROUGHTY FERRY - 7,,,,,The Manager,215 Brook St,Broughty Ferry,Dundee,DD5 2AG
3360,,Red Pack of 4 Beaded Napkin Ring (12),12,£1.49,,,,,,
3361,,Silver Pack of 4 Beaded Napkin Ring (12),5,£1.49,,,,,,
3363,,Black Pack of 4 Beaded Napkin Ring (12),5,£1.49,,,,,,
3368,,Grey Pack of 4 Beaded Napkin ring (12),5,£1.49,,,,,,
3369,,Red Pack of 4 Beaded Coaster (12),5,£1.49,,,,,,
3370,,Silver Pack of 4 Beaded Coaster (12),5,£1.49,,,,,,
3414,,Tartan flittered parading owls2013,5,£3.99,,,,,,
3729,,xmas heart dec (singles),5,£0.99,,,,,,
4015,,square glass tea light holder(6) D,6,£0.79,,,,,,
4079,,slimline scenery calender,5,£0.99,,,,,,
4080,,slimline pet animal calender,5,£0.99,,,,,,
4081,,slim nature animal calender,10,£0.99,,,,,,
4082,,slimline scotland calender,12,£0.99,,,,,,
4083,,medium scotland calender,12,£1.29,,,,,,
4084,,med cupcakes baking calender,5,£1.29,,,,,,
4085,,med photo flowers calender,5,£1.29,,,,,,
4087,,medium organiser diary,12,£1.89,,,,,,
4088,,slim diary on header card,5,£0.99,,,,,,
4096,,med black gift bag happy xmas,5,£0.59,,,,,,
4098,,xmas 3 mixed size gift bag,6,£1.29,,,,,,
4159,,santa stop here decoration,5,£0.99,,,,,,
4160,,xmas santa letter + pouch,5,£0.89,,,,,,
4163,,xmas activity craft pad,5,£0.99,,,,,,
4164,,actvity M.Y.O xmas scene,5,£0.99,,,,,,
4165,,candycane/stocking stickers,5,£0.99,,,,,,
4167,,activity stop santa sign,5,£0.99,,,,,,
4168,,activity count down to xmas,5,£0.99,,,,,,
4178,,xmas santa melamine dip plate,5,£1.29,,,,,,
4180,,xmas santa belt sack,5,£2.29,,,,,,
4181,,xmas adult santa hat + beard,5,£1.99,,,,,,
4182,,xmas girls santa dress,5,£4.99,,,,,,
4185,,xmas adult santa outfit,5,£5.99,,,,,,
4327,,oval meat platter,5,£2.99,,,,,,
4335,,ast colour star tree deco 4 pk,12,£1.29,,,,,,
4429,,angel on cloud display (12)in,12,£0.99,,,,,,
9622,,Christmas Sitting Ceramic green Angels,12,£0.89,,,,,,
9623,,Christmas Wrapped Standing green  Ceramic Angel,12,£0.29,,,,,,
9996,,Angel Heart Magnet (12)in,12,£0.99,,,,,,
