"Transfer # : 31,759 To Stock Point : ANNIESLAND - A10 - 8 On 20/01/2014  14:38:14",Stock Point : ANNIESLAND - A10 - 8,,,,,The  Manager,1623 Great Western Road,Anniesland,Glasgow,G13 1LT
3425,,ceramic fragrance heart candles 3 ast,6.000,£2.49,,,,,,
3428,,metal glass hanging lantern with tealight(12)D,12.000,£1.99,,,,,,
3980,,USA Flag Teabag Holder (12) D,8.000,£0.69,,,,,,
3986,,Blue stripe Teabag Holder (12) D,6.000,£0.69,,,,,,
4365,,pack of 3 plastic plates neon,6.000,£0.99,,,,,,
4366,,pack of 2 ice cube trays neon,6.000,£0.99,,,,,,
4367,,plastic watering jug neon,6.000,£0.99,,,,,,
4368,,Large white heart tealight hldr,4.000,£0.99,,,,,,
4369,,muted pastel colours glass candle 4 assorted (12)d,12.000,£0.99,,,,,,
4370,,4 pk muted pastel tealights (pack of 4 = 1 unit),8.000,£0.99,,,,,,
4371,,oriental/blossom glass candle 2 ast,6.000,£0.99,,,,,,
4373,,wild flower small gift bag,6.000,£0.49,,,,,,
4375,,metal city skyline 4 hooks 42x15cm,4.000,£1.49,,,,,,
4377,,grn + pink cherry blossom glass photoframe,4.000,£1.49,,,,,,
4378,,grn/pink cherry blossom square t-light holdr,4.000,£1.29,,,,,,
4380,,plastic bulldog keyring neon,6.000,£0.99,,,,,,
4381,,plastic bird keyring neon,6.000,£0.99,,,,,,
4382,,plastic buddha keyring neon,6.000,£0.99,,,,,,
4383,,birdhouse photo clip-holder neon,4.000,£0.99,,,,,,
4385,,wire mesh candle holder with handle neon,6.000,£0.99,,,,,,
4386,,single metal number hook,6.000,£0.99,,,,,,
4387,,single letter metal hook,6.000,£0.99,,,,,,
4388,,pack 10 jumbo plastic cups,6.000,£0.99,,,,,,
4389,,butterfly t-light holder neon,8.000,£0.99,,,,,,
4393,,ornate magnet frame neon,4.000,£0.99,,,,,,
4394,,ornate frame neon 15x20cm,4.000,£0.99,,,,,,
"Transfer # : 31,760 To Stock Point : ILKLEY - I31 - 8 On 20/01/2014  14:38:15",Stock Point : ILKLEY - I31 - 8,,,,,Janet Wilkinson,2 Spa Buildings,The Grove,Ilkley,LS29 9NQ
3425,,ceramic fragrance heart candles 3 ast,12.000,£2.49,,,,,,
3428,,metal glass hanging lantern with tealight(12)D,12.000,£1.99,,,,,,
3980,,USA Flag Teabag Holder (12) D,8.000,£0.69,,,,,,
3986,,Blue stripe Teabag Holder (12) D,6.000,£0.69,,,,,,
4365,,pack of 3 plastic plates neon,4.000,£0.99,,,,,,
4366,,pack of 2 ice cube trays neon,4.000,£0.99,,,,,,
4367,,plastic watering jug neon,4.000,£0.99,,,,,,
4368,,Large white heart tealight hldr,6.000,£0.99,,,,,,
4369,,muted pastel colours glass candle 4 assorted (12)d,12.000,£0.99,,,,,,
4370,,4 pk muted pastel tealights (pack of 4 = 1 unit),6.000,£0.99,,,,,,
4371,,oriental/blossom glass candle 2 ast,6.000,£0.99,,,,,,
4373,,wild flower small gift bag,6.000,£0.49,,,,,,
4375,,metal city skyline 4 hooks 42x15cm,4.000,£1.49,,,,,,
4377,,grn + pink cherry blossom glass photoframe,6.000,£1.49,,,,,,
4378,,grn/pink cherry blossom square t-light holdr,6.000,£1.29,,,,,,
4379,,'love' / 'home' word sign neon,6.000,£2.99,,,,,,
4380,,plastic bulldog keyring neon,6.000,£0.99,,,,,,
4381,,plastic bird keyring neon,6.000,£0.99,,,,,,
4382,,plastic buddha keyring neon,6.000,£0.99,,,,,,
4383,,birdhouse photo clip-holder neon,6.000,£0.99,,,,,,
4384,,wire birdcage 6x4 photo frame neon,6.000,£1.99,,,,,,
4385,,wire mesh candle holder with handle neon,6.000,£0.99,,,,,,
4386,,single metal number hook,6.000,£0.99,,,,,,
4387,,single letter metal hook,6.000,£0.99,,,,,,
4389,,butterfly t-light holder neon,8.000,£0.99,,,,,,
4393,,ornate magnet frame neon,4.000,£0.99,,,,,,
4394,,ornate frame neon 15x20cm,4.000,£0.99,,,,,,
4395,,3 ast bluebell canvas 30x40cm (1 item=1 canvas),4.000,£2.99,,,,,,
4396,,cream cherry blossm canvas 2 ast designs 30x30cm,4.000,£2.99,,,,,,
"Transfer # : 31,761 To Stock Point : GLASGOW (BOTAN) - G38 - 6 On 20/01/2014  14:38:16",Stock Point : GLASGOW (BOTAN) - G38 - 6,,,,,Lynne Bracken,679 Great Western Rd,Glasgow,Scotland,G12 8RA
3425,,ceramic fragrance heart candles 3 ast,12.000,£2.49,,,,,,
3428,,metal glass hanging lantern with tealight(12)D,12.000,£1.99,,,,,,
3980,,USA Flag Teabag Holder (12) D,8.000,£0.69,,,,,,
3986,,Blue stripe Teabag Holder (12) D,6.000,£0.69,,,,,,
4365,,pack of 3 plastic plates neon,4.000,£0.99,,,,,,
4366,,pack of 2 ice cube trays neon,4.000,£0.99,,,,,,
4367,,plastic watering jug neon,4.000,£0.99,,,,,,
4368,,Large white heart tealight hldr,6.000,£0.99,,,,,,
4369,,muted pastel colours glass candle 4 assorted (12)d,12.000,£0.99,,,,,,
4370,,4 pk muted pastel tealights (pack of 4 = 1 unit),8.000,£0.99,,,,,,
4371,,oriental/blossom glass candle 2 ast,6.000,£0.99,,,,,,
4373,,wild flower small gift bag,6.000,£0.49,,,,,,
4375,,metal city skyline 4 hooks 42x15cm,6.000,£1.49,,,,,,
4377,,grn + pink cherry blossom glass photoframe,6.000,£1.49,,,,,,
4378,,grn/pink cherry blossom square t-light holdr,6.000,£1.29,,,,,,
4379,,'love' / 'home' word sign neon,6.000,£2.99,,,,,,
4380,,plastic bulldog keyring neon,6.000,£0.99,,,,,,
4381,,plastic bird keyring neon,6.000,£0.99,,,,,,
4382,,plastic buddha keyring neon,6.000,£0.99,,,,,,
4383,,birdhouse photo clip-holder neon,6.000,£0.99,,,,,,
4384,,wire birdcage 6x4 photo frame neon,6.000,£1.99,,,,,,
4385,,wire mesh candle holder with handle neon,6.000,£0.99,,,,,,
4386,,single metal number hook,12.000,£0.99,,,,,,
4387,,single letter metal hook,12.000,£0.99,,,,,,
4388,,pack 10 jumbo plastic cups,4.000,£0.99,,,,,,
4389,,butterfly t-light holder neon,8.000,£0.99,,,,,,
4393,,ornate magnet frame neon,6.000,£0.99,,,,,,
4394,,ornate frame neon 15x20cm,6.000,£0.99,,,,,,
4395,,3 ast bluebell canvas 30x40cm (1 item=1 canvas),4.000,£2.99,,,,,,
4396,,cream cherry blossm canvas 2 ast designs 30x30cm,4.000,£2.99,,,,,,
"Transfer # : 31,762 To Stock Point : HYTHE - H96 - 6 On 20/01/2014  14:38:17",Stock Point : HYTHE - H96 - 6,,,,,Karen Gower,105 High Street,Hythe,Kent,CT21 5JH
3425,,ceramic fragrance heart candles 3 ast,6.000,£2.49,,,,,,
3428,,metal glass hanging lantern with tealight(12)D,12.000,£1.99,,,,,,
3980,,USA Flag Teabag Holder (12) D,8.000,£0.69,,,,,,
3986,,Blue stripe Teabag Holder (12) D,6.000,£0.69,,,,,,
4365,,pack of 3 plastic plates neon,6.000,£0.99,,,,,,
4366,,pack of 2 ice cube trays neon,6.000,£0.99,,,,,,
4367,,plastic watering jug neon,6.000,£0.99,,,,,,
4368,,Large white heart tealight hldr,4.000,£0.99,,,,,,
4369,,muted pastel colours glass candle 4 assorted (12)d,12.000,£0.99,,,,,,
4370,,4 pk muted pastel tealights (pack of 4 = 1 unit),8.000,£0.99,,,,,,
4371,,oriental/blossom glass candle 2 ast,6.000,£0.99,,,,,,
4373,,wild flower small gift bag,6.000,£0.49,,,,,,
4375,,metal city skyline 4 hooks 42x15cm,4.000,£1.49,,,,,,
4377,,grn + pink cherry blossom glass photoframe,4.000,£1.49,,,,,,
4378,,grn/pink cherry blossom square t-light holdr,4.000,£1.29,,,,,,
4380,,plastic bulldog keyring neon,6.000,£0.99,,,,,,
4381,,plastic bird keyring neon,6.000,£0.99,,,,,,
4382,,plastic buddha keyring neon,6.000,£0.99,,,,,,
4383,,birdhouse photo clip-holder neon,4.000,£0.99,,,,,,
4385,,wire mesh candle holder with handle neon,6.000,£0.99,,,,,,
4386,,single metal number hook,6.000,£0.99,,,,,,
4387,,single letter metal hook,6.000,£0.99,,,,,,
4388,,pack 10 jumbo plastic cups,6.000,£0.99,,,,,,
4389,,butterfly t-light holder neon,8.000,£0.99,,,,,,
4393,,ornate magnet frame neon,4.000,£0.99,,,,,,
4394,,ornate frame neon 15x20cm,4.000,£0.99,,,,,,
"Transfer # : 31,763 To Stock Point : CROSS GATES - C81 - 5 On 20/01/2014  14:38:17",Stock Point : CROSS GATES - C81 - 5,,,,,The Manager,"Unit 2, Crossgates Shopping Centre",Crossgates,,LS15 8DX
3425,,ceramic fragrance heart candles 3 ast,6.000,£2.49,,,,,,
3428,,metal glass hanging lantern with tealight(12)D,12.000,£1.99,,,,,,
3980,,USA Flag Teabag Holder (12) D,8.000,£0.69,,,,,,
3986,,Blue stripe Teabag Holder (12) D,6.000,£0.69,,,,,,
4365,,pack of 3 plastic plates neon,6.000,£0.99,,,,,,
4366,,pack of 2 ice cube trays neon,6.000,£0.99,,,,,,
4367,,plastic watering jug neon,6.000,£0.99,,,,,,
4368,,Large white heart tealight hldr,4.000,£0.99,,,,,,
4369,,muted pastel colours glass candle 4 assorted (12)d,12.000,£0.99,,,,,,
4370,,4 pk muted pastel tealights (pack of 4 = 1 unit),8.000,£0.99,,,,,,
4371,,oriental/blossom glass candle 2 ast,6.000,£0.99,,,,,,
4373,,wild flower small gift bag,6.000,£0.49,,,,,,
4375,,metal city skyline 4 hooks 42x15cm,4.000,£1.49,,,,,,
4377,,grn + pink cherry blossom glass photoframe,4.000,£1.49,,,,,,
4378,,grn/pink cherry blossom square t-light holdr,4.000,£1.29,,,,,,
4380,,plastic bulldog keyring neon,6.000,£0.99,,,,,,
4381,,plastic bird keyring neon,6.000,£0.99,,,,,,
4382,,plastic buddha keyring neon,6.000,£0.99,,,,,,
4383,,birdhouse photo clip-holder neon,4.000,£0.99,,,,,,
4385,,wire mesh candle holder with handle neon,6.000,£0.99,,,,,,
4386,,single metal number hook,6.000,£0.99,,,,,,
4387,,single letter metal hook,6.000,£0.99,,,,,,
4388,,pack 10 jumbo plastic cups,6.000,£0.99,,,,,,
4389,,butterfly t-light holder neon,8.000,£0.99,,,,,,
4393,,ornate magnet frame neon,4.000,£0.99,,,,,,
4394,,ornate frame neon 15x20cm,4.000,£0.99,,,,,,
"Transfer # : 31,764 To Stock Point : ELGIN - E59 - 5 On 20/01/2014  14:38:18",Stock Point : ELGIN - E59 - 5,,,,,Lorna Jack,85 High Street,Elgin,Morayshire,IV30 1EA
3425,,ceramic fragrance heart candles 3 ast,12.000,£2.49,,,,,,
3428,,metal glass hanging lantern with tealight(12)D,12.000,£1.99,,,,,,
3980,,USA Flag Teabag Holder (12) D,8.000,£0.69,,,,,,
3986,,Blue stripe Teabag Holder (12) D,6.000,£0.69,,,,,,
4365,,pack of 3 plastic plates neon,4.000,£0.99,,,,,,
4366,,pack of 2 ice cube trays neon,4.000,£0.99,,,,,,
4367,,plastic watering jug neon,4.000,£0.99,,,,,,
4368,,Large white heart tealight hldr,6.000,£0.99,,,,,,
4369,,muted pastel colours glass candle 4 assorted (12)d,12.000,£0.99,,,,,,
4370,,4 pk muted pastel tealights (pack of 4 = 1 unit),8.000,£0.99,,,,,,
4371,,oriental/blossom glass candle 2 ast,6.000,£0.99,,,,,,
4373,,wild flower small gift bag,6.000,£0.49,,,,,,
4375,,metal city skyline 4 hooks 42x15cm,6.000,£1.49,,,,,,
4377,,grn + pink cherry blossom glass photoframe,6.000,£1.49,,,,,,
4378,,grn/pink cherry blossom square t-light holdr,6.000,£1.29,,,,,,
4379,,'love' / 'home' word sign neon,6.000,£2.99,,,,,,
4380,,plastic bulldog keyring neon,6.000,£0.99,,,,,,
4381,,plastic bird keyring neon,6.000,£0.99,,,,,,
4382,,plastic buddha keyring neon,6.000,£0.99,,,,,,
4383,,birdhouse photo clip-holder neon,6.000,£0.99,,,,,,
4384,,wire birdcage 6x4 photo frame neon,6.000,£1.99,,,,,,
4385,,wire mesh candle holder with handle neon,6.000,£0.99,,,,,,
4386,,single metal number hook,12.000,£0.99,,,,,,
4387,,single letter metal hook,12.000,£0.99,,,,,,
4388,,pack 10 jumbo plastic cups,4.000,£0.99,,,,,,
4389,,butterfly t-light holder neon,8.000,£0.99,,,,,,
4393,,ornate magnet frame neon,6.000,£0.99,,,,,,
4394,,ornate frame neon 15x20cm,6.000,£0.99,,,,,,
4395,,3 ast bluebell canvas 30x40cm (1 item=1 canvas),4.000,£2.99,,,,,,
4396,,cream cherry blossm canvas 2 ast designs 30x30cm,4.000,£2.99,,,,,,
"Transfer # : 31,765 To Stock Point : GLASGOW (CLARK) - G42 - 5 On 20/01/2014  14:38:19",Stock Point : GLASGOW (CLARK) - G42 - 5,,,,,The Manager,"Unit 19, 21 The Toll, Busby Rd ",Clarkston ,Glasgow,G76 7BG
3425,,ceramic fragrance heart candles 3 ast,6.000,£2.49,,,,,,
3428,,metal glass hanging lantern with tealight(12)D,12.000,£1.99,,,,,,
3980,,USA Flag Teabag Holder (12) D,8.000,£0.69,,,,,,
3986,,Blue stripe Teabag Holder (12) D,6.000,£0.69,,,,,,
4365,,pack of 3 plastic plates neon,6.000,£0.99,,,,,,
4366,,pack of 2 ice cube trays neon,6.000,£0.99,,,,,,
4367,,plastic watering jug neon,6.000,£0.99,,,,,,
4368,,Large white heart tealight hldr,4.000,£0.99,,,,,,
4369,,muted pastel colours glass candle 4 assorted (12)d,12.000,£0.99,,,,,,
4370,,4 pk muted pastel tealights (pack of 4 = 1 unit),8.000,£0.99,,,,,,
4371,,oriental/blossom glass candle 2 ast,6.000,£0.99,,,,,,
4373,,wild flower small gift bag,6.000,£0.49,,,,,,
4375,,metal city skyline 4 hooks 42x15cm,4.000,£1.49,,,,,,
4377,,grn + pink cherry blossom glass photoframe,4.000,£1.49,,,,,,
4378,,grn/pink cherry blossom square t-light holdr,4.000,£1.29,,,,,,
4380,,plastic bulldog keyring neon,6.000,£0.99,,,,,,
4381,,plastic bird keyring neon,6.000,£0.99,,,,,,
4382,,plastic buddha keyring neon,6.000,£0.99,,,,,,
4383,,birdhouse photo clip-holder neon,4.000,£0.99,,,,,,
4385,,wire mesh candle holder with handle neon,6.000,£0.99,,,,,,
4386,,single metal number hook,6.000,£0.99,,,,,,
4387,,single letter metal hook,6.000,£0.99,,,,,,
4388,,pack 10 jumbo plastic cups,6.000,£0.99,,,,,,
4389,,butterfly t-light holder neon,8.000,£0.99,,,,,,
4393,,ornate magnet frame neon,4.000,£0.99,,,,,,
4394,,ornate frame neon 15x20cm,4.000,£0.99,,,,,,
"Transfer # : 31,766 To Stock Point : LEVEN - L22 - 5 On 20/01/2014  14:38:19",Stock Point : LEVEN - L22 - 5,,,,,April Pigdon,4 Durie Street,Leven,Fife,KY8 4HE
3425,,ceramic fragrance heart candles 3 ast,6.000,£2.49,,,,,,
3428,,metal glass hanging lantern with tealight(12)D,12.000,£1.99,,,,,,
3980,,USA Flag Teabag Holder (12) D,8.000,£0.69,,,,,,
3986,,Blue stripe Teabag Holder (12) D,6.000,£0.69,,,,,,
4365,,pack of 3 plastic plates neon,6.000,£0.99,,,,,,
4366,,pack of 2 ice cube trays neon,6.000,£0.99,,,,,,
4367,,plastic watering jug neon,6.000,£0.99,,,,,,
4368,,Large white heart tealight hldr,4.000,£0.99,,,,,,
4369,,muted pastel colours glass candle 4 assorted (12)d,12.000,£0.99,,,,,,
4370,,4 pk muted pastel tealights (pack of 4 = 1 unit),6.000,£0.99,,,,,,
4371,,oriental/blossom glass candle 2 ast,6.000,£0.99,,,,,,
4373,,wild flower small gift bag,6.000,£0.49,,,,,,
4375,,metal city skyline 4 hooks 42x15cm,4.000,£1.49,,,,,,
4377,,grn + pink cherry blossom glass photoframe,4.000,£1.49,,,,,,
4378,,grn/pink cherry blossom square t-light holdr,4.000,£1.29,,,,,,
4380,,plastic bulldog keyring neon,6.000,£0.99,,,,,,
4381,,plastic bird keyring neon,6.000,£0.99,,,,,,
4382,,plastic buddha keyring neon,6.000,£0.99,,,,,,
4383,,birdhouse photo clip-holder neon,4.000,£0.99,,,,,,
4385,,wire mesh candle holder with handle neon,6.000,£0.99,,,,,,
4386,,single metal number hook,6.000,£0.99,,,,,,
4387,,single letter metal hook,6.000,£0.99,,,,,,
4389,,butterfly t-light holder neon,8.000,£0.99,,,,,,
4393,,ornate magnet frame neon,4.000,£0.99,,,,,,
4394,,ornate frame neon 15x20cm,4.000,£0.99,,,,,,
"Transfer # : 31,767 To Stock Point : NANTWICH - N10 - 5 On 20/01/2014  14:38:20",Stock Point : NANTWICH - N10 - 5,,,,,Susan Davies,44 Beam Street,Nantwich,Cheshire,CW5 5LJ
3425,,ceramic fragrance heart candles 3 ast,12.000,£2.49,,,,,,
3428,,metal glass hanging lantern with tealight(12)D,12.000,£1.99,,,,,,
3980,,USA Flag Teabag Holder (12) D,8.000,£0.69,,,,,,
3986,,Blue stripe Teabag Holder (12) D,6.000,£0.69,,,,,,
4365,,pack of 3 plastic plates neon,4.000,£0.99,,,,,,
4366,,pack of 2 ice cube trays neon,4.000,£0.99,,,,,,
4367,,plastic watering jug neon,4.000,£0.99,,,,,,
4368,,Large white heart tealight hldr,6.000,£0.99,,,,,,
4369,,muted pastel colours glass candle 4 assorted (12)d,12.000,£0.99,,,,,,
4370,,4 pk muted pastel tealights (pack of 4 = 1 unit),8.000,£0.99,,,,,,
4371,,oriental/blossom glass candle 2 ast,6.000,£0.99,,,,,,
4373,,wild flower small gift bag,6.000,£0.49,,,,,,
4375,,metal city skyline 4 hooks 42x15cm,6.000,£1.49,,,,,,
4377,,grn + pink cherry blossom glass photoframe,6.000,£1.49,,,,,,
4378,,grn/pink cherry blossom square t-light holdr,6.000,£1.29,,,,,,
4379,,'love' / 'home' word sign neon,6.000,£2.99,,,,,,
4380,,plastic bulldog keyring neon,6.000,£0.99,,,,,,
4381,,plastic bird keyring neon,6.000,£0.99,,,,,,
4382,,plastic buddha keyring neon,6.000,£0.99,,,,,,
4383,,birdhouse photo clip-holder neon,6.000,£0.99,,,,,,
4384,,wire birdcage 6x4 photo frame neon,6.000,£1.99,,,,,,
4385,,wire mesh candle holder with handle neon,6.000,£0.99,,,,,,
4386,,single metal number hook,12.000,£0.99,,,,,,
4387,,single letter metal hook,12.000,£0.99,,,,,,
4388,,pack 10 jumbo plastic cups,4.000,£0.99,,,,,,
4389,,butterfly t-light holder neon,8.000,£0.99,,,,,,
4393,,ornate magnet frame neon,6.000,£0.99,,,,,,
4394,,ornate frame neon 15x20cm,6.000,£0.99,,,,,,
4395,,3 ast bluebell canvas 30x40cm (1 item=1 canvas),4.000,£2.99,,,,,,
4396,,cream cherry blossm canvas 2 ast designs 30x30cm,4.000,£2.99,,,,,,
"Transfer # : 31,768 To Stock Point : PLUMSTEAD - P40 - 5 On 20/01/2014  14:38:21",Stock Point : PLUMSTEAD - P40 - 5,,,,,Debbie Edgar,43 Lakedale Road,Plumstead,London,SE18 1PR
3425,,ceramic fragrance heart candles 3 ast,12.000,£2.49,,,,,,
3428,,metal glass hanging lantern with tealight(12)D,12.000,£1.99,,,,,,
3980,,USA Flag Teabag Holder (12) D,8.000,£0.69,,,,,,
3986,,Blue stripe Teabag Holder (12) D,6.000,£0.69,,,,,,
4365,,pack of 3 plastic plates neon,4.000,£0.99,,,,,,
4366,,pack of 2 ice cube trays neon,4.000,£0.99,,,,,,
4367,,plastic watering jug neon,4.000,£0.99,,,,,,
4368,,Large white heart tealight hldr,6.000,£0.99,,,,,,
4369,,muted pastel colours glass candle 4 assorted (12)d,12.000,£0.99,,,,,,
4370,,4 pk muted pastel tealights (pack of 4 = 1 unit),6.000,£0.99,,,,,,
4371,,oriental/blossom glass candle 2 ast,6.000,£0.99,,,,,,
4373,,wild flower small gift bag,6.000,£0.49,,,,,,
4375,,metal city skyline 4 hooks 42x15cm,4.000,£1.49,,,,,,
4377,,grn + pink cherry blossom glass photoframe,6.000,£1.49,,,,,,
4378,,grn/pink cherry blossom square t-light holdr,6.000,£1.29,,,,,,
4379,,'love' / 'home' word sign neon,6.000,£2.99,,,,,,
4380,,plastic bulldog keyring neon,6.000,£0.99,,,,,,
4381,,plastic bird keyring neon,6.000,£0.99,,,,,,
4382,,plastic buddha keyring neon,6.000,£0.99,,,,,,
4383,,birdhouse photo clip-holder neon,6.000,£0.99,,,,,,
4384,,wire birdcage 6x4 photo frame neon,6.000,£1.99,,,,,,
4385,,wire mesh candle holder with handle neon,6.000,£0.99,,,,,,
4386,,single metal number hook,6.000,£0.99,,,,,,
4387,,single letter metal hook,6.000,£0.99,,,,,,
4388,,pack 10 jumbo plastic cups,4.000,£0.99,,,,,,
4389,,butterfly t-light holder neon,8.000,£0.99,,,,,,
4393,,ornate magnet frame neon,4.000,£0.99,,,,,,
4394,,ornate frame neon 15x20cm,4.000,£0.99,,,,,,
4395,,3 ast bluebell canvas 30x40cm (1 item=1 canvas),4.000,£2.99,,,,,,
4396,,cream cherry blossm canvas 2 ast designs 30x30cm,4.000,£2.99,,,,,,
"Transfer # : 31,769 To Stock Point : SEAFORD - S77 - 5 On 20/01/2014  14:38:21",Stock Point : SEAFORD - S77 - 5,,,,,The Manager,3 Shepway Parade,Broad St ,Seaford,BN25 1LZ
3425,,ceramic fragrance heart candles 3 ast,12.000,£2.49,,,,,,
3428,,metal glass hanging lantern with tealight(12)D,12.000,£1.99,,,,,,
3980,,USA Flag Teabag Holder (12) D,8.000,£0.69,,,,,,
3986,,Blue stripe Teabag Holder (12) D,6.000,£0.69,,,,,,
4365,,pack of 3 plastic plates neon,4.000,£0.99,,,,,,
4366,,pack of 2 ice cube trays neon,4.000,£0.99,,,,,,
4367,,plastic watering jug neon,4.000,£0.99,,,,,,
4368,,Large white heart tealight hldr,6.000,£0.99,,,,,,
4369,,muted pastel colours glass candle 4 assorted (12)d,12.000,£0.99,,,,,,
4370,,4 pk muted pastel tealights (pack of 4 = 1 unit),8.000,£0.99,,,,,,
4371,,oriental/blossom glass candle 2 ast,6.000,£0.99,,,,,,
4373,,wild flower small gift bag,6.000,£0.49,,,,,,
4375,,metal city skyline 4 hooks 42x15cm,6.000,£1.49,,,,,,
4377,,grn + pink cherry blossom glass photoframe,6.000,£1.49,,,,,,
4378,,grn/pink cherry blossom square t-light holdr,6.000,£1.29,,,,,,
4379,,'love' / 'home' word sign neon,6.000,£2.99,,,,,,
4380,,plastic bulldog keyring neon,6.000,£0.99,,,,,,
4381,,plastic bird keyring neon,6.000,£0.99,,,,,,
4382,,plastic buddha keyring neon,6.000,£0.99,,,,,,
4383,,birdhouse photo clip-holder neon,6.000,£0.99,,,,,,
4384,,wire birdcage 6x4 photo frame neon,6.000,£1.99,,,,,,
4385,,wire mesh candle holder with handle neon,6.000,£0.99,,,,,,
4386,,single metal number hook,12.000,£0.99,,,,,,
4387,,single letter metal hook,12.000,£0.99,,,,,,
4388,,pack 10 jumbo plastic cups,4.000,£0.99,,,,,,
4389,,butterfly t-light holder neon,8.000,£0.99,,,,,,
4393,,ornate magnet frame neon,6.000,£0.99,,,,,,
4394,,ornate frame neon 15x20cm,6.000,£0.99,,,,,,
4395,,3 ast bluebell canvas 30x40cm (1 item=1 canvas),4.000,£2.99,,,,,,
4396,,cream cherry blossm canvas 2 ast designs 30x30cm,4.000,£2.99,,,,,,
"Transfer # : 31,770 To Stock Point : SHREWSBURY - S40 - 5 On 20/01/2014  14:38:22",Stock Point : SHREWSBURY - S40 - 5,,,,,Alastir Donaghue,74 Mardol Street ,Shrewsbury  ,Shropshire,SY1 1PZ
3425,,ceramic fragrance heart candles 3 ast,12.000,£2.49,,,,,,
3428,,metal glass hanging lantern with tealight(12)D,12.000,£1.99,,,,,,
3980,,USA Flag Teabag Holder (12) D,8.000,£0.69,,,,,,
3986,,Blue stripe Teabag Holder (12) D,6.000,£0.69,,,,,,
4365,,pack of 3 plastic plates neon,4.000,£0.99,,,,,,
4366,,pack of 2 ice cube trays neon,4.000,£0.99,,,,,,
4367,,plastic watering jug neon,4.000,£0.99,,,,,,
4368,,Large white heart tealight hldr,6.000,£0.99,,,,,,
4369,,muted pastel colours glass candle 4 assorted (12)d,12.000,£0.99,,,,,,
4370,,4 pk muted pastel tealights (pack of 4 = 1 unit),8.000,£0.99,,,,,,
4371,,oriental/blossom glass candle 2 ast,6.000,£0.99,,,,,,
4373,,wild flower small gift bag,6.000,£0.49,,,,,,
4375,,metal city skyline 4 hooks 42x15cm,6.000,£1.49,,,,,,
4377,,grn + pink cherry blossom glass photoframe,6.000,£1.49,,,,,,
4378,,grn/pink cherry blossom square t-light holdr,6.000,£1.29,,,,,,
4379,,'love' / 'home' word sign neon,6.000,£2.99,,,,,,
4380,,plastic bulldog keyring neon,6.000,£0.99,,,,,,
4381,,plastic bird keyring neon,6.000,£0.99,,,,,,
4382,,plastic buddha keyring neon,6.000,£0.99,,,,,,
4383,,birdhouse photo clip-holder neon,6.000,£0.99,,,,,,
4384,,wire birdcage 6x4 photo frame neon,6.000,£1.99,,,,,,
4385,,wire mesh candle holder with handle neon,6.000,£0.99,,,,,,
4386,,single metal number hook,12.000,£0.99,,,,,,
4387,,single letter metal hook,12.000,£0.99,,,,,,
4388,,pack 10 jumbo plastic cups,4.000,£0.99,,,,,,
4389,,butterfly t-light holder neon,8.000,£0.99,,,,,,
4393,,ornate magnet frame neon,6.000,£0.99,,,,,,
4394,,ornate frame neon 15x20cm,6.000,£0.99,,,,,,
4395,,3 ast bluebell canvas 30x40cm (1 item=1 canvas),4.000,£2.99,,,,,,
4396,,cream cherry blossm canvas 2 ast designs 30x30cm,4.000,£2.99,,,,,,
"Transfer # : 31,771 To Stock Point : HARROGATE - H18 - 4 On 20/01/2014  14:38:23",Stock Point : HARROGATE - H18 - 4,,,,,Andrew Brown,5 Commercial Street,Harrogate,North Yorks,HG1 1UB
3425,,ceramic fragrance heart candles 3 ast,6.000,£2.49,,,,,,
3428,,metal glass hanging lantern with tealight(12)D,12.000,£1.99,,,,,,
3980,,USA Flag Teabag Holder (12) D,8.000,£0.69,,,,,,
3986,,Blue stripe Teabag Holder (12) D,6.000,£0.69,,,,,,
4365,,pack of 3 plastic plates neon,4.000,£0.99,,,,,,
4366,,pack of 2 ice cube trays neon,4.000,£0.99,,,,,,
4367,,plastic watering jug neon,4.000,£0.99,,,,,,
4368,,Large white heart tealight hldr,6.000,£0.99,,,,,,
4369,,muted pastel colours glass candle 4 assorted (12)d,12.000,£0.99,,,,,,
4370,,4 pk muted pastel tealights (pack of 4 = 1 unit),6.000,£0.99,,,,,,
4371,,oriental/blossom glass candle 2 ast,6.000,£0.99,,,,,,
4373,,wild flower small gift bag,6.000,£0.49,,,,,,
4375,,metal city skyline 4 hooks 42x15cm,4.000,£1.49,,,,,,
4377,,grn + pink cherry blossom glass photoframe,6.000,£1.49,,,,,,
4378,,grn/pink cherry blossom square t-light holdr,6.000,£1.29,,,,,,
4379,,'love' / 'home' word sign neon,6.000,£2.99,,,,,,
4380,,plastic bulldog keyring neon,6.000,£0.99,,,,,,
4381,,plastic bird keyring neon,6.000,£0.99,,,,,,
4382,,plastic buddha keyring neon,6.000,£0.99,,,,,,
4383,,birdhouse photo clip-holder neon,6.000,£0.99,,,,,,
4384,,wire birdcage 6x4 photo frame neon,6.000,£1.99,,,,,,
4385,,wire mesh candle holder with handle neon,6.000,£0.99,,,,,,
4386,,single metal number hook,6.000,£0.99,,,,,,
4387,,single letter metal hook,6.000,£0.99,,,,,,
4389,,butterfly t-light holder neon,8.000,£0.99,,,,,,
4393,,ornate magnet frame neon,4.000,£0.99,,,,,,
4394,,ornate frame neon 15x20cm,4.000,£0.99,,,,,,
4395,,3 ast bluebell canvas 30x40cm (1 item=1 canvas),4.000,£2.99,,,,,,
4396,,cream cherry blossm canvas 2 ast designs 30x30cm,4.000,£2.99,,,,,,
"Transfer # : 31,772 To Stock Point : PETERHEAD - P28 - 4 On 20/01/2014  14:38:23",Stock Point : PETERHEAD - P28 - 4,,,,,Susan McLatchie,11 Marischal Street,Peterhead,Scotland,AB42 1BS
3425,,ceramic fragrance heart candles 3 ast,6.000,£2.49,,,,,,
3428,,metal glass hanging lantern with tealight(12)D,12.000,£1.99,,,,,,
3980,,USA Flag Teabag Holder (12) D,8.000,£0.69,,,,,,
3986,,Blue stripe Teabag Holder (12) D,6.000,£0.69,,,,,,
4365,,pack of 3 plastic plates neon,6.000,£0.99,,,,,,
4366,,pack of 2 ice cube trays neon,6.000,£0.99,,,,,,
4367,,plastic watering jug neon,6.000,£0.99,,,,,,
4368,,Large white heart tealight hldr,4.000,£0.99,,,,,,
4369,,muted pastel colours glass candle 4 assorted (12)d,12.000,£0.99,,,,,,
4370,,4 pk muted pastel tealights (pack of 4 = 1 unit),6.000,£0.99,,,,,,
4371,,oriental/blossom glass candle 2 ast,6.000,£0.99,,,,,,
4373,,wild flower small gift bag,6.000,£0.49,,,,,,
4375,,metal city skyline 4 hooks 42x15cm,4.000,£1.49,,,,,,
4377,,grn + pink cherry blossom glass photoframe,4.000,£1.49,,,,,,
4378,,grn/pink cherry blossom square t-light holdr,4.000,£1.29,,,,,,
4380,,plastic bulldog keyring neon,6.000,£0.99,,,,,,
4381,,plastic bird keyring neon,6.000,£0.99,,,,,,
4382,,plastic buddha keyring neon,6.000,£0.99,,,,,,
4383,,birdhouse photo clip-holder neon,4.000,£0.99,,,,,,
4385,,wire mesh candle holder with handle neon,6.000,£0.99,,,,,,
4386,,single metal number hook,6.000,£0.99,,,,,,
4387,,single letter metal hook,6.000,£0.99,,,,,,
4389,,butterfly t-light holder neon,8.000,£0.99,,,,,,
4393,,ornate magnet frame neon,4.000,£0.99,,,,,,
4394,,ornate frame neon 15x20cm,4.000,£0.99,,,,,,
"Transfer # : 31,773 To Stock Point : STIRLING - S76 - 4 On 20/01/2014  14:38:24",Stock Point : STIRLING - S76 - 4,,,,,Brideen Sharp,53/55 Barnton Street,Stirling,Scotland,FK8 1HH
3425,,ceramic fragrance heart candles 3 ast,6.000,£2.49,,,,,,
3428,,metal glass hanging lantern with tealight(12)D,12.000,£1.99,,,,,,
3980,,USA Flag Teabag Holder (12) D,8.000,£0.69,,,,,,
3986,,Blue stripe Teabag Holder (12) D,6.000,£0.69,,,,,,
4365,,pack of 3 plastic plates neon,6.000,£0.99,,,,,,
4366,,pack of 2 ice cube trays neon,6.000,£0.99,,,,,,
4367,,plastic watering jug neon,6.000,£0.99,,,,,,
4368,,Large white heart tealight hldr,4.000,£0.99,,,,,,
4369,,muted pastel colours glass candle 4 assorted (12)d,12.000,£0.99,,,,,,
4370,,4 pk muted pastel tealights (pack of 4 = 1 unit),8.000,£0.99,,,,,,
4371,,oriental/blossom glass candle 2 ast,6.000,£0.99,,,,,,
4373,,wild flower small gift bag,6.000,£0.49,,,,,,
4375,,metal city skyline 4 hooks 42x15cm,4.000,£1.49,,,,,,
4377,,grn + pink cherry blossom glass photoframe,4.000,£1.49,,,,,,
4378,,grn/pink cherry blossom square t-light holdr,4.000,£1.29,,,,,,
4380,,plastic bulldog keyring neon,6.000,£0.99,,,,,,
4381,,plastic bird keyring neon,6.000,£0.99,,,,,,
4382,,plastic buddha keyring neon,6.000,£0.99,,,,,,
4383,,birdhouse photo clip-holder neon,4.000,£0.99,,,,,,
4385,,wire mesh candle holder with handle neon,6.000,£0.99,,,,,,
4386,,single metal number hook,6.000,£0.99,,,,,,
4387,,single letter metal hook,6.000,£0.99,,,,,,
4388,,pack 10 jumbo plastic cups,6.000,£0.99,,,,,,
4389,,butterfly t-light holder neon,8.000,£0.99,,,,,,
4393,,ornate magnet frame neon,4.000,£0.99,,,,,,
4394,,ornate frame neon 15x20cm,4.000,£0.99,,,,,,
"Transfer # : 31,774 To Stock Point : WEST BRIDGFORD - 4 On 20/01/2014  14:38:25",Stock Point : WEST BRIDGFORD - 4,,,,,The manager,25 Tudor Square,West Bridgford,Nottingham,NG2 6BT
3425,,ceramic fragrance heart candles 3 ast,6.000,£2.49,,,,,,
3428,,metal glass hanging lantern with tealight(12)D,12.000,£1.99,,,,,,
3980,,USA Flag Teabag Holder (12) D,8.000,£0.69,,,,,,
3986,,Blue stripe Teabag Holder (12) D,6.000,£0.69,,,,,,
4365,,pack of 3 plastic plates neon,6.000,£0.99,,,,,,
4366,,pack of 2 ice cube trays neon,6.000,£0.99,,,,,,
4367,,plastic watering jug neon,6.000,£0.99,,,,,,
4368,,Large white heart tealight hldr,4.000,£0.99,,,,,,
4369,,muted pastel colours glass candle 4 assorted (12)d,12.000,£0.99,,,,,,
4370,,4 pk muted pastel tealights (pack of 4 = 1 unit),8.000,£0.99,,,,,,
4371,,oriental/blossom glass candle 2 ast,6.000,£0.99,,,,,,
4373,,wild flower small gift bag,6.000,£0.49,,,,,,
4375,,metal city skyline 4 hooks 42x15cm,4.000,£1.49,,,,,,
4377,,grn + pink cherry blossom glass photoframe,4.000,£1.49,,,,,,
4378,,grn/pink cherry blossom square t-light holdr,4.000,£1.29,,,,,,
4380,,plastic bulldog keyring neon,6.000,£0.99,,,,,,
4381,,plastic bird keyring neon,6.000,£0.99,,,,,,
4382,,plastic buddha keyring neon,6.000,£0.99,,,,,,
4383,,birdhouse photo clip-holder neon,4.000,£0.99,,,,,,
4385,,wire mesh candle holder with handle neon,6.000,£0.99,,,,,,
4386,,single metal number hook,6.000,£0.99,,,,,,
4387,,single letter metal hook,6.000,£0.99,,,,,,
4388,,pack 10 jumbo plastic cups,6.000,£0.99,,,,,,
4389,,butterfly t-light holder neon,8.000,£0.99,,,,,,
4393,,ornate magnet frame neon,4.000,£0.99,,,,,,
4394,,ornate frame neon 15x20cm,4.000,£0.99,,,,,,
"Transfer # : 31,775 To Stock Point : WESTGATE - W38 - 4 On 20/01/2014  14:38:25",Stock Point : WESTGATE - W38 - 4,,,,,Andrew Smith,31 Station Road,Westgate,Kent,CT8 8RB
3425,,ceramic fragrance heart candles 3 ast,6.000,£2.49,,,,,,
3428,,metal glass hanging lantern with tealight(12)D,12.000,£1.99,,,,,,
3980,,USA Flag Teabag Holder (12) D,8.000,£0.69,,,,,,
3986,,Blue stripe Teabag Holder (12) D,6.000,£0.69,,,,,,
4365,,pack of 3 plastic plates neon,6.000,£0.99,,,,,,
4366,,pack of 2 ice cube trays neon,6.000,£0.99,,,,,,
4367,,plastic watering jug neon,6.000,£0.99,,,,,,
4368,,Large white heart tealight hldr,4.000,£0.99,,,,,,
4369,,muted pastel colours glass candle 4 assorted (12)d,12.000,£0.99,,,,,,
4370,,4 pk muted pastel tealights (pack of 4 = 1 unit),8.000,£0.99,,,,,,
4371,,oriental/blossom glass candle 2 ast,6.000,£0.99,,,,,,
4373,,wild flower small gift bag,6.000,£0.49,,,,,,
4375,,metal city skyline 4 hooks 42x15cm,4.000,£1.49,,,,,,
4377,,grn + pink cherry blossom glass photoframe,4.000,£1.49,,,,,,
4378,,grn/pink cherry blossom square t-light holdr,4.000,£1.29,,,,,,
4380,,plastic bulldog keyring neon,6.000,£0.99,,,,,,
4381,,plastic bird keyring neon,6.000,£0.99,,,,,,
4382,,plastic buddha keyring neon,6.000,£0.99,,,,,,
4383,,birdhouse photo clip-holder neon,4.000,£0.99,,,,,,
4385,,wire mesh candle holder with handle neon,6.000,£0.99,,,,,,
4386,,single metal number hook,6.000,£0.99,,,,,,
4387,,single letter metal hook,6.000,£0.99,,,,,,
4388,,pack 10 jumbo plastic cups,6.000,£0.99,,,,,,
4389,,butterfly t-light holder neon,8.000,£0.99,,,,,,
4393,,ornate magnet frame neon,4.000,£0.99,,,,,,
4394,,ornate frame neon 15x20cm,4.000,£0.99,,,,,,
"Transfer # : 31,776 To Stock Point : ARBROATH - A70 - 3 On 20/01/2014  14:38:26",Stock Point : ARBROATH - A70 - 3,,,,,Garry Swankie,160 High Street,Abbroath,Angus,DD11 1HW
3425,,ceramic fragrance heart candles 3 ast,6.000,£2.49,,,,,,
3428,,metal glass hanging lantern with tealight(12)D,12.000,£1.99,,,,,,
3980,,USA Flag Teabag Holder (12) D,8.000,£0.69,,,,,,
3986,,Blue stripe Teabag Holder (12) D,6.000,£0.69,,,,,,
4365,,pack of 3 plastic plates neon,6.000,£0.99,,,,,,
4366,,pack of 2 ice cube trays neon,6.000,£0.99,,,,,,
4367,,plastic watering jug neon,6.000,£0.99,,,,,,
4368,,Large white heart tealight hldr,4.000,£0.99,,,,,,
4369,,muted pastel colours glass candle 4 assorted (12)d,12.000,£0.99,,,,,,
4370,,4 pk muted pastel tealights (pack of 4 = 1 unit),8.000,£0.99,,,,,,
4371,,oriental/blossom glass candle 2 ast,6.000,£0.99,,,,,,
4373,,wild flower small gift bag,6.000,£0.49,,,,,,
4375,,metal city skyline 4 hooks 42x15cm,4.000,£1.49,,,,,,
4377,,grn + pink cherry blossom glass photoframe,4.000,£1.49,,,,,,
4378,,grn/pink cherry blossom square t-light holdr,4.000,£1.29,,,,,,
4380,,plastic bulldog keyring neon,6.000,£0.99,,,,,,
4381,,plastic bird keyring neon,6.000,£0.99,,,,,,
4382,,plastic buddha keyring neon,6.000,£0.99,,,,,,
4383,,birdhouse photo clip-holder neon,4.000,£0.99,,,,,,
4385,,wire mesh candle holder with handle neon,6.000,£0.99,,,,,,
4386,,single metal number hook,6.000,£0.99,,,,,,
4387,,single letter metal hook,6.000,£0.99,,,,,,
4388,,pack 10 jumbo plastic cups,6.000,£0.99,,,,,,
4389,,butterfly t-light holder neon,8.000,£0.99,,,,,,
4393,,ornate magnet frame neon,4.000,£0.99,,,,,,
4394,,ornate frame neon 15x20cm,4.000,£0.99,,,,,,
"Transfer # : 31,777 To Stock Point : CANTERBURY - C08 - 3 On 20/01/2014  14:38:27",Stock Point : CANTERBURY - C08 - 3,,,,,Stacey Gore,51/52 Northgate,Canterbury,Kent,CT1 1BE
3425,,ceramic fragrance heart candles 3 ast,12.000,£2.49,,,,,,
3428,,metal glass hanging lantern with tealight(12)D,12.000,£1.99,,,,,,
3980,,USA Flag Teabag Holder (12) D,8.000,£0.69,,,,,,
3986,,Blue stripe Teabag Holder (12) D,6.000,£0.69,,,,,,
4365,,pack of 3 plastic plates neon,4.000,£0.99,,,,,,
4366,,pack of 2 ice cube trays neon,4.000,£0.99,,,,,,
4367,,plastic watering jug neon,4.000,£0.99,,,,,,
4368,,Large white heart tealight hldr,6.000,£0.99,,,,,,
4369,,muted pastel colours glass candle 4 assorted (12)d,12.000,£0.99,,,,,,
4370,,4 pk muted pastel tealights (pack of 4 = 1 unit),8.000,£0.99,,,,,,
4371,,oriental/blossom glass candle 2 ast,6.000,£0.99,,,,,,
4373,,wild flower small gift bag,6.000,£0.49,,,,,,
4375,,metal city skyline 4 hooks 42x15cm,6.000,£1.49,,,,,,
4377,,grn + pink cherry blossom glass photoframe,6.000,£1.49,,,,,,
4378,,grn/pink cherry blossom square t-light holdr,6.000,£1.29,,,,,,
4379,,'love' / 'home' word sign neon,6.000,£2.99,,,,,,
4380,,plastic bulldog keyring neon,6.000,£0.99,,,,,,
4381,,plastic bird keyring neon,6.000,£0.99,,,,,,
4382,,plastic buddha keyring neon,6.000,£0.99,,,,,,
4383,,birdhouse photo clip-holder neon,6.000,£0.99,,,,,,
4384,,wire birdcage 6x4 photo frame neon,6.000,£1.99,,,,,,
4385,,wire mesh candle holder with handle neon,6.000,£0.99,,,,,,
4386,,single metal number hook,12.000,£0.99,,,,,,
4387,,single letter metal hook,12.000,£0.99,,,,,,
4388,,pack 10 jumbo plastic cups,4.000,£0.99,,,,,,
4389,,butterfly t-light holder neon,8.000,£0.99,,,,,,
4393,,ornate magnet frame neon,6.000,£0.99,,,,,,
4394,,ornate frame neon 15x20cm,6.000,£0.99,,,,,,
4395,,3 ast bluebell canvas 30x40cm (1 item=1 canvas),4.000,£2.99,,,,,,
4396,,cream cherry blossm canvas 2 ast designs 30x30cm,4.000,£2.99,,,,,,
"Transfer # : 31,778 To Stock Point : CLITHEROE - C42 - 3 On 20/01/2014  14:38:27",Stock Point : CLITHEROE - C42 - 3,,,,,John Ashworth,15 Moor Lane,Clitheroe,Lancs,BB7 1BE
3425,,ceramic fragrance heart candles 3 ast,12.000,£2.49,,,,,,
3428,,metal glass hanging lantern with tealight(12)D,12.000,£1.99,,,,,,
3980,,USA Flag Teabag Holder (12) D,8.000,£0.69,,,,,,
3986,,Blue stripe Teabag Holder (12) D,6.000,£0.69,,,,,,
4365,,pack of 3 plastic plates neon,4.000,£0.99,,,,,,
4366,,pack of 2 ice cube trays neon,4.000,£0.99,,,,,,
4367,,plastic watering jug neon,4.000,£0.99,,,,,,
4368,,Large white heart tealight hldr,6.000,£0.99,,,,,,
4369,,muted pastel colours glass candle 4 assorted (12)d,12.000,£0.99,,,,,,
4370,,4 pk muted pastel tealights (pack of 4 = 1 unit),6.000,£0.99,,,,,,
4371,,oriental/blossom glass candle 2 ast,6.000,£0.99,,,,,,
4373,,wild flower small gift bag,6.000,£0.49,,,,,,
4375,,metal city skyline 4 hooks 42x15cm,4.000,£1.49,,,,,,
4377,,grn + pink cherry blossom glass photoframe,6.000,£1.49,,,,,,
4378,,grn/pink cherry blossom square t-light holdr,6.000,£1.29,,,,,,
4379,,'love' / 'home' word sign neon,6.000,£2.99,,,,,,
4380,,plastic bulldog keyring neon,6.000,£0.99,,,,,,
4381,,plastic bird keyring neon,6.000,£0.99,,,,,,
4382,,plastic buddha keyring neon,6.000,£0.99,,,,,,
4383,,birdhouse photo clip-holder neon,6.000,£0.99,,,,,,
4384,,wire birdcage 6x4 photo frame neon,6.000,£1.99,,,,,,
4385,,wire mesh candle holder with handle neon,6.000,£0.99,,,,,,
4386,,single metal number hook,6.000,£0.99,,,,,,
4387,,single letter metal hook,6.000,£0.99,,,,,,
4388,,pack 10 jumbo plastic cups,4.000,£0.99,,,,,,
4389,,butterfly t-light holder neon,8.000,£0.99,,,,,,
4393,,ornate magnet frame neon,4.000,£0.99,,,,,,
4394,,ornate frame neon 15x20cm,4.000,£0.99,,,,,,
4395,,3 ast bluebell canvas 30x40cm (1 item=1 canvas),4.000,£2.99,,,,,,
4396,,cream cherry blossm canvas 2 ast designs 30x30cm,4.000,£2.99,,,,,,
"Transfer # : 31,779 To Stock Point : HUYTON - H95 - 3 On 20/01/2014  14:38:28",Stock Point : HUYTON - H95 - 3,,,,,Waltraud Wilson,35 Derby Road,Liverpool,England,L36 9UQ
3425,,ceramic fragrance heart candles 3 ast,6.000,£2.49,,,,,,
3428,,metal glass hanging lantern with tealight(12)D,12.000,£1.99,,,,,,
3980,,USA Flag Teabag Holder (12) D,8.000,£0.69,,,,,,
3986,,Blue stripe Teabag Holder (12) D,6.000,£0.69,,,,,,
4365,,pack of 3 plastic plates neon,6.000,£0.99,,,,,,
4366,,pack of 2 ice cube trays neon,6.000,£0.99,,,,,,
4367,,plastic watering jug neon,6.000,£0.99,,,,,,
4368,,Large white heart tealight hldr,4.000,£0.99,,,,,,
4369,,muted pastel colours glass candle 4 assorted (12)d,12.000,£0.99,,,,,,
4370,,4 pk muted pastel tealights (pack of 4 = 1 unit),6.000,£0.99,,,,,,
4371,,oriental/blossom glass candle 2 ast,6.000,£0.99,,,,,,
4373,,wild flower small gift bag,6.000,£0.49,,,,,,
4375,,metal city skyline 4 hooks 42x15cm,4.000,£1.49,,,,,,
4377,,grn + pink cherry blossom glass photoframe,4.000,£1.49,,,,,,
4378,,grn/pink cherry blossom square t-light holdr,4.000,£1.29,,,,,,
4380,,plastic bulldog keyring neon,6.000,£0.99,,,,,,
4381,,plastic bird keyring neon,6.000,£0.99,,,,,,
4382,,plastic buddha keyring neon,6.000,£0.99,,,,,,
4383,,birdhouse photo clip-holder neon,4.000,£0.99,,,,,,
4385,,wire mesh candle holder with handle neon,6.000,£0.99,,,,,,
4386,,single metal number hook,6.000,£0.99,,,,,,
4387,,single letter metal hook,6.000,£0.99,,,,,,
4389,,butterfly t-light holder neon,8.000,£0.99,,,,,,
4393,,ornate magnet frame neon,4.000,£0.99,,,,,,
4394,,ornate frame neon 15x20cm,4.000,£0.99,,,,,,
"Transfer # : 31,780 To Stock Point : BLACKPOOL - B44 - 2 On 20/01/2014  14:38:29",Stock Point : BLACKPOOL - B44 - 2,,,,,Gary Palmer,31 Talbot Road,Blackpool,England,FY1 1LL
3425,,ceramic fragrance heart candles 3 ast,6.000,£2.49,,,,,,
3980,,USA Flag Teabag Holder (12) D,8.000,£0.69,,,,,,
3986,,Blue stripe Teabag Holder (12) D,6.000,£0.69,,,,,,
4365,,pack of 3 plastic plates neon,6.000,£0.99,,,,,,
4366,,pack of 2 ice cube trays neon,6.000,£0.99,,,,,,
4367,,plastic watering jug neon,6.000,£0.99,,,,,,
4368,,Large white heart tealight hldr,4.000,£0.99,,,,,,
4369,,muted pastel colours glass candle 4 assorted (12)d,12.000,£0.99,,,,,,
4370,,4 pk muted pastel tealights (pack of 4 = 1 unit),6.000,£0.99,,,,,,
4371,,oriental/blossom glass candle 2 ast,6.000,£0.99,,,,,,
4373,,wild flower small gift bag,6.000,£0.49,,,,,,
4375,,metal city skyline 4 hooks 42x15cm,4.000,£1.49,,,,,,
4377,,grn + pink cherry blossom glass photoframe,4.000,£1.49,,,,,,
4378,,grn/pink cherry blossom square t-light holdr,4.000,£1.29,,,,,,
4380,,plastic bulldog keyring neon,6.000,£0.99,,,,,,
4381,,plastic bird keyring neon,6.000,£0.99,,,,,,
4382,,plastic buddha keyring neon,6.000,£0.99,,,,,,
4383,,birdhouse photo clip-holder neon,4.000,£0.99,,,,,,
4385,,wire mesh candle holder with handle neon,6.000,£0.99,,,,,,
4386,,single metal number hook,6.000,£0.99,,,,,,
4387,,single letter metal hook,6.000,£0.99,,,,,,
4389,,butterfly t-light holder neon,8.000,£0.99,,,,,,
4393,,ornate magnet frame neon,4.000,£0.99,,,,,,
4394,,ornate frame neon 15x20cm,4.000,£0.99,,,,,,
"Transfer # : 31,781 To Stock Point : COVENTRY - C50 - 2 On 20/01/2014  14:38:29",Stock Point : COVENTRY - C50 - 2,,,,,Sharon Fletcher,38 Hertford Street,COVENTRY,England,CV1 1LF
3425,,ceramic fragrance heart candles 3 ast,6.000,£2.49,,,,,,
3428,,metal glass hanging lantern with tealight(12)D,12.000,£1.99,,,,,,
3980,,USA Flag Teabag Holder (12) D,8.000,£0.69,,,,,,
3986,,Blue stripe Teabag Holder (12) D,6.000,£0.69,,,,,,
4365,,pack of 3 plastic plates neon,6.000,£0.99,,,,,,
4366,,pack of 2 ice cube trays neon,6.000,£0.99,,,,,,
4367,,plastic watering jug neon,6.000,£0.99,,,,,,
4368,,Large white heart tealight hldr,4.000,£0.99,,,,,,
4369,,muted pastel colours glass candle 4 assorted (12)d,12.000,£0.99,,,,,,
4370,,4 pk muted pastel tealights (pack of 4 = 1 unit),8.000,£0.99,,,,,,
4371,,oriental/blossom glass candle 2 ast,6.000,£0.99,,,,,,
4373,,wild flower small gift bag,6.000,£0.49,,,,,,
4375,,metal city skyline 4 hooks 42x15cm,4.000,£1.49,,,,,,
4377,,grn + pink cherry blossom glass photoframe,4.000,£1.49,,,,,,
4378,,grn/pink cherry blossom square t-light holdr,4.000,£1.29,,,,,,
4380,,plastic bulldog keyring neon,6.000,£0.99,,,,,,
4381,,plastic bird keyring neon,6.000,£0.99,,,,,,
4382,,plastic buddha keyring neon,6.000,£0.99,,,,,,
4383,,birdhouse photo clip-holder neon,4.000,£0.99,,,,,,
4385,,wire mesh candle holder with handle neon,6.000,£0.99,,,,,,
4386,,single metal number hook,6.000,£0.99,,,,,,
4387,,single letter metal hook,6.000,£0.99,,,,,,
4388,,pack 10 jumbo plastic cups,6.000,£0.99,,,,,,
4389,,butterfly t-light holder neon,8.000,£0.99,,,,,,
4393,,ornate magnet frame neon,4.000,£0.99,,,,,,
4394,,ornate frame neon 15x20cm,4.000,£0.99,,,,,,
"Transfer # : 31,782 To Stock Point : CRIEFF - C88 - 2 On 20/01/2014  14:38:30",Stock Point : CRIEFF - C88 - 2,,,,,May Bailey,44 High Street,Crieff,Perthshire,PH7 3BS
3425,,ceramic fragrance heart candles 3 ast,6.000,£2.49,,,,,,
3980,,USA Flag Teabag Holder (12) D,8.000,£0.69,,,,,,
3986,,Blue stripe Teabag Holder (12) D,6.000,£0.69,,,,,,
4365,,pack of 3 plastic plates neon,6.000,£0.99,,,,,,
4366,,pack of 2 ice cube trays neon,6.000,£0.99,,,,,,
4367,,plastic watering jug neon,6.000,£0.99,,,,,,
4368,,Large white heart tealight hldr,4.000,£0.99,,,,,,
4369,,muted pastel colours glass candle 4 assorted (12)d,12.000,£0.99,,,,,,
4370,,4 pk muted pastel tealights (pack of 4 = 1 unit),6.000,£0.99,,,,,,
4371,,oriental/blossom glass candle 2 ast,6.000,£0.99,,,,,,
4373,,wild flower small gift bag,6.000,£0.49,,,,,,
4375,,metal city skyline 4 hooks 42x15cm,4.000,£1.49,,,,,,
4377,,grn + pink cherry blossom glass photoframe,4.000,£1.49,,,,,,
4378,,grn/pink cherry blossom square t-light holdr,4.000,£1.29,,,,,,
4380,,plastic bulldog keyring neon,6.000,£0.99,,,,,,
4381,,plastic bird keyring neon,6.000,£0.99,,,,,,
4382,,plastic buddha keyring neon,6.000,£0.99,,,,,,
4383,,birdhouse photo clip-holder neon,4.000,£0.99,,,,,,
4385,,wire mesh candle holder with handle neon,6.000,£0.99,,,,,,
4386,,single metal number hook,6.000,£0.99,,,,,,
4387,,single letter metal hook,6.000,£0.99,,,,,,
4389,,butterfly t-light holder neon,8.000,£0.99,,,,,,
4393,,ornate magnet frame neon,4.000,£0.99,,,,,,
4394,,ornate frame neon 15x20cm,4.000,£0.99,,,,,,
"Transfer # : 31,783 To Stock Point : FRASERBURGH - F79 - 2 On 20/01/2014  14:38:30",Stock Point : FRASERBURGH - F79 - 2,,,,,Katherine Madden,44 Broad Street,Fraserburgh,Scotland,AB43 9AH
3425,,ceramic fragrance heart candles 3 ast,6.000,£2.49,,,,,,
3428,,metal glass hanging lantern with tealight(12)D,12.000,£1.99,,,,,,
3980,,USA Flag Teabag Holder (12) D,8.000,£0.69,,,,,,
3986,,Blue stripe Teabag Holder (12) D,6.000,£0.69,,,,,,
4365,,pack of 3 plastic plates neon,6.000,£0.99,,,,,,
4366,,pack of 2 ice cube trays neon,6.000,£0.99,,,,,,
4367,,plastic watering jug neon,6.000,£0.99,,,,,,
4368,,Large white heart tealight hldr,4.000,£0.99,,,,,,
4369,,muted pastel colours glass candle 4 assorted (12)d,12.000,£0.99,,,,,,
4370,,4 pk muted pastel tealights (pack of 4 = 1 unit),8.000,£0.99,,,,,,
4371,,oriental/blossom glass candle 2 ast,6.000,£0.99,,,,,,
4373,,wild flower small gift bag,6.000,£0.49,,,,,,
4375,,metal city skyline 4 hooks 42x15cm,4.000,£1.49,,,,,,
4377,,grn + pink cherry blossom glass photoframe,4.000,£1.49,,,,,,
4378,,grn/pink cherry blossom square t-light holdr,4.000,£1.29,,,,,,
4380,,plastic bulldog keyring neon,6.000,£0.99,,,,,,
4381,,plastic bird keyring neon,6.000,£0.99,,,,,,
4382,,plastic buddha keyring neon,6.000,£0.99,,,,,,
4383,,birdhouse photo clip-holder neon,4.000,£0.99,,,,,,
4385,,wire mesh candle holder with handle neon,6.000,£0.99,,,,,,
4386,,single metal number hook,6.000,£0.99,,,,,,
4387,,single letter metal hook,6.000,£0.99,,,,,,
4388,,pack 10 jumbo plastic cups,6.000,£0.99,,,,,,
4389,,butterfly t-light holder neon,8.000,£0.99,,,,,,
4393,,ornate magnet frame neon,4.000,£0.99,,,,,,
4394,,ornate frame neon 15x20cm,4.000,£0.99,,,,,,
"Transfer # : 31,784 To Stock Point : HAWICK - H23 - 2 On 20/01/2014  14:38:31",Stock Point : HAWICK - H23 - 2,,,,,Angela Erwin,66 High Street,Hawick,Roxburghshire,TD9 9EE
3425,,ceramic fragrance heart candles 3 ast,6.000,£2.49,,,,,,
3428,,metal glass hanging lantern with tealight(12)D,12.000,£1.99,,,,,,
3980,,USA Flag Teabag Holder (12) D,8.000,£0.69,,,,,,
3986,,Blue stripe Teabag Holder (12) D,6.000,£0.69,,,,,,
4365,,pack of 3 plastic plates neon,6.000,£0.99,,,,,,
4366,,pack of 2 ice cube trays neon,6.000,£0.99,,,,,,
4367,,plastic watering jug neon,6.000,£0.99,,,,,,
4368,,Large white heart tealight hldr,4.000,£0.99,,,,,,
4369,,muted pastel colours glass candle 4 assorted (12)d,12.000,£0.99,,,,,,
4370,,4 pk muted pastel tealights (pack of 4 = 1 unit),6.000,£0.99,,,,,,
4371,,oriental/blossom glass candle 2 ast,6.000,£0.99,,,,,,
4373,,wild flower small gift bag,6.000,£0.49,,,,,,
4375,,metal city skyline 4 hooks 42x15cm,4.000,£1.49,,,,,,
4377,,grn + pink cherry blossom glass photoframe,4.000,£1.49,,,,,,
4378,,grn/pink cherry blossom square t-light holdr,4.000,£1.29,,,,,,
4380,,plastic bulldog keyring neon,6.000,£0.99,,,,,,
4381,,plastic bird keyring neon,6.000,£0.99,,,,,,
4382,,plastic buddha keyring neon,6.000,£0.99,,,,,,
4383,,birdhouse photo clip-holder neon,4.000,£0.99,,,,,,
4385,,wire mesh candle holder with handle neon,6.000,£0.99,,,,,,
4386,,single metal number hook,6.000,£0.99,,,,,,
4387,,single letter metal hook,6.000,£0.99,,,,,,
4389,,butterfly t-light holder neon,8.000,£0.99,,,,,,
4393,,ornate magnet frame neon,4.000,£0.99,,,,,,
4394,,ornate frame neon 15x20cm,4.000,£0.99,,,,,,
"Transfer # : 31,785 To Stock Point : RAMSGATE - R16 - 2 On 20/01/2014  14:38:32",Stock Point : RAMSGATE - R16 - 2,,,,,Andrew Smith,72A Queen Street,Ramsgate,Kent,CT11 9ER
3425,,ceramic fragrance heart candles 3 ast,6.000,£2.49,,,,,,
3980,,USA Flag Teabag Holder (12) D,8.000,£0.69,,,,,,
3986,,Blue stripe Teabag Holder (12) D,6.000,£0.69,,,,,,
4365,,pack of 3 plastic plates neon,6.000,£0.99,,,,,,
4366,,pack of 2 ice cube trays neon,6.000,£0.99,,,,,,
4367,,plastic watering jug neon,6.000,£0.99,,,,,,
4368,,Large white heart tealight hldr,4.000,£0.99,,,,,,
4369,,muted pastel colours glass candle 4 assorted (12)d,12.000,£0.99,,,,,,
4370,,4 pk muted pastel tealights (pack of 4 = 1 unit),6.000,£0.99,,,,,,
4371,,oriental/blossom glass candle 2 ast,6.000,£0.99,,,,,,
4373,,wild flower small gift bag,6.000,£0.49,,,,,,
4375,,metal city skyline 4 hooks 42x15cm,4.000,£1.49,,,,,,
4377,,grn + pink cherry blossom glass photoframe,4.000,£1.49,,,,,,
4378,,grn/pink cherry blossom square t-light holdr,4.000,£1.29,,,,,,
4380,,plastic bulldog keyring neon,6.000,£0.99,,,,,,
4381,,plastic bird keyring neon,6.000,£0.99,,,,,,
4382,,plastic buddha keyring neon,6.000,£0.99,,,,,,
4383,,birdhouse photo clip-holder neon,4.000,£0.99,,,,,,
4385,,wire mesh candle holder with handle neon,6.000,£0.99,,,,,,
4386,,single metal number hook,6.000,£0.99,,,,,,
4387,,single letter metal hook,6.000,£0.99,,,,,,
4389,,butterfly t-light holder neon,8.000,£0.99,,,,,,
4393,,ornate magnet frame neon,4.000,£0.99,,,,,,
4394,,ornate frame neon 15x20cm,4.000,£0.99,,,,,,
"Transfer # : 31,786 To Stock Point : RUGBY - R95 - 2 On 20/01/2014  14:38:32",Stock Point : RUGBY - R95 - 2,,,,,Nicola Smith,8 High Street,Rugby,England,CV21 3BG
3425,,ceramic fragrance heart candles 3 ast,6.000,£2.49,,,,,,
3980,,USA Flag Teabag Holder (12) D,8.000,£0.69,,,,,,
3986,,Blue stripe Teabag Holder (12) D,6.000,£0.69,,,,,,
4365,,pack of 3 plastic plates neon,6.000,£0.99,,,,,,
4366,,pack of 2 ice cube trays neon,6.000,£0.99,,,,,,
4367,,plastic watering jug neon,6.000,£0.99,,,,,,
4368,,Large white heart tealight hldr,4.000,£0.99,,,,,,
4369,,muted pastel colours glass candle 4 assorted (12)d,12.000,£0.99,,,,,,
4370,,4 pk muted pastel tealights (pack of 4 = 1 unit),6.000,£0.99,,,,,,
4371,,oriental/blossom glass candle 2 ast,6.000,£0.99,,,,,,
4373,,wild flower small gift bag,6.000,£0.49,,,,,,
4375,,metal city skyline 4 hooks 42x15cm,4.000,£1.49,,,,,,
4377,,grn + pink cherry blossom glass photoframe,4.000,£1.49,,,,,,
4378,,grn/pink cherry blossom square t-light holdr,4.000,£1.29,,,,,,
4380,,plastic bulldog keyring neon,6.000,£0.99,,,,,,
4381,,plastic bird keyring neon,6.000,£0.99,,,,,,
4382,,plastic buddha keyring neon,6.000,£0.99,,,,,,
4383,,birdhouse photo clip-holder neon,4.000,£0.99,,,,,,
4385,,wire mesh candle holder with handle neon,6.000,£0.99,,,,,,
4386,,single metal number hook,6.000,£0.99,,,,,,
4387,,single letter metal hook,6.000,£0.99,,,,,,
4389,,butterfly t-light holder neon,8.000,£0.99,,,,,,
4393,,ornate magnet frame neon,4.000,£0.99,,,,,,
4394,,ornate frame neon 15x20cm,4.000,£0.99,,,,,,
4396,,cream cherry blossm canvas 2 ast designs 30x30cm,6.000,£2.99,,,,,,
"Transfer # : 31,787 To Stock Point : BATLEY - B09 - 1 On 20/01/2014  14:38:33",Stock Point : BATLEY - B09 - 1,,,,,Danae Barber,29 Commercial Street,Batley,West Yorks,WF17 5EP
3425,,ceramic fragrance heart candles 3 ast,6.000,£2.49,,,,,,
3980,,USA Flag Teabag Holder (12) D,8.000,£0.69,,,,,,
3986,,Blue stripe Teabag Holder (12) D,6.000,£0.69,,,,,,
4365,,pack of 3 plastic plates neon,6.000,£0.99,,,,,,
4366,,pack of 2 ice cube trays neon,6.000,£0.99,,,,,,
4367,,plastic watering jug neon,6.000,£0.99,,,,,,
4368,,Large white heart tealight hldr,4.000,£0.99,,,,,,
4369,,muted pastel colours glass candle 4 assorted (12)d,12.000,£0.99,,,,,,
4370,,4 pk muted pastel tealights (pack of 4 = 1 unit),6.000,£0.99,,,,,,
4371,,oriental/blossom glass candle 2 ast,6.000,£0.99,,,,,,
4373,,wild flower small gift bag,6.000,£0.49,,,,,,
4375,,metal city skyline 4 hooks 42x15cm,4.000,£1.49,,,,,,
4377,,grn + pink cherry blossom glass photoframe,4.000,£1.49,,,,,,
4378,,grn/pink cherry blossom square t-light holdr,4.000,£1.29,,,,,,
4380,,plastic bulldog keyring neon,6.000,£0.99,,,,,,
4381,,plastic bird keyring neon,6.000,£0.99,,,,,,
4382,,plastic buddha keyring neon,6.000,£0.99,,,,,,
4383,,birdhouse photo clip-holder neon,4.000,£0.99,,,,,,
4385,,wire mesh candle holder with handle neon,6.000,£0.99,,,,,,
4386,,single metal number hook,6.000,£0.99,,,,,,
4387,,single letter metal hook,6.000,£0.99,,,,,,
4389,,butterfly t-light holder neon,8.000,£0.99,,,,,,
4393,,ornate magnet frame neon,4.000,£0.99,,,,,,
4394,,ornate frame neon 15x20cm,4.000,£0.99,,,,,,
"Transfer # : 31,788 To Stock Point : BOLTON - B54 - 1 On 20/01/2014  14:38:34",Stock Point : BOLTON - B54 - 1,,,,,William Smyth,36 Great Moor Street,Bolton,England,BL1  1NJ
3425,,ceramic fragrance heart candles 3 ast,6.000,£2.49,,,,,,
3980,,USA Flag Teabag Holder (12) D,8.000,£0.69,,,,,,
3986,,Blue stripe Teabag Holder (12) D,6.000,£0.69,,,,,,
4365,,pack of 3 plastic plates neon,6.000,£0.99,,,,,,
4366,,pack of 2 ice cube trays neon,6.000,£0.99,,,,,,
4367,,plastic watering jug neon,6.000,£0.99,,,,,,
4368,,Large white heart tealight hldr,4.000,£0.99,,,,,,
4369,,muted pastel colours glass candle 4 assorted (12)d,12.000,£0.99,,,,,,
4370,,4 pk muted pastel tealights (pack of 4 = 1 unit),6.000,£0.99,,,,,,
4371,,oriental/blossom glass candle 2 ast,6.000,£0.99,,,,,,
4373,,wild flower small gift bag,6.000,£0.49,,,,,,
4375,,metal city skyline 4 hooks 42x15cm,4.000,£1.49,,,,,,
4377,,grn + pink cherry blossom glass photoframe,4.000,£1.49,,,,,,
4378,,grn/pink cherry blossom square t-light holdr,4.000,£1.29,,,,,,
4380,,plastic bulldog keyring neon,6.000,£0.99,,,,,,
4381,,plastic bird keyring neon,6.000,£0.99,,,,,,
4382,,plastic buddha keyring neon,6.000,£0.99,,,,,,
4383,,birdhouse photo clip-holder neon,4.000,£0.99,,,,,,
4385,,wire mesh candle holder with handle neon,6.000,£0.99,,,,,,
4386,,single metal number hook,6.000,£0.99,,,,,,
4387,,single letter metal hook,6.000,£0.99,,,,,,
4389,,butterfly t-light holder neon,8.000,£0.99,,,,,,
4393,,ornate magnet frame neon,4.000,£0.99,,,,,,
4394,,ornate frame neon 15x20cm,4.000,£0.99,,,,,,
"Transfer # : 31,789 To Stock Point : EDINBURGH (NIC) - E37 - 1 On 20/01/2014  14:38:34",Stock Point : EDINBURGH (NIC) - E37 - 1,,,,,Jennifer Hunt,134 Nicolson Street,Edinburgh,Scotland,EH8 9EH
3425,,ceramic fragrance heart candles 3 ast,12.000,£2.49,,,,,,
3428,,metal glass hanging lantern with tealight(12)D,12.000,£1.99,,,,,,
3980,,USA Flag Teabag Holder (12) D,8.000,£0.69,,,,,,
3986,,Blue stripe Teabag Holder (12) D,6.000,£0.69,,,,,,
4365,,pack of 3 plastic plates neon,4.000,£0.99,,,,,,
4366,,pack of 2 ice cube trays neon,4.000,£0.99,,,,,,
4367,,plastic watering jug neon,4.000,£0.99,,,,,,
4368,,Large white heart tealight hldr,6.000,£0.99,,,,,,
4369,,muted pastel colours glass candle 4 assorted (12)d,12.000,£0.99,,,,,,
4370,,4 pk muted pastel tealights (pack of 4 = 1 unit),8.000,£0.99,,,,,,
4371,,oriental/blossom glass candle 2 ast,6.000,£0.99,,,,,,
4373,,wild flower small gift bag,6.000,£0.49,,,,,,
4375,,metal city skyline 4 hooks 42x15cm,6.000,£1.49,,,,,,
4377,,grn + pink cherry blossom glass photoframe,6.000,£1.49,,,,,,
4378,,grn/pink cherry blossom square t-light holdr,6.000,£1.29,,,,,,
4379,,'love' / 'home' word sign neon,6.000,£2.99,,,,,,
4380,,plastic bulldog keyring neon,6.000,£0.99,,,,,,
4381,,plastic bird keyring neon,6.000,£0.99,,,,,,
4382,,plastic buddha keyring neon,6.000,£0.99,,,,,,
4383,,birdhouse photo clip-holder neon,6.000,£0.99,,,,,,
4384,,wire birdcage 6x4 photo frame neon,6.000,£1.99,,,,,,
4385,,wire mesh candle holder with handle neon,6.000,£0.99,,,,,,
4386,,single metal number hook,12.000,£0.99,,,,,,
4387,,single letter metal hook,12.000,£0.99,,,,,,
4388,,pack 10 jumbo plastic cups,4.000,£0.99,,,,,,
4389,,butterfly t-light holder neon,8.000,£0.99,,,,,,
4393,,ornate magnet frame neon,6.000,£0.99,,,,,,
4394,,ornate frame neon 15x20cm,6.000,£0.99,,,,,,
4395,,3 ast bluebell canvas 30x40cm (1 item=1 canvas),4.000,£2.99,,,,,,
4396,,cream cherry blossm canvas 2 ast designs 30x30cm,4.000,£2.99,,,,,,
"Transfer # : 31,790 To Stock Point : HALIFAX - H09 - 1 On 20/01/2014  14:38:35",Stock Point : HALIFAX - H09 - 1,,,,,Joanna Giles,19 Alexandra Street,Halifax,West Yorks,HX1 1BS
3425,,ceramic fragrance heart candles 3 ast,6.000,£2.49,,,,,,
3980,,USA Flag Teabag Holder (12) D,8.000,£0.69,,,,,,
3986,,Blue stripe Teabag Holder (12) D,6.000,£0.69,,,,,,
4365,,pack of 3 plastic plates neon,6.000,£0.99,,,,,,
4366,,pack of 2 ice cube trays neon,6.000,£0.99,,,,,,
4367,,plastic watering jug neon,6.000,£0.99,,,,,,
4368,,Large white heart tealight hldr,4.000,£0.99,,,,,,
4369,,muted pastel colours glass candle 4 assorted (12)d,12.000,£0.99,,,,,,
4370,,4 pk muted pastel tealights (pack of 4 = 1 unit),6.000,£0.99,,,,,,
4371,,oriental/blossom glass candle 2 ast,6.000,£0.99,,,,,,
4373,,wild flower small gift bag,6.000,£0.49,,,,,,
4375,,metal city skyline 4 hooks 42x15cm,4.000,£1.49,,,,,,
4377,,grn + pink cherry blossom glass photoframe,4.000,£1.49,,,,,,
4378,,grn/pink cherry blossom square t-light holdr,4.000,£1.29,,,,,,
4380,,plastic bulldog keyring neon,6.000,£0.99,,,,,,
4381,,plastic bird keyring neon,6.000,£0.99,,,,,,
4382,,plastic buddha keyring neon,6.000,£0.99,,,,,,
4383,,birdhouse photo clip-holder neon,4.000,£0.99,,,,,,
4385,,wire mesh candle holder with handle neon,6.000,£0.99,,,,,,
4386,,single metal number hook,6.000,£0.99,,,,,,
4387,,single letter metal hook,6.000,£0.99,,,,,,
4389,,butterfly t-light holder neon,8.000,£0.99,,,,,,
4393,,ornate magnet frame neon,4.000,£0.99,,,,,,
4394,,ornate frame neon 15x20cm,4.000,£0.99,,,,,,
"Transfer # : 31,791 To Stock Point : HANLEY - H13 - 1 On 20/01/2014  14:38:35",Stock Point : HANLEY - H13 - 1,,,,,Patricia Gibson,38 Piccadilly,Hanley,Staffs,ST1 1EG
3425,,ceramic fragrance heart candles 3 ast,6.000,£2.49,,,,,,
3980,,USA Flag Teabag Holder (12) D,8.000,£0.69,,,,,,
3986,,Blue stripe Teabag Holder (12) D,6.000,£0.69,,,,,,
4365,,pack of 3 plastic plates neon,6.000,£0.99,,,,,,
4366,,pack of 2 ice cube trays neon,6.000,£0.99,,,,,,
4367,,plastic watering jug neon,6.000,£0.99,,,,,,
4368,,Large white heart tealight hldr,4.000,£0.99,,,,,,
4369,,muted pastel colours glass candle 4 assorted (12)d,12.000,£0.99,,,,,,
4370,,4 pk muted pastel tealights (pack of 4 = 1 unit),6.000,£0.99,,,,,,
4371,,oriental/blossom glass candle 2 ast,6.000,£0.99,,,,,,
4373,,wild flower small gift bag,6.000,£0.49,,,,,,
4375,,metal city skyline 4 hooks 42x15cm,4.000,£1.49,,,,,,
4377,,grn + pink cherry blossom glass photoframe,4.000,£1.49,,,,,,
4378,,grn/pink cherry blossom square t-light holdr,4.000,£1.29,,,,,,
4380,,plastic bulldog keyring neon,6.000,£0.99,,,,,,
4381,,plastic bird keyring neon,6.000,£0.99,,,,,,
4382,,plastic buddha keyring neon,6.000,£0.99,,,,,,
4383,,birdhouse photo clip-holder neon,4.000,£0.99,,,,,,
4385,,wire mesh candle holder with handle neon,6.000,£0.99,,,,,,
4386,,single metal number hook,6.000,£0.99,,,,,,
4387,,single letter metal hook,6.000,£0.99,,,,,,
4389,,butterfly t-light holder neon,8.000,£0.99,,,,,,
4393,,ornate magnet frame neon,4.000,£0.99,,,,,,
4394,,ornate frame neon 15x20cm,4.000,£0.99,,,,,,
"Transfer # : 31,792 To Stock Point : PRESTATYN - P74 - 1 On 20/01/2014  14:38:36",Stock Point : PRESTATYN - P74 - 1,,,,,Sharron Ing,174 High Street,Prestatyn,Clwyd,LL19 9BP
3425,,ceramic fragrance heart candles 3 ast,6.000,£2.49,,,,,,
3980,,USA Flag Teabag Holder (12) D,8.000,£0.69,,,,,,
3986,,Blue stripe Teabag Holder (12) D,6.000,£0.69,,,,,,
4365,,pack of 3 plastic plates neon,6.000,£0.99,,,,,,
4366,,pack of 2 ice cube trays neon,6.000,£0.99,,,,,,
4367,,plastic watering jug neon,6.000,£0.99,,,,,,
4368,,Large white heart tealight hldr,4.000,£0.99,,,,,,
4369,,muted pastel colours glass candle 4 assorted (12)d,12.000,£0.99,,,,,,
4370,,4 pk muted pastel tealights (pack of 4 = 1 unit),6.000,£0.99,,,,,,
4371,,oriental/blossom glass candle 2 ast,6.000,£0.99,,,,,,
4373,,wild flower small gift bag,6.000,£0.49,,,,,,
4375,,metal city skyline 4 hooks 42x15cm,4.000,£1.49,,,,,,
4377,,grn + pink cherry blossom glass photoframe,4.000,£1.49,,,,,,
4378,,grn/pink cherry blossom square t-light holdr,4.000,£1.29,,,,,,
4380,,plastic bulldog keyring neon,6.000,£0.99,,,,,,
4381,,plastic bird keyring neon,6.000,£0.99,,,,,,
4382,,plastic buddha keyring neon,6.000,£0.99,,,,,,
4383,,birdhouse photo clip-holder neon,4.000,£0.99,,,,,,
4385,,wire mesh candle holder with handle neon,6.000,£0.99,,,,,,
4386,,single metal number hook,6.000,£0.99,,,,,,
4387,,single letter metal hook,6.000,£0.99,,,,,,
4389,,butterfly t-light holder neon,8.000,£0.99,,,,,,
4393,,ornate magnet frame neon,4.000,£0.99,,,,,,
4394,,ornate frame neon 15x20cm,4.000,£0.99,,,,,,
"Transfer # : 31,793 To Stock Point : TUNSTALL - T89 - 1 On 20/01/2014  14:38:36",Stock Point : TUNSTALL - T89 - 1,,,,,Ellen Mullock,87 High Street,Tunstall,Stoke-on-Trent,ST6 5TA
3425,,ceramic fragrance heart candles 3 ast,6.000,£2.49,,,,,,
3428,,metal glass hanging lantern with tealight(12)D,12.000,£1.99,,,,,,
3980,,USA Flag Teabag Holder (12) D,8.000,£0.69,,,,,,
3986,,Blue stripe Teabag Holder (12) D,6.000,£0.69,,,,,,
4365,,pack of 3 plastic plates neon,6.000,£0.99,,,,,,
4366,,pack of 2 ice cube trays neon,6.000,£0.99,,,,,,
4367,,plastic watering jug neon,6.000,£0.99,,,,,,
4368,,Large white heart tealight hldr,4.000,£0.99,,,,,,
4369,,muted pastel colours glass candle 4 assorted (12)d,12.000,£0.99,,,,,,
4370,,4 pk muted pastel tealights (pack of 4 = 1 unit),8.000,£0.99,,,,,,
4371,,oriental/blossom glass candle 2 ast,6.000,£0.99,,,,,,
4373,,wild flower small gift bag,6.000,£0.49,,,,,,
4375,,metal city skyline 4 hooks 42x15cm,4.000,£1.49,,,,,,
4377,,grn + pink cherry blossom glass photoframe,4.000,£1.49,,,,,,
4378,,grn/pink cherry blossom square t-light holdr,4.000,£1.29,,,,,,
4380,,plastic bulldog keyring neon,6.000,£0.99,,,,,,
4381,,plastic bird keyring neon,6.000,£0.99,,,,,,
4382,,plastic buddha keyring neon,6.000,£0.99,,,,,,
4383,,birdhouse photo clip-holder neon,4.000,£0.99,,,,,,
4385,,wire mesh candle holder with handle neon,6.000,£0.99,,,,,,
4386,,single metal number hook,6.000,£0.99,,,,,,
4387,,single letter metal hook,6.000,£0.99,,,,,,
4388,,pack 10 jumbo plastic cups,6.000,£0.99,,,,,,
4389,,butterfly t-light holder neon,8.000,£0.99,,,,,,
4393,,ornate magnet frame neon,4.000,£0.99,,,,,,
4394,,ornate frame neon 15x20cm,4.000,£0.99,,,,,,
"Transfer # : 31,794 To Stock Point : WORCESTER - W70 - 1 On 20/01/2014  14:38:37",Stock Point : WORCESTER - W70 - 1,,,,,Lorna Lonsdale,19 Mealcheapen Street,Worcester,England,WR1 2DQ
3425,,ceramic fragrance heart candles 3 ast,6.000,£2.49,,,,,,
3980,,USA Flag Teabag Holder (12) D,8.000,£0.69,,,,,,
3986,,Blue stripe Teabag Holder (12) D,6.000,£0.69,,,,,,
4365,,pack of 3 plastic plates neon,6.000,£0.99,,,,,,
4366,,pack of 2 ice cube trays neon,6.000,£0.99,,,,,,
4367,,plastic watering jug neon,6.000,£0.99,,,,,,
4368,,Large white heart tealight hldr,4.000,£0.99,,,,,,
4369,,muted pastel colours glass candle 4 assorted (12)d,12.000,£0.99,,,,,,
4370,,4 pk muted pastel tealights (pack of 4 = 1 unit),6.000,£0.99,,,,,,
4371,,oriental/blossom glass candle 2 ast,6.000,£0.99,,,,,,
4373,,wild flower small gift bag,6.000,£0.49,,,,,,
4375,,metal city skyline 4 hooks 42x15cm,4.000,£1.49,,,,,,
4377,,grn + pink cherry blossom glass photoframe,4.000,£1.49,,,,,,
4378,,grn/pink cherry blossom square t-light holdr,4.000,£1.29,,,,,,
4380,,plastic bulldog keyring neon,6.000,£0.99,,,,,,
4381,,plastic bird keyring neon,6.000,£0.99,,,,,,
4382,,plastic buddha keyring neon,6.000,£0.99,,,,,,
4383,,birdhouse photo clip-holder neon,4.000,£0.99,,,,,,
4385,,wire mesh candle holder with handle neon,6.000,£0.99,,,,,,
4386,,single metal number hook,6.000,£0.99,,,,,,
4387,,single letter metal hook,6.000,£0.99,,,,,,
4388,,pack 10 jumbo plastic cups,4.000,£0.99,,,,,,
4389,,butterfly t-light holder neon,8.000,£0.99,,,,,,
4393,,ornate magnet frame neon,4.000,£0.99,,,,,,
4394,,ornate frame neon 15x20cm,4.000,£0.99,,,,,,
"Transfer # : 31,795 To Stock Point : CHATHAM - C19 - 0 On 20/01/2014  14:38:38",Stock Point : CHATHAM - C19 - 0,,,,,Katarine Palusova,122 High Street,Chatham,Kent,ME4 4BY
3425,,ceramic fragrance heart candles 3 ast,6.000,£2.49,,,,,,
3980,,USA Flag Teabag Holder (12) D,8.000,£0.69,,,,,,
3986,,Blue stripe Teabag Holder (12) D,6.000,£0.69,,,,,,
4365,,pack of 3 plastic plates neon,6.000,£0.99,,,,,,
4366,,pack of 2 ice cube trays neon,6.000,£0.99,,,,,,
4367,,plastic watering jug neon,6.000,£0.99,,,,,,
4368,,Large white heart tealight hldr,4.000,£0.99,,,,,,
4369,,muted pastel colours glass candle 4 assorted (12)d,12.000,£0.99,,,,,,
4370,,4 pk muted pastel tealights (pack of 4 = 1 unit),6.000,£0.99,,,,,,
4371,,oriental/blossom glass candle 2 ast,6.000,£0.99,,,,,,
4373,,wild flower small gift bag,6.000,£0.49,,,,,,
4375,,metal city skyline 4 hooks 42x15cm,4.000,£1.49,,,,,,
4377,,grn + pink cherry blossom glass photoframe,4.000,£1.49,,,,,,
4378,,grn/pink cherry blossom square t-light holdr,4.000,£1.29,,,,,,
4380,,plastic bulldog keyring neon,6.000,£0.99,,,,,,
4381,,plastic bird keyring neon,6.000,£0.99,,,,,,
4382,,plastic buddha keyring neon,6.000,£0.99,,,,,,
4383,,birdhouse photo clip-holder neon,4.000,£0.99,,,,,,
4385,,wire mesh candle holder with handle neon,6.000,£0.99,,,,,,
4386,,single metal number hook,6.000,£0.99,,,,,,
4387,,single letter metal hook,6.000,£0.99,,,,,,
4389,,butterfly t-light holder neon,8.000,£0.99,,,,,,
4393,,ornate magnet frame neon,4.000,£0.99,,,,,,
4394,,ornate frame neon 15x20cm,4.000,£0.99,,,,,,
"Transfer # : 31,796 To Stock Point : EAST GRINSTEAD - E08 - 0 On 20/01/2014  14:38:38",Stock Point : EAST GRINSTEAD - E08 - 0,,,,,The Manager,"73 London Rd,", East Grinstead ,England,RH19 1EQ
3425,,ceramic fragrance heart candles 3 ast,6.000,£2.49,,,,,,
3428,,metal glass hanging lantern with tealight(12)D,12.000,£1.99,,,,,,
3980,,USA Flag Teabag Holder (12) D,8.000,£0.69,,,,,,
3986,,Blue stripe Teabag Holder (12) D,6.000,£0.69,,,,,,
4365,,pack of 3 plastic plates neon,6.000,£0.99,,,,,,
4366,,pack of 2 ice cube trays neon,6.000,£0.99,,,,,,
4367,,plastic watering jug neon,6.000,£0.99,,,,,,
4368,,Large white heart tealight hldr,4.000,£0.99,,,,,,
4369,,muted pastel colours glass candle 4 assorted (12)d,12.000,£0.99,,,,,,
4370,,4 pk muted pastel tealights (pack of 4 = 1 unit),8.000,£0.99,,,,,,
4371,,oriental/blossom glass candle 2 ast,6.000,£0.99,,,,,,
4373,,wild flower small gift bag,6.000,£0.49,,,,,,
4375,,metal city skyline 4 hooks 42x15cm,4.000,£1.49,,,,,,
4377,,grn + pink cherry blossom glass photoframe,4.000,£1.49,,,,,,
4378,,grn/pink cherry blossom square t-light holdr,4.000,£1.29,,,,,,
4380,,plastic bulldog keyring neon,6.000,£0.99,,,,,,
4381,,plastic bird keyring neon,6.000,£0.99,,,,,,
4382,,plastic buddha keyring neon,6.000,£0.99,,,,,,
4383,,birdhouse photo clip-holder neon,4.000,£0.99,,,,,,
4385,,wire mesh candle holder with handle neon,6.000,£0.99,,,,,,
4386,,single metal number hook,6.000,£0.99,,,,,,
4387,,single letter metal hook,6.000,£0.99,,,,,,
4389,,butterfly t-light holder neon,8.000,£0.99,,,,,,
4393,,ornate magnet frame neon,4.000,£0.99,,,,,,
4394,,ornate frame neon 15x20cm,4.000,£0.99,,,,,,
"Transfer # : 31,797 To Stock Point : Edinburgh (COR) - E14 - 7 On 20/01/2014  14:38:39",Stock Point : Edinburgh (COR) - E14 - 7,,,,,Claire Tetteh-Lartey,161 St Johns Road,Edinburgh,Scotland,EH12 7SD
3425,,ceramic fragrance heart candles 3 ast,12.000,£2.49,,,,,,
3428,,metal glass hanging lantern with tealight(12)D,12.000,£1.99,,,,,,
3980,,USA Flag Teabag Holder (12) D,8.000,£0.69,,,,,,
3986,,Blue stripe Teabag Holder (12) D,6.000,£0.69,,,,,,
4365,,pack of 3 plastic plates neon,4.000,£0.99,,,,,,
4366,,pack of 2 ice cube trays neon,4.000,£0.99,,,,,,
4367,,plastic watering jug neon,4.000,£0.99,,,,,,
4368,,Large white heart tealight hldr,6.000,£0.99,,,,,,
4369,,muted pastel colours glass candle 4 assorted (12)d,12.000,£0.99,,,,,,
4370,,4 pk muted pastel tealights (pack of 4 = 1 unit),6.000,£0.99,,,,,,
4371,,oriental/blossom glass candle 2 ast,6.000,£0.99,,,,,,
4373,,wild flower small gift bag,6.000,£0.49,,,,,,
4375,,metal city skyline 4 hooks 42x15cm,4.000,£1.49,,,,,,
4377,,grn + pink cherry blossom glass photoframe,6.000,£1.49,,,,,,
4378,,grn/pink cherry blossom square t-light holdr,6.000,£1.29,,,,,,
4379,,'love' / 'home' word sign neon,6.000,£2.99,,,,,,
4380,,plastic bulldog keyring neon,6.000,£0.99,,,,,,
4381,,plastic bird keyring neon,6.000,£0.99,,,,,,
4382,,plastic buddha keyring neon,6.000,£0.99,,,,,,
4383,,birdhouse photo clip-holder neon,6.000,£0.99,,,,,,
4384,,wire birdcage 6x4 photo frame neon,6.000,£1.99,,,,,,
4385,,wire mesh candle holder with handle neon,6.000,£0.99,,,,,,
4386,,single metal number hook,6.000,£0.99,,,,,,
4387,,single letter metal hook,6.000,£0.99,,,,,,
4389,,butterfly t-light holder neon,8.000,£0.99,,,,,,
4393,,ornate magnet frame neon,4.000,£0.99,,,,,,
4394,,ornate frame neon 15x20cm,4.000,£0.99,,,,,,
4395,,3 ast bluebell canvas 30x40cm (1 item=1 canvas),4.000,£2.99,,,,,,
4396,,cream cherry blossm canvas 2 ast designs 30x30cm,4.000,£2.99,,,,,,
"Transfer # : 31,798 To Stock Point : GLASGOW (KELV) - G44 - 0 On 20/01/2014  14:38:39",Stock Point : GLASGOW (KELV) - G44 - 0,,,,,Roisin Murray,214 Great Western Rd,Glasgow,Scotland,G4 9EJ
3425,,ceramic fragrance heart candles 3 ast,6.000,£2.49,,,,,,
3980,,USA Flag Teabag Holder (12) D,8.000,£0.69,,,,,,
3986,,Blue stripe Teabag Holder (12) D,6.000,£0.69,,,,,,
4365,,pack of 3 plastic plates neon,6.000,£0.99,,,,,,
4366,,pack of 2 ice cube trays neon,6.000,£0.99,,,,,,
4367,,plastic watering jug neon,6.000,£0.99,,,,,,
4368,,Large white heart tealight hldr,4.000,£0.99,,,,,,
4369,,muted pastel colours glass candle 4 assorted (12)d,12.000,£0.99,,,,,,
4370,,4 pk muted pastel tealights (pack of 4 = 1 unit),6.000,£0.99,,,,,,
4371,,oriental/blossom glass candle 2 ast,6.000,£0.99,,,,,,
4373,,wild flower small gift bag,6.000,£0.49,,,,,,
4375,,metal city skyline 4 hooks 42x15cm,4.000,£1.49,,,,,,
4377,,grn + pink cherry blossom glass photoframe,4.000,£1.49,,,,,,
4378,,grn/pink cherry blossom square t-light holdr,4.000,£1.29,,,,,,
4380,,plastic bulldog keyring neon,6.000,£0.99,,,,,,
4381,,plastic bird keyring neon,6.000,£0.99,,,,,,
4382,,plastic buddha keyring neon,6.000,£0.99,,,,,,
4383,,birdhouse photo clip-holder neon,4.000,£0.99,,,,,,
4385,,wire mesh candle holder with handle neon,6.000,£0.99,,,,,,
4386,,single metal number hook,6.000,£0.99,,,,,,
4387,,single letter metal hook,6.000,£0.99,,,,,,
4389,,butterfly t-light holder neon,8.000,£0.99,,,,,,
4393,,ornate magnet frame neon,4.000,£0.99,,,,,,
4394,,ornate frame neon 15x20cm,4.000,£0.99,,,,,,
"Transfer # : 31,799 To Stock Point : HOSFORTH - 0 On 20/01/2014  14:38:40",Stock Point : HOSFORTH - 0,,,,,The Manager,34 Town Street,Horsforth, Leeds,LS18 4RJ
3425,,ceramic fragrance heart candles 3 ast,6.000,£2.49,,,,,,
3428,,metal glass hanging lantern with tealight(12)D,12.000,£1.99,,,,,,
3980,,USA Flag Teabag Holder (12) D,8.000,£0.69,,,,,,
3986,,Blue stripe Teabag Holder (12) D,6.000,£0.69,,,,,,
4365,,pack of 3 plastic plates neon,6.000,£0.99,,,,,,
4366,,pack of 2 ice cube trays neon,6.000,£0.99,,,,,,
4367,,plastic watering jug neon,6.000,£0.99,,,,,,
4368,,Large white heart tealight hldr,4.000,£0.99,,,,,,
4369,,muted pastel colours glass candle 4 assorted (12)d,12.000,£0.99,,,,,,
4370,,4 pk muted pastel tealights (pack of 4 = 1 unit),8.000,£0.99,,,,,,
4371,,oriental/blossom glass candle 2 ast,6.000,£0.99,,,,,,
4373,,wild flower small gift bag,6.000,£0.49,,,,,,
4375,,metal city skyline 4 hooks 42x15cm,4.000,£1.49,,,,,,
4377,,grn + pink cherry blossom glass photoframe,4.000,£1.49,,,,,,
4378,,grn/pink cherry blossom square t-light holdr,4.000,£1.29,,,,,,
4380,,plastic bulldog keyring neon,6.000,£0.99,,,,,,
4381,,plastic bird keyring neon,6.000,£0.99,,,,,,
4382,,plastic buddha keyring neon,6.000,£0.99,,,,,,
4383,,birdhouse photo clip-holder neon,4.000,£0.99,,,,,,
4385,,wire mesh candle holder with handle neon,6.000,£0.99,,,,,,
4386,,single metal number hook,6.000,£0.99,,,,,,
4387,,single letter metal hook,6.000,£0.99,,,,,,
4388,,pack 10 jumbo plastic cups,6.000,£0.99,,,,,,
4389,,butterfly t-light holder neon,8.000,£0.99,,,,,,
"Transfer # : 31,800 To Stock Point : LONG EATON - L50 - 4 On 20/01/2014  14:38:40",Stock Point : LONG EATON - L50 - 4,,,,,Jonathan Steers,54 High Street,Long Eaton,England,NG10 1LN
3425,,ceramic fragrance heart candles 3 ast,6.000,£2.49,,,,,,
3428,,metal glass hanging lantern with tealight(12)D,12.000,£1.99,,,,,,
3980,,USA Flag Teabag Holder (12) D,8.000,£0.69,,,,,,
3986,,Blue stripe Teabag Holder (12) D,6.000,£0.69,,,,,,
4365,,pack of 3 plastic plates neon,6.000,£0.99,,,,,,
4366,,pack of 2 ice cube trays neon,6.000,£0.99,,,,,,
4367,,plastic watering jug neon,6.000,£0.99,,,,,,
4368,,Large white heart tealight hldr,4.000,£0.99,,,,,,
4369,,muted pastel colours glass candle 4 assorted (12)d,12.000,£0.99,,,,,,
4370,,4 pk muted pastel tealights (pack of 4 = 1 unit),8.000,£0.99,,,,,,
4371,,oriental/blossom glass candle 2 ast,6.000,£0.99,,,,,,
4373,,wild flower small gift bag,6.000,£0.49,,,,,,
4375,,metal city skyline 4 hooks 42x15cm,4.000,£1.49,,,,,,
4377,,grn + pink cherry blossom glass photoframe,4.000,£1.49,,,,,,
4378,,grn/pink cherry blossom square t-light holdr,4.000,£1.29,,,,,,
4380,,plastic bulldog keyring neon,6.000,£0.99,,,,,,
4381,,plastic bird keyring neon,6.000,£0.99,,,,,,
4382,,plastic buddha keyring neon,6.000,£0.99,,,,,,
4383,,birdhouse photo clip-holder neon,4.000,£0.99,,,,,,
4385,,wire mesh candle holder with handle neon,6.000,£0.99,,,,,,
4386,,single metal number hook,6.000,£0.99,,,,,,
4387,,single letter metal hook,6.000,£0.99,,,,,,
4388,,pack 10 jumbo plastic cups,6.000,£0.99,,,,,,
4389,,butterfly t-light holder neon,8.000,£0.99,,,,,,
4393,,ornate magnet frame neon,4.000,£0.99,,,,,,
4394,,ornate frame neon 15x20cm,4.000,£0.99,,,,,,
"Transfer # : 31,801 To Stock Point : MACCLESFIELD - M50 - 0 On 20/01/2014  14:38:41",Stock Point : MACCLESFIELD - M50 - 0,,,,,The Manager,79 Mill Street, Macclesfield,England,SK11 6NN
3425,,ceramic fragrance heart candles 3 ast,12.000,£2.49,,,,,,
3428,,metal glass hanging lantern with tealight(12)D,12.000,£1.99,,,,,,
3980,,USA Flag Teabag Holder (12) D,8.000,£0.69,,,,,,
3986,,Blue stripe Teabag Holder (12) D,6.000,£0.69,,,,,,
4365,,pack of 3 plastic plates neon,4.000,£0.99,,,,,,
4366,,pack of 2 ice cube trays neon,4.000,£0.99,,,,,,
4367,,plastic watering jug neon,4.000,£0.99,,,,,,
4368,,Large white heart tealight hldr,6.000,£0.99,,,,,,
4369,,muted pastel colours glass candle 4 assorted (12)d,12.000,£0.99,,,,,,
4370,,4 pk muted pastel tealights (pack of 4 = 1 unit),6.000,£0.99,,,,,,
4371,,oriental/blossom glass candle 2 ast,6.000,£0.99,,,,,,
4373,,wild flower small gift bag,6.000,£0.49,,,,,,
4375,,metal city skyline 4 hooks 42x15cm,4.000,£1.49,,,,,,
4377,,grn + pink cherry blossom glass photoframe,6.000,£1.49,,,,,,
4378,,grn/pink cherry blossom square t-light holdr,6.000,£1.29,,,,,,
4379,,'love' / 'home' word sign neon,6.000,£2.99,,,,,,
4380,,plastic bulldog keyring neon,6.000,£0.99,,,,,,
4381,,plastic bird keyring neon,6.000,£0.99,,,,,,
4382,,plastic buddha keyring neon,6.000,£0.99,,,,,,
4383,,birdhouse photo clip-holder neon,6.000,£0.99,,,,,,
4384,,wire birdcage 6x4 photo frame neon,6.000,£1.99,,,,,,
4385,,wire mesh candle holder with handle neon,6.000,£0.99,,,,,,
4386,,single metal number hook,6.000,£0.99,,,,,,
4387,,single letter metal hook,6.000,£0.99,,,,,,
4389,,butterfly t-light holder neon,8.000,£0.99,,,,,,
4393,,ornate magnet frame neon,4.000,£0.99,,,,,,
4394,,ornate frame neon 15x20cm,4.000,£0.99,,,,,,
4395,,3 ast bluebell canvas 30x40cm (1 item=1 canvas),4.000,£2.99,,,,,,
4396,,cream cherry blossm canvas 2 ast designs 30x30cm,4.000,£2.99,,,,,,
"Transfer # : 31,802 To Stock Point : PERTH - P21 - 0 On 20/01/2014  14:38:42",Stock Point : PERTH - P21 - 0,,,,,Carol Devaney,43 South Street,Perth,Perthshire,PH2 8PD
3425,,ceramic fragrance heart candles 3 ast,12.000,£2.49,,,,,,
3980,,USA Flag Teabag Holder (12) D,8.000,£0.69,,,,,,
3986,,Blue stripe Teabag Holder (12) D,6.000,£0.69,,,,,,
4365,,pack of 3 plastic plates neon,4.000,£0.99,,,,,,
4366,,pack of 2 ice cube trays neon,4.000,£0.99,,,,,,
4367,,plastic watering jug neon,4.000,£0.99,,,,,,
4368,,Large white heart tealight hldr,6.000,£0.99,,,,,,
4369,,muted pastel colours glass candle 4 assorted (12)d,12.000,£0.99,,,,,,
4370,,4 pk muted pastel tealights (pack of 4 = 1 unit),6.000,£0.99,,,,,,
4371,,oriental/blossom glass candle 2 ast,6.000,£0.99,,,,,,
4373,,wild flower small gift bag,6.000,£0.49,,,,,,
4375,,metal city skyline 4 hooks 42x15cm,4.000,£1.49,,,,,,
4377,,grn + pink cherry blossom glass photoframe,6.000,£1.49,,,,,,
4378,,grn/pink cherry blossom square t-light holdr,6.000,£1.29,,,,,,
4379,,'love' / 'home' word sign neon,6.000,£2.99,,,,,,
4380,,plastic bulldog keyring neon,6.000,£0.99,,,,,,
4381,,plastic bird keyring neon,6.000,£0.99,,,,,,
4382,,plastic buddha keyring neon,6.000,£0.99,,,,,,
4383,,birdhouse photo clip-holder neon,6.000,£0.99,,,,,,
4384,,wire birdcage 6x4 photo frame neon,6.000,£1.99,,,,,,
4385,,wire mesh candle holder with handle neon,6.000,£0.99,,,,,,
4386,,single metal number hook,6.000,£0.99,,,,,,
4387,,single letter metal hook,6.000,£0.99,,,,,,
4389,,butterfly t-light holder neon,8.000,£0.99,,,,,,
4393,,ornate magnet frame neon,4.000,£0.99,,,,,,
4394,,ornate frame neon 15x20cm,4.000,£0.99,,,,,,
4395,,3 ast bluebell canvas 30x40cm (1 item=1 canvas),4.000,£2.99,,,,,,
4396,,cream cherry blossm canvas 2 ast designs 30x30cm,4.000,£2.99,,,,,,
"Transfer # : 31,803 To Stock Point : ST LEONARDS - S68 - 0 On 20/01/2014  14:38:42",Stock Point : ST LEONARDS - S68 - 0,,,,,Lynne Bourne,7 London Road,St Leonards/Sea,East Sussex,TN37 6AE
3425,,ceramic fragrance heart candles 3 ast,12.000,£2.49,,,,,,
3980,,USA Flag Teabag Holder (12) D,8.000,£0.69,,,,,,
3986,,Blue stripe Teabag Holder (12) D,6.000,£0.69,,,,,,
4365,,pack of 3 plastic plates neon,4.000,£0.99,,,,,,
4366,,pack of 2 ice cube trays neon,4.000,£0.99,,,,,,
4367,,plastic watering jug neon,4.000,£0.99,,,,,,
4368,,Large white heart tealight hldr,6.000,£0.99,,,,,,
4369,,muted pastel colours glass candle 4 assorted (12)d,12.000,£0.99,,,,,,
4370,,4 pk muted pastel tealights (pack of 4 = 1 unit),6.000,£0.99,,,,,,
4371,,oriental/blossom glass candle 2 ast,6.000,£0.99,,,,,,
4373,,wild flower small gift bag,6.000,£0.49,,,,,,
4375,,metal city skyline 4 hooks 42x15cm,4.000,£1.49,,,,,,
4377,,grn + pink cherry blossom glass photoframe,6.000,£1.49,,,,,,
4378,,grn/pink cherry blossom square t-light holdr,6.000,£1.29,,,,,,
4379,,'love' / 'home' word sign neon,6.000,£2.99,,,,,,
4380,,plastic bulldog keyring neon,6.000,£0.99,,,,,,
4381,,plastic bird keyring neon,6.000,£0.99,,,,,,
4382,,plastic buddha keyring neon,6.000,£0.99,,,,,,
4383,,birdhouse photo clip-holder neon,6.000,£0.99,,,,,,
4384,,wire birdcage 6x4 photo frame neon,6.000,£1.99,,,,,,
4385,,wire mesh candle holder with handle neon,6.000,£0.99,,,,,,
4386,,single metal number hook,6.000,£0.99,,,,,,
4387,,single letter metal hook,6.000,£0.99,,,,,,
4389,,butterfly t-light holder neon,8.000,£0.99,,,,,,
4393,,ornate magnet frame neon,4.000,£0.99,,,,,,
4394,,ornate frame neon 15x20cm,4.000,£0.99,,,,,,
4395,,3 ast bluebell canvas 30x40cm (1 item=1 canvas),4.000,£2.99,,,,,,
4396,,cream cherry blossm canvas 2 ast designs 30x30cm,4.000,£2.99,,,,,,
"Transfer # : 31,804 To Stock Point : STAFFORD - S70 - 4 On 20/01/2014  14:38:43",Stock Point : STAFFORD - S70 - 4,,,,,The Manager,30 Princes Street,Stafford,,ST16 2BT
3425,,ceramic fragrance heart candles 3 ast,6.000,£2.49,,,,,,
3980,,USA Flag Teabag Holder (12) D,8.000,£0.69,,,,,,
3986,,Blue stripe Teabag Holder (12) D,6.000,£0.69,,,,,,
4365,,pack of 3 plastic plates neon,6.000,£0.99,,,,,,
4366,,pack of 2 ice cube trays neon,6.000,£0.99,,,,,,
4367,,plastic watering jug neon,6.000,£0.99,,,,,,
4368,,Large white heart tealight hldr,4.000,£0.99,,,,,,
4369,,muted pastel colours glass candle 4 assorted (12)d,12.000,£0.99,,,,,,
4370,,4 pk muted pastel tealights (pack of 4 = 1 unit),6.000,£0.99,,,,,,
4371,,oriental/blossom glass candle 2 ast,6.000,£0.99,,,,,,
4373,,wild flower small gift bag,6.000,£0.49,,,,,,
4375,,metal city skyline 4 hooks 42x15cm,4.000,£1.49,,,,,,
4377,,grn + pink cherry blossom glass photoframe,4.000,£1.49,,,,,,
4378,,grn/pink cherry blossom square t-light holdr,4.000,£1.29,,,,,,
4380,,plastic bulldog keyring neon,6.000,£0.99,,,,,,
4381,,plastic bird keyring neon,6.000,£0.99,,,,,,
4382,,plastic buddha keyring neon,6.000,£0.99,,,,,,
4383,,birdhouse photo clip-holder neon,4.000,£0.99,,,,,,
4385,,wire mesh candle holder with handle neon,6.000,£0.99,,,,,,
4386,,single metal number hook,6.000,£0.99,,,,,,
4387,,single letter metal hook,6.000,£0.99,,,,,,
4389,,butterfly t-light holder neon,8.000,£0.99,,,,,,
4393,,ornate magnet frame neon,4.000,£0.99,,,,,,
4394,,ornate frame neon 15x20cm,4.000,£0.99,,,,,,
"Transfer # : 31,805 To Stock Point : URMSTON - U77 - 0 On 20/01/2014  14:38:43",Stock Point : URMSTON - U77 - 0,,,,,Christopher Mannering,64 Gloucester Road,Urmston,Manchester,M31 1AE
3425,,ceramic fragrance heart candles 3 ast,6.000,£2.49,,,,,,
3980,,USA Flag Teabag Holder (12) D,8.000,£0.69,,,,,,
3986,,Blue stripe Teabag Holder (12) D,6.000,£0.69,,,,,,
4365,,pack of 3 plastic plates neon,6.000,£0.99,,,,,,
4366,,pack of 2 ice cube trays neon,6.000,£0.99,,,,,,
4367,,plastic watering jug neon,6.000,£0.99,,,,,,
4368,,Large white heart tealight hldr,4.000,£0.99,,,,,,
4369,,muted pastel colours glass candle 4 assorted (12)d,12.000,£0.99,,,,,,
4370,,4 pk muted pastel tealights (pack of 4 = 1 unit),6.000,£0.99,,,,,,
4371,,oriental/blossom glass candle 2 ast,6.000,£0.99,,,,,,
4373,,wild flower small gift bag,6.000,£0.49,,,,,,
4375,,metal city skyline 4 hooks 42x15cm,4.000,£1.49,,,,,,
4377,,grn + pink cherry blossom glass photoframe,4.000,£1.49,,,,,,
4378,,grn/pink cherry blossom square t-light holdr,4.000,£1.29,,,,,,
4380,,plastic bulldog keyring neon,6.000,£0.99,,,,,,
4381,,plastic bird keyring neon,6.000,£0.99,,,,,,
4382,,plastic buddha keyring neon,6.000,£0.99,,,,,,
4383,,birdhouse photo clip-holder neon,4.000,£0.99,,,,,,
4385,,wire mesh candle holder with handle neon,6.000,£0.99,,,,,,
4386,,single metal number hook,6.000,£0.99,,,,,,
4387,,single letter metal hook,6.000,£0.99,,,,,,
4389,,butterfly t-light holder neon,8.000,£0.99,,,,,,
4393,,ornate magnet frame neon,4.000,£0.99,,,,,,
4394,,ornate frame neon 15x20cm,4.000,£0.99,,,,,,
"Transfer # : 31,806 To Stock Point : WAKEFIELD - W11 - 0 On 20/01/2014  14:38:44",Stock Point : WAKEFIELD - W11 - 0,,,,,Susan Booth,99 Kirkgate,Wakefield,West Yorks,WF1 1JG
3425,,ceramic fragrance heart candles 3 ast,6.000,£2.49,,,,,,
3980,,USA Flag Teabag Holder (12) D,8.000,£0.69,,,,,,
3986,,Blue stripe Teabag Holder (12) D,6.000,£0.69,,,,,,
4365,,pack of 3 plastic plates neon,6.000,£0.99,,,,,,
4366,,pack of 2 ice cube trays neon,6.000,£0.99,,,,,,
4367,,plastic watering jug neon,6.000,£0.99,,,,,,
4368,,Large white heart tealight hldr,4.000,£0.99,,,,,,
4369,,muted pastel colours glass candle 4 assorted (12)d,12.000,£0.99,,,,,,
4370,,4 pk muted pastel tealights (pack of 4 = 1 unit),6.000,£0.99,,,,,,
4371,,oriental/blossom glass candle 2 ast,6.000,£0.99,,,,,,
4373,,wild flower small gift bag,6.000,£0.49,,,,,,
4375,,metal city skyline 4 hooks 42x15cm,4.000,£1.49,,,,,,
4377,,grn + pink cherry blossom glass photoframe,4.000,£1.49,,,,,,
4378,,grn/pink cherry blossom square t-light holdr,4.000,£1.29,,,,,,
4380,,plastic bulldog keyring neon,6.000,£0.99,,,,,,
4381,,plastic bird keyring neon,6.000,£0.99,,,,,,
4382,,plastic buddha keyring neon,6.000,£0.99,,,,,,
4383,,birdhouse photo clip-holder neon,4.000,£0.99,,,,,,
4385,,wire mesh candle holder with handle neon,6.000,£0.99,,,,,,
4386,,single metal number hook,6.000,£0.99,,,,,,
4387,,single letter metal hook,6.000,£0.99,,,,,,
4389,,butterfly t-light holder neon,8.000,£0.99,,,,,,
4393,,ornate magnet frame neon,4.000,£0.99,,,,,,
4394,,ornate frame neon 15x20cm,4.000,£0.99,,,,,,
"Transfer # : 31,807 To Stock Point : WALLASEY (SEA) - W19 - 0 On 20/01/2014  14:38:44",Stock Point : WALLASEY (SEA) - W19 - 0,,,,,Anne Davies,64 Seaview Road,Wallasey,Wirral,CH45 4LB
3425,,ceramic fragrance heart candles 3 ast,6.000,£2.49,,,,,,
3428,,metal glass hanging lantern with tealight(12)D,12.000,£1.99,,,,,,
3980,,USA Flag Teabag Holder (12) D,8.000,£0.69,,,,,,
3986,,Blue stripe Teabag Holder (12) D,6.000,£0.69,,,,,,
4365,,pack of 3 plastic plates neon,6.000,£0.99,,,,,,
4366,,pack of 2 ice cube trays neon,6.000,£0.99,,,,,,
4367,,plastic watering jug neon,6.000,£0.99,,,,,,
4368,,Large white heart tealight hldr,4.000,£0.99,,,,,,
4369,,muted pastel colours glass candle 4 assorted (12)d,12.000,£0.99,,,,,,
4370,,4 pk muted pastel tealights (pack of 4 = 1 unit),8.000,£0.99,,,,,,
4371,,oriental/blossom glass candle 2 ast,6.000,£0.99,,,,,,
4373,,wild flower small gift bag,6.000,£0.49,,,,,,
4375,,metal city skyline 4 hooks 42x15cm,4.000,£1.49,,,,,,
4377,,grn + pink cherry blossom glass photoframe,4.000,£1.49,,,,,,
4378,,grn/pink cherry blossom square t-light holdr,4.000,£1.29,,,,,,
4380,,plastic bulldog keyring neon,6.000,£0.99,,,,,,
4381,,plastic bird keyring neon,6.000,£0.99,,,,,,
4382,,plastic buddha keyring neon,6.000,£0.99,,,,,,
4383,,birdhouse photo clip-holder neon,4.000,£0.99,,,,,,
4385,,wire mesh candle holder with handle neon,6.000,£0.99,,,,,,
4386,,single metal number hook,6.000,£0.99,,,,,,
4387,,single letter metal hook,6.000,£0.99,,,,,,
4389,,butterfly t-light holder neon,8.000,£0.99,,,,,,
4393,,ornate magnet frame neon,4.000,£0.99,,,,,,
4394,,ornate frame neon 15x20cm,4.000,£0.99,,,,,,
"Transfer # : 31,808 To Stock Point : WORKSOP - W74 - 0 On 20/01/2014  14:38:45",Stock Point : WORKSOP - W74 - 0,,,,,Helen Morton,6/8 Gateford Road,Worksop,Notts,S80 1EB
3425,,ceramic fragrance heart candles 3 ast,6.000,£2.49,,,,,,
3980,,USA Flag Teabag Holder (12) D,8.000,£0.69,,,,,,
3986,,Blue stripe Teabag Holder (12) D,6.000,£0.69,,,,,,
4365,,pack of 3 plastic plates neon,6.000,£0.99,,,,,,
4366,,pack of 2 ice cube trays neon,6.000,£0.99,,,,,,
4367,,plastic watering jug neon,6.000,£0.99,,,,,,
4368,,Large white heart tealight hldr,4.000,£0.99,,,,,,
4369,,muted pastel colours glass candle 4 assorted (12)d,12.000,£0.99,,,,,,
4370,,4 pk muted pastel tealights (pack of 4 = 1 unit),6.000,£0.99,,,,,,
4371,,oriental/blossom glass candle 2 ast,6.000,£0.99,,,,,,
4373,,wild flower small gift bag,6.000,£0.49,,,,,,
4375,,metal city skyline 4 hooks 42x15cm,4.000,£1.49,,,,,,
4377,,grn + pink cherry blossom glass photoframe,4.000,£1.49,,,,,,
4378,,grn/pink cherry blossom square t-light holdr,4.000,£1.29,,,,,,
4380,,plastic bulldog keyring neon,6.000,£0.99,,,,,,
4381,,plastic bird keyring neon,6.000,£0.99,,,,,,
4382,,plastic buddha keyring neon,6.000,£0.99,,,,,,
4383,,birdhouse photo clip-holder neon,4.000,£0.99,,,,,,
4385,,wire mesh candle holder with handle neon,6.000,£0.99,,,,,,
4386,,single metal number hook,6.000,£0.99,,,,,,
4387,,single letter metal hook,6.000,£0.99,,,,,,
4389,,butterfly t-light holder neon,8.000,£0.99,,,,,,
4393,,ornate magnet frame neon,4.000,£0.99,,,,,,
4394,,ornate frame neon 15x20cm,4.000,£0.99,,,,,,
